/* Generated by scripts/gen_ui_fonts.sh — do not edit.
 *
 * ne_font_22: 22px, 4bpp, LVGL format. Source: BeVietnamPro-SemiBold.ttf from Be Vietnam Pro
 * (https://github.com/google/fonts/tree/main/ofl/bevietnampro), copyright 2021
 * The Be Vietnam Pro Project Authors, SIL Open Font License 1.1
 * (LICENSES/OFL-1.1.txt; NOTICE section A.5). Verified 2026-09-26,
 * file SHA-256 bd8e27eb02720b9d91e59e4f10a90878643219f25ce6a8d9a4f06a8a88d3bb71. Glyph ranges: fonts/ranges.txt.
 *
 * The OFL asks that the font not be sold by itself and that Modified Versions
 * keep the reserved font names; this bitmap subset is used inside NeuroEdge
 * and is not the font software. Regenerate with: bash scripts/gen_ui_fonts.sh
 */
#ifdef LV_LVGL_H_INCLUDE_SIMPLE
#include "lvgl.h"
#else
#include "lvgl/lvgl.h"
#endif

#ifndef NE_FONT_22
#define NE_FONT_22 1
#endif

#if NE_FONT_22

/*-----------------
 *    BITMAPS
 *----------------*/

/*Store the image of the glyphs*/
static LV_ATTRIBUTE_LARGE_CONST const uint8_t glyph_bitmap[] = {
    /* U+0020 " " */

    /* U+0021 "!" */
    0xf, 0xf8, 0x3, 0xff, 0x8a, 0x20, 0x1e, 0x10,
    0xf, 0x8c, 0xc, 0x3, 0xe1, 0x1, 0x0, 0xf9,
    0x4d, 0x40, 0x13, 0x12, 0x0, 0xdb, 0xd0, 0x12,
    0x2, 0x11, 0x30, 0x30, 0x80,

    /* U+0022 "\"" */
    0x7f, 0xe0, 0xff, 0x3f, 0x82, 0x80, 0x48, 0x20,
    0x62, 0x0, 0x33, 0x6, 0x18, 0x18, 0x19, 0x28,
    0x12, 0x0,

    /* U+0023 "#" */
    0x0, 0xe6, 0xff, 0x8, 0x2, 0xff, 0x0, 0x3f,
    0x78, 0x10, 0x80, 0x10, 0x10, 0x3, 0xf2, 0x3,
    0x80, 0xc, 0x1, 0x80, 0x18, 0xa2, 0x22, 0x1,
    0x88, 0x80, 0x1b, 0x10, 0x10, 0x57, 0x78, 0x0,
    0x8e, 0xe4, 0x0, 0x33, 0xb8, 0x1, 0xa0, 0x1f,
    0xfc, 0x12, 0x10, 0xaf, 0xf2, 0x81, 0xff, 0xc0,
    0x8, 0xff, 0x68, 0x7, 0x38, 0x28, 0x0, 0xc0,
    0x6, 0x1, 0xf8, 0x83, 0x80, 0xa, 0x0, 0x50,
    0xc, 0x91, 0x9, 0x0, 0x6c, 0x42, 0x80, 0x13,
    0x10, 0x0, 0x73, 0xb9, 0x80, 0xa, 0xee, 0x30,
    0x3, 0xb9, 0x40, 0xe, 0x1, 0xff, 0xc1, 0x70,
    0x6, 0xff, 0x88, 0x17, 0xfd, 0xa0, 0xa, 0xff,
    0x50, 0x7, 0x10, 0x68, 0x1, 0x0, 0x8, 0x1,
    0xf1, 0x80, 0x10, 0x1, 0xe0, 0x22, 0x0, 0xf9,
    0x0, 0x6, 0x0, 0x50, 0x50, 0xf, 0x0,

    /* U+0024 "$" */
    0x0, 0xf3, 0x61, 0x0, 0x7f, 0xdc, 0x62, 0x1,
    0xfc, 0x92, 0xc1, 0xf0, 0x20, 0x1c, 0x39, 0x6c,
    0x20, 0x6f, 0xca, 0x1, 0xb4, 0xc0, 0x8c, 0x8,
    0x1, 0x48, 0x0, 0x43, 0x4, 0xd4, 0xe, 0xa0,
    0x4, 0x0, 0x30, 0x1, 0xe0, 0x19, 0x4c, 0xc,
    0x43, 0xc0, 0x4, 0x1, 0xd9, 0xdc, 0x10, 0x30,
    0x4, 0xb8, 0x80, 0x61, 0x10, 0x1, 0x14, 0x1,
    0xc, 0x12, 0xa0, 0x1e, 0xa8, 0x10, 0x9, 0x6b,
    0x9c, 0x3, 0x9f, 0xac, 0xc0, 0x21, 0x89, 0x0,
    0xf2, 0x20, 0x2e, 0x0, 0xc, 0x20, 0xaa, 0x40,
    0xc, 0xee, 0x60, 0x2, 0x5, 0xd5, 0x88, 0x7,
    0x70, 0x6, 0x70, 0x4, 0x0, 0x61, 0xa0, 0x3,
    0x85, 0x80, 0x1b, 0x10, 0x27, 0xc8, 0x14, 0x80,
    0xa8, 0x0, 0x66, 0x5, 0x10, 0x4a, 0x0, 0x97,
    0x58, 0x80, 0x23, 0xab, 0x0, 0xe2, 0x9d, 0x70,
    0xcc, 0x28, 0x7, 0xff, 0x14,

    /* U+0025 "%" */
    0x5, 0xcf, 0xea, 0x10, 0xd, 0x1f, 0xc0, 0x12,
    0xd1, 0x88, 0x97, 0x0, 0x22, 0x70, 0xb0, 0xb,
    0x82, 0x7b, 0xcc, 0x90, 0x1, 0x0, 0x6a, 0x1,
    0xdc, 0x4, 0x20, 0x11, 0xa8, 0x78, 0x6, 0xf0,
    0x7f, 0xd2, 0x34, 0xf, 0x5, 0x30, 0xc, 0x98,
    0xa4, 0x6f, 0x80, 0xa6, 0x10, 0x1, 0xe3, 0xad,
    0xc8, 0x0, 0x40, 0x31, 0x0, 0x7f, 0xf0, 0x1c,
    0x86, 0x0, 0x3f, 0xf8, 0x3, 0x21, 0x22, 0x1,
    0xff, 0xc0, 0x81, 0x27, 0x7, 0xcd, 0xa2, 0x0,
    0xf1, 0x30, 0x40, 0x5c, 0x19, 0x2e, 0x90, 0x7,
    0x40, 0x1a, 0x9a, 0x6, 0x72, 0x5, 0x80, 0x63,
    0x50, 0xf0, 0x60, 0x53, 0x1f, 0x5, 0x0, 0xde,
    0xa, 0x60, 0xc0, 0xe0, 0x2, 0x6, 0x0, 0x94,
    0xc2, 0xc0, 0x6, 0x62, 0xdb, 0x90, 0x90, 0xa,
    0xc1, 0xc4, 0x2, 0xd6, 0x34, 0x3b, 0x30,

    /* U+0026 "&" */
    0x0, 0x97, 0x3f, 0xd6, 0x80, 0x1f, 0xa2, 0x8c,
    0x0, 0x96, 0xc0, 0x1e, 0x17, 0x4, 0xdc, 0x20,
    0x80, 0xf, 0x10, 0x3, 0xc8, 0xec, 0x4, 0x3,
    0xc4, 0x0, 0xc0, 0x6, 0x81, 0x80, 0x78, 0x50,
    0x1d, 0xd6, 0x81, 0xe0, 0x1f, 0x50, 0x2, 0x10,
    0xb0, 0xc1, 0x54, 0x20, 0x1, 0xb0, 0xd, 0x6,
    0x3, 0x54, 0x50, 0x6, 0xa8, 0x30, 0x2, 0x8c,
    0xc, 0x0, 0xe0, 0xe6, 0x13, 0x2a, 0x0, 0x61,
    0xa0, 0x0, 0xc3, 0x0, 0x58, 0x16, 0x40, 0x1b,
    0x40, 0x40, 0x6, 0x0, 0xe6, 0x70, 0x13, 0xa,
    0x0, 0x38, 0xb, 0x0, 0x50, 0xa0, 0x12, 0x80,
    0x24, 0x1, 0x34, 0xcc, 0x95, 0x0, 0xa4, 0x0,
    0x72, 0x0, 0x59, 0x93, 0x0, 0x4, 0x12, 0x40,
    0xd, 0xac, 0x40, 0x2, 0x6d, 0xc0, 0x3, 0x38,

    /* U+0027 "'" */
    0x7f, 0xe0, 0xf0, 0x50, 0x10, 0x30, 0x30, 0xc0,
    0x32, 0x50,

    /* U+0028 "(" */
    0x0, 0xf8, 0x94, 0x3, 0x8a, 0xf6, 0x80, 0x32,
    0x6a, 0x0, 0x71, 0xd8, 0x0, 0xa8, 0x2, 0xd0,
    0x2, 0xea, 0x80, 0x1c, 0x40, 0xa8, 0x3, 0x48,
    0x3, 0x80, 0x32, 0x8, 0x19, 0x80, 0x36, 0x80,
    0x2c, 0x3, 0x94, 0x0, 0x80, 0x1c, 0x40, 0x2,
    0x0, 0xe1, 0x0, 0x8, 0x7, 0xff, 0x8, 0x40,
    0x3f, 0x18, 0x0, 0x80, 0x39, 0xc0, 0x8, 0x1,
    0xd8, 0x0, 0xc0, 0xe, 0x70, 0x2, 0x88, 0x6,
    0x15, 0x0, 0x58, 0x7, 0x40, 0x1, 0x58, 0x3,
    0x14, 0x0, 0x26, 0x4, 0x2, 0x76, 0x0, 0x3f,
    0x0, 0x69, 0x80, 0xf, 0xcf, 0xd0, 0xa0,

    /* U+0029 ")" */
    0x15, 0x10, 0xf, 0x1d, 0x75, 0x8, 0x7, 0xcb,
    0xe6, 0x1, 0x14, 0x88, 0xe, 0x10, 0x4, 0xdc,
    0x60, 0xe, 0x0, 0xed, 0x10, 0x35, 0x0, 0xc3,
    0x0, 0x8, 0x0, 0xe6, 0x10, 0x22, 0x0, 0x73,
    0x80, 0x14, 0x3, 0xb0, 0x1, 0xa0, 0x1c, 0xc0,
    0x6, 0x0, 0xe2, 0x0, 0x8, 0x7, 0xff, 0x8,
    0xc0, 0x2, 0x1, 0xcc, 0x0, 0x70, 0xe, 0xc0,
    0x1, 0x80, 0x72, 0x80, 0x30, 0x3, 0x19, 0x0,
    0xa0, 0x6, 0xf0, 0x3, 0x0, 0x68, 0x30, 0x4,
    0x80, 0x6, 0x5c, 0x1, 0x42, 0x3, 0xcc, 0x0,
    0x85, 0x0, 0x18, 0x0, 0x69, 0xc0, 0x23, 0x59,
    0xe5, 0x0, 0xc0,

    /* U+002A "*" */
    0x0, 0xcf, 0xf4, 0x1, 0xfe, 0x30, 0xe, 0x77,
    0x10, 0x4, 0x2d, 0x0, 0x9, 0x8d, 0x90, 0x7e,
    0x97, 0x10, 0x93, 0x1, 0x1, 0x3, 0x80, 0x3,
    0xe5, 0x0, 0x4f, 0x8e, 0x20, 0x1, 0xb0, 0x30,
    0x73, 0x0, 0xd4, 0x27, 0x8a, 0x1c, 0x1, 0xa4,
    0xf8, 0x2c, 0xe4, 0x3, 0x16, 0x10, 0xe, 0x20,
    0x0,

    /* U+002B "+" */
    0x0, 0x8b, 0xfc, 0x60, 0x1f, 0xfc, 0xb6, 0xff,
    0x68, 0x3, 0x3f, 0xce, 0x1, 0xfe, 0x49, 0x94,
    0x0, 0x22, 0x64, 0xa4, 0xcc, 0x50, 0x2, 0x33,
    0x8, 0x3, 0xff, 0x88, 0x20, 0x10,

    /* U+002C "," */
    0x0, 0x29, 0x80, 0x32, 0xb1, 0x0, 0xc0, 0x6,
    0x10, 0x0, 0x40, 0x74, 0x41, 0x82, 0xa4, 0x80,
    0x2e, 0x48, 0x0,

    /* U+002D "-" */
    0x26, 0x6f, 0x91, 0x13, 0x3f, 0x40, 0x7, 0xf0,

    /* U+002E "." */
    0x2, 0x62, 0x1, 0xc9, 0xd1, 0x31, 0x0, 0x19,
    0x30, 0x31, 0x0,

    /* U+002F "/" */
    0x0, 0xfd, 0x7f, 0xc0, 0x1f, 0x85, 0x1, 0xc0,
    0x3f, 0x38, 0x2, 0x80, 0x3f, 0x50, 0x9, 0x80,
    0x7c, 0x26, 0xc, 0x1, 0xf9, 0x80, 0x16, 0x1,
    0xfa, 0xc0, 0x8c, 0x3, 0xe2, 0x30, 0xa0, 0xf,
    0xd4, 0x0, 0x50, 0xf, 0xca, 0x6, 0x40, 0x1f,
    0x19, 0x5, 0x80, 0x7e, 0xb0, 0x3, 0x0, 0x7e,
    0x60, 0x31, 0x0, 0xf8, 0xc4, 0x28, 0x3, 0xf5,
    0x0, 0x1c, 0x3, 0xf3, 0x82, 0x8, 0x7, 0xc8,
    0x21, 0xc0, 0x1f, 0xb8, 0x0, 0xa0, 0x1f, 0x94,
    0x14, 0x3, 0xf2, 0x80, 0x3c, 0x3, 0xf7, 0x80,
    0x14, 0x3, 0xf2, 0x82, 0x80, 0x7e,

    /* U+0030 "0" */
    0x0, 0xc5, 0x3d, 0xfd, 0x68, 0x1, 0xf3, 0xeb,
    0x8, 0xa, 0x5d, 0x0, 0x72, 0xc0, 0x0, 0x4c,
    0x40, 0xb, 0x20, 0x1a, 0xc0, 0xd, 0xd9, 0xd2,
    0x0, 0x63, 0x0, 0x30, 0x81, 0xc8, 0x4, 0xcc,
    0x0, 0x50, 0x3, 0x40, 0x14, 0x1, 0xd6, 0x0,
    0x70, 0x2, 0x80, 0x10, 0x3, 0x88, 0x0, 0x22,
    0x1, 0x0, 0x18, 0x7, 0x88, 0x0, 0x40, 0x1f,
    0xfc, 0x41, 0x0, 0x18, 0x7, 0x88, 0x0, 0x40,
    0xa0, 0x4, 0x0, 0xe2, 0x0, 0x8, 0x83, 0x40,
    0x14, 0x1, 0xd6, 0x0, 0x40, 0x3, 0x8, 0x1c,
    0x80, 0x4c, 0xc0, 0x4, 0x80, 0x56, 0x0, 0x6e,
    0xbd, 0x90, 0x3, 0x18, 0x4, 0xb0, 0x0, 0x14,
    0x20, 0x2, 0xc8, 0x7, 0x3e, 0x28, 0x80, 0xa5,
    0xd0, 0x4,

    /* U+0031 "1" */
    0x0, 0xc9, 0xfe, 0x0, 0xc, 0x58, 0x5, 0x7c,
    0xe0, 0x10, 0xa0, 0x7, 0xe, 0x64, 0x1, 0x8c,
    0xe0, 0xf, 0xff, 0xe8,

    /* U+0032 "2" */
    0x0, 0x9b, 0x3f, 0xdb, 0x24, 0x1, 0xd9, 0x26,
    0x0, 0x26, 0xd5, 0x0, 0xa4, 0xc0, 0x8, 0xa2,
    0x0, 0xa3, 0x2, 0x60, 0x1d, 0xba, 0xe3, 0x0,
    0x48, 0x28, 0x2, 0x48, 0x2, 0xf0, 0x3, 0x81,
    0x3b, 0x94, 0x3, 0x8, 0x0, 0x41, 0x62, 0x4,
    0x1, 0x90, 0x0, 0xa0, 0x1f, 0x8a, 0x0, 0x16,
    0x1, 0xf1, 0x60, 0x84, 0x90, 0x7, 0x93, 0x44,
    0x21, 0x80, 0x3c, 0xf6, 0x0, 0xa7, 0x0, 0xf5,
    0x40, 0xe, 0x28, 0x7, 0xe, 0x28, 0x1f, 0x98,
    0x7, 0x16, 0x18, 0x1, 0xae, 0xab, 0x86, 0x88,
    0x2, 0x55, 0xf8, 0xc0, 0x3f, 0xf8, 0x20,

    /* U+0033 "3" */
    0x0, 0x9b, 0x3b, 0xfa, 0x94, 0x3, 0xb2, 0x4c,
    0x40, 0x56, 0xac, 0x2, 0xa3, 0x1, 0x67, 0x50,
    0x2, 0x48, 0xa, 0x81, 0x7c, 0xc5, 0x60, 0x1,
    0x80, 0xd5, 0x50, 0x20, 0x11, 0x80, 0x62, 0xaa,
    0x28, 0x4, 0x52, 0x0, 0x70, 0xe, 0x9f, 0xf6,
    0xb0, 0x34, 0x0, 0x7f, 0x8b, 0x40, 0x3d, 0x55,
    0x40, 0x95, 0xb0, 0x7, 0x1a, 0xa9, 0xfc, 0x1,
    0x22, 0x6a, 0xa1, 0x0, 0xc2, 0x80, 0x5, 0x4a,
    0xa2, 0x0, 0x73, 0x80, 0x48, 0x0, 0x81, 0x0,
    0x94, 0xc0, 0xa, 0x68, 0x5, 0xf3, 0x17, 0x40,
    0x6, 0x10, 0xa3, 0x1, 0x67, 0x40, 0x2, 0xc8,
    0x0, 0x72, 0x4c, 0x40, 0x56, 0xe8, 0x0,

    /* U+0034 "4" */
    0x0, 0xf1, 0x7f, 0xdc, 0x1, 0xfd, 0xe0, 0x1f,
    0xfc, 0x9, 0x20, 0xf, 0xf9, 0x58, 0xc, 0x3,
    0xf8, 0x6c, 0x7, 0x80, 0x3f, 0xb4, 0x42, 0x8c,
    0x3, 0xf4, 0x18, 0x3a, 0x0, 0x7e, 0x37, 0x3,
    0x80, 0xf, 0xc3, 0xa0, 0xe, 0x0, 0xfe, 0xb1,
    0xa, 0x20, 0xf, 0xe5, 0x0, 0x57, 0xfd, 0xc0,
    0x1, 0xff, 0x40, 0x7, 0xff, 0x9, 0xdf, 0xe6,
    0x0, 0x9d, 0xd9, 0x11, 0xf8, 0x0, 0x31, 0x4,
    0x0, 0xff, 0xe8, 0x0,

    /* U+0035 "5" */
    0x0, 0x7f, 0xff, 0x30, 0x0, 0x80, 0x3f, 0xf8,
    0xe, 0x0, 0x55, 0xf8, 0x80, 0x4, 0x0, 0xaa,
    0xf9, 0x0, 0x1a, 0x4, 0x4, 0x88, 0x20, 0xe,
    0x60, 0x6a, 0xdb, 0xb6, 0xe1, 0x0, 0x46, 0x8,
    0xa0, 0x18, 0xf4, 0x80, 0x40, 0x25, 0xdf, 0xc3,
    0x0, 0x70, 0x12, 0x21, 0xa8, 0x80, 0xf0, 0x40,
    0xce, 0xbb, 0x48, 0x7, 0x30, 0x1, 0x48, 0xcc,
    0x1, 0xef, 0x0, 0xd, 0x66, 0x14, 0x3, 0xb4,
    0x0, 0x54, 0x0, 0x81, 0x0, 0x91, 0x40, 0x8,
    0x4a, 0x5, 0xf3, 0x15, 0x60, 0x8, 0x10, 0xa3,
    0x1, 0x67, 0x50, 0x3, 0x38, 0x5, 0x92, 0x62,
    0x2, 0xb7, 0x20, 0x0,

    /* U+0036 "6" */
    0x0, 0xe5, 0xae, 0xff, 0x72, 0x80, 0x63, 0xda,
    0x51, 0x0, 0x9, 0x0, 0x47, 0x84, 0x0, 0x24,
    0x41, 0x88, 0x0, 0x74, 0x0, 0x9b, 0xab, 0xb6,
    0x30, 0x2, 0x44, 0x1a, 0xc8, 0x3, 0xe7, 0x1,
    0xba, 0xef, 0xea, 0x20, 0x2, 0x0, 0xb, 0x14,
    0x40, 0x57, 0x50, 0xc, 0x0, 0x62, 0x93, 0x4,
    0x0, 0xa1, 0xf0, 0x9, 0xed, 0x9f, 0x4c, 0x5,
    0x80, 0x34, 0x0, 0x68, 0x0, 0x67, 0x0, 0x4,
    0x3, 0x98, 0x0, 0xea, 0x0, 0x10, 0xe, 0x60,
    0x3, 0x19, 0x80, 0x14, 0x1, 0xc, 0x80, 0x30,
    0x3c, 0x0, 0xbb, 0x32, 0xf2, 0x2, 0x60, 0x3a,
    0x0, 0x13, 0x30, 0x40, 0xbc, 0x2, 0x5d, 0x62,
    0x0, 0x1c, 0x69, 0x0,

    /* U+0037 "7" */
    0x1f, 0xff, 0xfa, 0x0, 0x3f, 0xf8, 0x22, 0xab,
    0xf8, 0x2, 0xc0, 0xaa, 0xfb, 0x40, 0x12, 0x80,
    0x1f, 0x1c, 0x2, 0xb0, 0x7, 0xee, 0x1, 0xb0,
    0xf, 0xd0, 0x41, 0x2, 0x1, 0xf0, 0xb8, 0x13,
    0x0, 0x7e, 0x90, 0x5, 0x80, 0x7f, 0x38, 0xb,
    0x0, 0x7e, 0x50, 0x3, 0x80, 0x7f, 0x78, 0x3,
    0x40, 0x3f, 0x90, 0x0, 0x80, 0x1f, 0x88, 0x40,
    0x80, 0x3f, 0x98, 0x0, 0xc0, 0x1f, 0xc2, 0x0,
    0x20, 0xf, 0x0,

    /* U+0038 "8" */
    0x0, 0xb, 0xe7, 0x7f, 0x51, 0x80, 0x63, 0xf8,
    0x31, 0x1, 0x5c, 0x80, 0xb, 0x44, 0x12, 0x69,
    0xc0, 0xe, 0x80, 0x82, 0x9, 0x6c, 0xb1, 0x60,
    0xe, 0x1, 0x0, 0x10, 0x6, 0x60, 0x0, 0x83,
    0x80, 0x19, 0x82, 0x7, 0xc0, 0x3, 0x2, 0x80,
    0x4, 0xf7, 0xe1, 0x81, 0x48, 0x1, 0xe8, 0x3,
    0xc9, 0xa2, 0x0, 0x5a, 0x5, 0xbb, 0x40, 0xa5,
    0x80, 0xe, 0x81, 0xe9, 0x10, 0xf8, 0x9, 0x41,
    0x20, 0x9, 0x0, 0xc4, 0x80, 0xa2, 0x20, 0x1,
    0x80, 0x73, 0x80, 0xc, 0x80, 0x10, 0x1, 0x90,
    0xc0, 0x5, 0x40, 0x5, 0xc7, 0x69, 0xb0, 0x3,
    0x1, 0xd0, 0x0, 0xe2, 0x58, 0x0, 0x92, 0x0,
    0x5e, 0x72, 0x0, 0xa, 0xdd, 0x80, 0x0,

    /* U+0039 "9" */
    0x0, 0x9b, 0x3b, 0xfa, 0x90, 0x3, 0xe, 0x49,
    0x88, 0xa, 0xdc, 0x80, 0x54, 0x60, 0x5, 0x74,
    0x0, 0x33, 0x81, 0xa0, 0xe, 0xd4, 0x5d, 0x0,
    0x20, 0x50, 0x1, 0x24, 0x1, 0x2a, 0x0, 0x1f,
    0xc0, 0x2, 0x1, 0xc2, 0x0, 0xce, 0x0, 0x60,
    0x7, 0x20, 0x1, 0x9c, 0x0, 0xb2, 0x40, 0x78,
    0x20, 0x10, 0xc8, 0x1, 0xb7, 0xf0, 0xc8, 0x0,
    0xe0, 0xd2, 0x20, 0x19, 0x94, 0x0, 0x60, 0x6,
    0xec, 0xab, 0xe9, 0x60, 0x5, 0x80, 0x63, 0x54,
    0x19, 0x10, 0x33, 0x0, 0x78, 0x69, 0x80, 0x1e,
    0x0, 0x2d, 0xbb, 0x6f, 0x28, 0x2, 0xc, 0x0,
    0x24, 0x88, 0x20, 0xa, 0x9c, 0x2, 0x12, 0x0,
    0xa, 0x47, 0x28, 0x4,

    /* U+003A ":" */
    0x9, 0xf9, 0x2, 0x60, 0x62, 0x30, 0x8, 0xc7,
    0x63, 0x44, 0x9, 0xc8, 0x3, 0xff, 0x8a, 0x4c,
    0x40, 0x39, 0x3a, 0x26, 0x20, 0x3, 0x26, 0x6,
    0x20,

    /* U+003B ";" */
    0x7, 0xfb, 0x0, 0x40, 0x22, 0x81, 0x0, 0x1c,
    0x32, 0x70, 0x80, 0x58, 0xc0, 0x3f, 0xf8, 0xcc,
    0x60, 0xc, 0x9c, 0x40, 0x30, 0x1, 0x84, 0x0,
    0x10, 0x1d, 0x10, 0x60, 0xa9, 0x20, 0xb, 0x92,
    0x0,

    /* U+003C "<" */
    0x0, 0xfe, 0x40, 0xf, 0xb, 0xf4, 0x80, 0x62,
    0x9e, 0x81, 0x0, 0x8e, 0xb5, 0x80, 0x5f, 0xb,
    0x30, 0xa0, 0x53, 0xd0, 0x2e, 0x60, 0x7, 0xd6,
    0x0, 0x9c, 0xc0, 0xf, 0xac, 0x1, 0x16, 0x61,
    0x40, 0xa7, 0xa0, 0x40, 0x7, 0x5a, 0xc0, 0x2f,
    0x80, 0x18, 0xa7, 0xa0, 0x40, 0x3e, 0x17, 0xe9,

    /* U+003D "=" */
    0x37, 0x7f, 0xf2, 0xaa, 0x23, 0xfd, 0x20, 0x1f,
    0xfc, 0x6, 0xff, 0xff, 0x60, 0x7, 0xff, 0x0,
    0xdd, 0xff, 0xca, 0xa8, 0x8f, 0xf4, 0x80, 0x7f,
    0xf0, 0x0,

    /* U+003E ">" */
    0x22, 0x0, 0x7e, 0x7d, 0xb4, 0x0, 0xfc, 0x97,
    0x8a, 0x1, 0x96, 0x90, 0xe, 0xb9, 0xc0, 0x25,
    0xbd, 0x60, 0x18, 0xe7, 0x0, 0x8a, 0x74, 0x80,
    0x68, 0x2, 0x29, 0xd2, 0x1, 0xa0, 0x5b, 0xd6,
    0x1, 0x8e, 0x75, 0xa4, 0x3, 0xae, 0x70, 0xc,
    0x97, 0x8a, 0x1, 0x9f, 0x6d, 0x0, 0x3c,

    /* U+003F "?" */
    0x0, 0x14, 0xef, 0xf5, 0xb0, 0x6, 0x5d, 0x62,
    0x1, 0x49, 0xc0, 0x1, 0x50, 0x0, 0x94, 0xc0,
    0x7, 0x21, 0x60, 0x6, 0xda, 0xca, 0x0, 0x30,
    0x28, 0x2, 0x0, 0x25, 0x10, 0x1, 0x76, 0x60,
    0x40, 0x21, 0x10, 0x0, 0x88, 0x66, 0x0, 0x87,
    0x40, 0xe, 0x1, 0xe2, 0xc3, 0x4, 0x80, 0xe,
    0x2c, 0x20, 0x6b, 0x0, 0xf4, 0x88, 0x3c, 0x80,
    0x7c, 0xa0, 0x8, 0x0, 0xfd, 0x57, 0x60, 0xf,
    0xe4, 0x5, 0x0, 0xfe, 0xdb, 0xc0, 0xf, 0xe2,
    0x2, 0x20, 0x7, 0xe6, 0x6, 0x20, 0xc,

    /* U+0040 "@" */
    0x0, 0xf0, 0xb5, 0x6f, 0x7f, 0x64, 0x18, 0x7,
    0xfc, 0xfd, 0x2a, 0x42, 0x2, 0x6f, 0x98, 0x30,
    0xf, 0x87, 0x20, 0x0, 0xb3, 0x79, 0x70, 0x60,
    0x78, 0xe0, 0x1e, 0xd3, 0x5, 0xea, 0x64, 0x34,
    0x7c, 0xc1, 0x84, 0x30, 0x6, 0x83, 0x8, 0xa0,
    0x9e, 0xfc, 0x3c, 0xf8, 0xc4, 0x9, 0x20, 0x0,
    0xb8, 0x2b, 0x86, 0xb0, 0x81, 0xe1, 0x0, 0x54,
    0x21, 0x0, 0x6, 0x0, 0x40, 0x31, 0x81, 0xe6,
    0x8, 0x40, 0x21, 0x90, 0x50, 0x5, 0x81, 0x90,
    0x68, 0x3, 0x4c, 0xde, 0x1, 0xca, 0x0, 0x20,
    0x20, 0x40, 0x3, 0x1, 0x88, 0x0, 0x84, 0x3,
    0x18, 0x1, 0x80, 0x43, 0xc0, 0x3f, 0xe7, 0x0,
    0xf8, 0x43, 0xc0, 0xe, 0x6, 0x20, 0x3, 0x10,
    0x30, 0x1, 0x0, 0x14, 0x8, 0xc, 0x1, 0xe0,
    0xd, 0x34, 0xe0, 0xa, 0xf, 0xc0, 0xc4, 0x10,
    0x10, 0x41, 0x50, 0xf, 0x2c, 0xa4, 0x41, 0xf0,
    0xc3, 0xc0, 0x14, 0x0, 0xb0, 0x5, 0xb8, 0x81,
    0x53, 0x62, 0x0, 0x13, 0xc, 0x0, 0x4c, 0xa,
    0xe0, 0x8, 0xef, 0xd5, 0x2, 0xbf, 0xf5, 0x98,
    0x6, 0x92, 0x8, 0xa1, 0x0, 0xfc, 0x60, 0x1f,
    0xb0, 0xc1, 0x7a, 0xdd, 0x51, 0x5e, 0xff, 0x40,
    0x3f, 0xe, 0x38, 0x1, 0x22, 0xae, 0xa1, 0x0,
    0x4c, 0x3, 0xfa, 0x3a, 0x54, 0x84, 0x0, 0x4b,
    0x3c, 0x60, 0x18,

    /* U+0041 "A" */
    0x0, 0xf6, 0x7f, 0xce, 0x1, 0xfe, 0x23, 0x0,
    0xac, 0x3, 0xfd, 0x40, 0x18, 0xc8, 0x3, 0xf9,
    0x40, 0xa, 0x0, 0xa0, 0xf, 0xc6, 0x40, 0x50,
    0x0, 0x50, 0xf, 0xd6, 0x0, 0xa2, 0x30, 0x23,
    0x0, 0xf9, 0x80, 0xa, 0x16, 0x0, 0xa0, 0xf,
    0x20, 0x81, 0x90, 0x30, 0x1, 0xc0, 0x3d, 0xa0,
    0xb, 0x0, 0x9, 0x80, 0xa0, 0x7, 0x38, 0x1,
    0x80, 0x2a, 0x0, 0x68, 0x6, 0x41, 0x0, 0x77,
    0xfd, 0x20, 0x6, 0x0, 0xdc, 0x1, 0xff, 0x28,
    0x4, 0xa0, 0x5, 0x5f, 0x20, 0x3, 0xc0, 0xa,
    0x0, 0x3a, 0xaf, 0x80, 0xa, 0x0, 0xe0, 0x5,
    0x0, 0x78, 0x50, 0x0, 0xc2, 0x80, 0x7, 0x0,
    0xfb, 0x40, 0x1a,

    /* U+0042 "B" */
    0x6f, 0xff, 0xba, 0xd4, 0x3, 0xfe, 0x14, 0xa9,
    0x0, 0xe2, 0x66, 0xc4, 0x0, 0x64, 0x0, 0xc9,
    0x33, 0xb5, 0x40, 0x18, 0x1, 0xfe, 0xf0, 0x0,
    0x80, 0x7f, 0xb4, 0x1, 0x80, 0x18, 0x95, 0x74,
    0xb8, 0x2a, 0x80, 0x32, 0x55, 0x66, 0x6, 0xa0,
    0xf, 0xfe, 0x3, 0x58, 0x80, 0x66, 0xff, 0xda,
    0xa0, 0x94, 0x1, 0xfc, 0x54, 0x20, 0x84, 0x1,
    0xfe, 0x20, 0x0, 0x80, 0x7f, 0x19, 0x80, 0x2,
    0x1, 0x24, 0xce, 0xbc, 0x0, 0x19, 0x0, 0x44,
    0xcd, 0x90, 0x0, 0x3c, 0x1, 0xfe, 0x27, 0xf2,
    0x0,

    /* U+0043 "C" */
    0x0, 0xe4, 0xad, 0xff, 0x6d, 0x20, 0x7, 0xc3,
    0x96, 0xa4, 0x0, 0x25, 0xbb, 0x0, 0x70, 0xe1,
    0x80, 0x4, 0xcc, 0x20, 0x4, 0xc0, 0xd, 0x44,
    0x0, 0xae, 0xcc, 0x75, 0x0, 0xd, 0x40, 0x8,
    0x80, 0x6, 0x28, 0x6, 0x5a, 0x0, 0x40, 0x3,
    0x80, 0xc, 0x60, 0x1e, 0x56, 0x54, 0x0, 0x38,
    0x3, 0x40, 0x3f, 0x4d, 0x48, 0x0, 0x80, 0xa,
    0x1, 0xff, 0xd2, 0x20, 0x2, 0x80, 0x7f, 0xf0,
    0x5c, 0x1, 0xa0, 0x1f, 0xa6, 0xa8, 0x0, 0xe0,
    0x3, 0x18, 0x7, 0x95, 0x95, 0xc0, 0x8, 0x80,
    0x6, 0x28, 0x6, 0x5a, 0x0, 0x40, 0x5, 0x44,
    0x0, 0xae, 0xcc, 0x75, 0x0, 0x11, 0x40, 0x21,
    0xc3, 0x0, 0x9, 0x98, 0x40, 0x9, 0x60, 0x1c,
    0x39, 0x6a, 0x40, 0x2, 0x5b, 0xb0, 0x4,

    /* U+0044 "D" */
    0x6f, 0xff, 0x76, 0x38, 0x7, 0xff, 0x0, 0x4e,
    0x39, 0x0, 0x3c, 0x4a, 0xb1, 0x80, 0x6, 0xd4,
    0x3, 0x92, 0xaa, 0xcd, 0x40, 0x5, 0x8, 0x7,
    0xf1, 0x59, 0x80, 0x20, 0x3, 0xfe, 0xf0, 0x3,
    0x0, 0x7f, 0xc6, 0x40, 0x3, 0x0, 0xff, 0x98,
    0x0, 0xc0, 0x1f, 0xfc, 0xe6, 0x0, 0x30, 0x7,
    0xf8, 0xc8, 0x0, 0x60, 0x1f, 0xef, 0x0, 0x30,
    0x7, 0xf1, 0x61, 0x80, 0x2c, 0x3, 0x25, 0x52,
    0xf7, 0x46, 0x0, 0xa2, 0x0, 0xc4, 0xaa, 0x42,
    0x0, 0xd, 0xa8, 0x7, 0xf0, 0x9c, 0x72, 0x0,
    0x40,

    /* U+0045 "E" */
    0x6f, 0xff, 0xf4, 0x0, 0x7f, 0xf0, 0xc9, 0x57,
    0xed, 0x0, 0x92, 0xab, 0xe5, 0x0, 0xff, 0xe7,
    0xa4, 0xcf, 0x90, 0x3, 0x13, 0x37, 0xb0, 0x3,
    0xff, 0x88, 0xdf, 0xfe, 0x80, 0xf, 0xfe, 0xe2,
    0x55, 0x7c, 0xc0, 0x11, 0x2a, 0xfd, 0xe0, 0x1f,
    0xfc, 0x0,

    /* U+0046 "F" */
    0x6f, 0xff, 0xf5, 0x80, 0x7f, 0xf0, 0xc9, 0x57,
    0xec, 0x0, 0x92, 0xab, 0xe7, 0x0, 0xff, 0xed,
    0xb7, 0xff, 0xb0, 0x3, 0xff, 0x88, 0x4c, 0xde,
    0xa0, 0xc, 0x93, 0x3e, 0x60, 0xf, 0xff, 0x88,

    /* U+0047 "G" */
    0x0, 0xe4, 0x9d, 0xff, 0x75, 0xb0, 0x7, 0xc3,
    0x76, 0x62, 0x0, 0xa, 0x4e, 0x90, 0x6, 0x1c,
    0x40, 0x0, 0x9a, 0x10, 0x0, 0xb0, 0x40, 0x2a,
    0x20, 0x4, 0xf6, 0x5e, 0xe8, 0x80, 0x60, 0x0,
    0x68, 0x0, 0xc6, 0x0, 0xc5, 0xe0, 0x6, 0x0,
    0x50, 0x1, 0x8c, 0x3, 0xc5, 0xbb, 0x0, 0x10,
    0x1, 0x40, 0x1f, 0x88, 0xa0, 0x1, 0x0, 0x8,
    0x3, 0x7f, 0xfc, 0xc0, 0x1f, 0xfc, 0x43, 0x2,
    0x0, 0x28, 0x6, 0x99, 0xc6, 0x0, 0x10, 0x70,
    0x6, 0x80, 0x66, 0x6c, 0x1, 0x30, 0x70, 0x1,
    0x90, 0x3, 0xc8, 0x60, 0x64, 0x8, 0x80, 0x5,
    0xb0, 0x6, 0x4a, 0x0, 0x50, 0x5, 0x42, 0x0,
    0x9e, 0xcb, 0xdb, 0x10, 0x56, 0x0, 0x87, 0xcc,
    0x0, 0x26, 0x84, 0x0, 0x6a, 0x0, 0xe1, 0xcb,
    0x52, 0x0, 0x13, 0x64, 0x80, 0x40,

    /* U+0048 "H" */
    0x6f, 0xf4, 0x80, 0x7a, 0xbf, 0xca, 0x1, 0xff,
    0xfd, 0x4a, 0xaf, 0x38, 0x7, 0x89, 0x57, 0xc4,
    0x1, 0xff, 0xc8, 0x6f, 0xff, 0x28, 0x7, 0xff,
    0xfc, 0x3, 0xff, 0x80,

    /* U+0049 "I" */
    0x6f, 0xf4, 0x80, 0x7f, 0xfc, 0x0,

    /* U+004A "J" */
    0x0, 0xf7, 0xfc, 0x1, 0xff, 0xff, 0x0, 0xff,
    0xe9, 0x90, 0x0, 0x40, 0x38, 0x64, 0x0, 0xe0,
    0x35, 0x4b, 0xe4, 0x0, 0x58, 0x1a, 0xa9, 0x0,
    0x29, 0x20, 0x31, 0x0, 0x13, 0x63, 0x0, 0x0,

    /* U+004B "K" */
    0x6f, 0xf4, 0x80, 0x75, 0x7f, 0xb8, 0x80, 0x3f,
    0x42, 0x80, 0x34, 0x80, 0x3e, 0x77, 0x0, 0x2c,
    0xc0, 0x3e, 0x58, 0x0, 0x52, 0x0, 0x7c, 0x94,
    0x0, 0x95, 0x0, 0xf8, 0xec, 0x1, 0xc, 0x1,
    0xf1, 0x68, 0x1, 0xdc, 0x1, 0xf9, 0x4, 0x12,
    0x0, 0x3f, 0xf8, 0x8, 0x60, 0x1f, 0xcc, 0x80,
    0xd, 0x20, 0xf, 0xeb, 0x30, 0x1f, 0x10, 0xf,
    0xed, 0x10, 0x2d, 0x0, 0xfe, 0x1c, 0x0, 0x1d,
    0x80, 0x7f, 0x15, 0x80, 0x12, 0x40, 0x3f, 0x92,
    0x80, 0xc, 0xe0, 0x1f, 0xcb, 0x0, 0x8, 0x50,

    /* U+004C "L" */
    0x6f, 0xf4, 0x80, 0x7f, 0xff, 0xc0, 0x3f, 0xff,
    0xe0, 0x1c, 0x95, 0x5f, 0x30, 0x4, 0x4a, 0xbf,
    0x60, 0x7, 0xff, 0x0,

    /* U+004D "M" */
    0x6f, 0xfb, 0x0, 0x3e, 0x7f, 0xfa, 0xc0, 0x31,
    0xa0, 0x7, 0xa4, 0x3, 0xfb, 0xc0, 0x39, 0x84,
    0x3, 0xf9, 0xc, 0x3, 0x58, 0x7, 0xe1, 0x0,
    0x48, 0x4, 0xa4, 0x2, 0x1, 0xe7, 0x10, 0x52,
    0x0, 0x40, 0x2, 0x40, 0x3c, 0x32, 0x0, 0xb0,
    0x52, 0x3, 0x40, 0xf, 0x9c, 0x41, 0x86, 0x40,
    0x10, 0x1, 0xfd, 0x20, 0xd, 0x30, 0x34, 0x0,
    0xfe, 0x60, 0x1, 0x80, 0x20, 0x3, 0xfc, 0x2e,
    0x1, 0x1a, 0x0, 0x7f, 0xd2, 0x1, 0x48, 0x7,
    0xff, 0x0, 0x7b, 0x74, 0xa0, 0x1f, 0xfc, 0x11,
    0x22, 0x0, 0x7f, 0xf7, 0x40,

    /* U+004E "N" */
    0x6f, 0xf5, 0x0, 0x78, 0xff, 0xd8, 0x1, 0x2a,
    0x80, 0x3f, 0xf8, 0x36, 0x20, 0x1f, 0xfc, 0x1,
    0xa0, 0xf, 0xfe, 0xa, 0x30, 0x7, 0xf8, 0x80,
    0x12, 0x40, 0x1f, 0xca, 0xa0, 0x7, 0x0, 0x7f,
    0xa8, 0x40, 0xdc, 0x3, 0xfd, 0xa0, 0x8, 0x30,
    0xf, 0xe3, 0x70, 0x7, 0x0, 0x7f, 0xa0, 0xc0,
    0xa0, 0x3, 0xfd, 0xc0, 0x4, 0x0, 0xff, 0x14,
    0x80, 0x7f, 0xf0, 0x59, 0x0, 0x3f, 0xf8, 0x34,
    0x20, 0x1f, 0xfc, 0x1, 0xb0, 0x8,

    /* U+004F "O" */
    0x0, 0xe3, 0x9d, 0xff, 0x6d, 0x28, 0x7, 0xe1,
    0xbc, 0x62, 0x0, 0x12, 0xd6, 0x10, 0x7, 0xe,
    0x20, 0x4, 0x46, 0x20, 0x3, 0xc2, 0x0, 0xd6,
    0x40, 0x8, 0xfd, 0xce, 0xa1, 0x1, 0xf0, 0x8,
    0xd4, 0x1, 0x6e, 0x1, 0x97, 0x0, 0x4, 0xc0,
    0xa, 0x0, 0x2a, 0x0, 0x78, 0xa0, 0x1, 0x60,
    0x4, 0x0, 0x70, 0x7, 0xe6, 0x0, 0x10, 0x81,
    0x0, 0x14, 0x3, 0xf0, 0x88, 0x0, 0x60, 0x1f,
    0xfc, 0x72, 0x0, 0x28, 0x7, 0xe1, 0x10, 0x0,
    0xc1, 0x0, 0x1c, 0x1, 0xf9, 0x80, 0x6, 0x21,
    0x40, 0x5, 0x40, 0xf, 0x14, 0x0, 0x28, 0x0,
    0x6a, 0x0, 0xb6, 0x0, 0xcb, 0x80, 0x2, 0x60,
    0xa, 0xc8, 0x1, 0x3f, 0x98, 0xea, 0x10, 0x1f,
    0x0, 0xc3, 0x88, 0x1, 0x19, 0x84, 0x0, 0x58,
    0x40, 0x1c, 0x37, 0x66, 0x20, 0x0, 0xad, 0x69,
    0x0, 0x40,

    /* U+0050 "P" */
    0x6f, 0xff, 0xb6, 0x4, 0x3, 0xfc, 0x4f, 0xe6,
    0x1, 0x89, 0x56, 0x40, 0x0, 0xe8, 0x80, 0x49,
    0x55, 0x5f, 0x10, 0xb, 0x0, 0x7e, 0x19, 0x0,
    0x58, 0x7, 0xf3, 0x0, 0x4, 0x3, 0xf9, 0x40,
    0xe, 0x1, 0xf9, 0xa0, 0x1, 0xe0, 0x13, 0x7f,
    0xe9, 0x0, 0x22, 0x80, 0x7f, 0x96, 0xc0, 0x31,
    0x2a, 0xcd, 0x1b, 0x40, 0x1c, 0x95, 0x54, 0xb9,
    0x0, 0x7f, 0xfa, 0xc0,

    /* U+0051 "Q" */
    0x0, 0xe3, 0x9d, 0xff, 0x6d, 0x28, 0x7, 0xe1,
    0xbc, 0x62, 0x0, 0x12, 0xd6, 0x90, 0x7, 0xe,
    0x20, 0x4, 0x46, 0x20, 0x2, 0xc3, 0x0, 0xd6,
    0x40, 0x8, 0xfd, 0xce, 0xa1, 0x1, 0xe0, 0x8,
    0xd4, 0x1, 0x6e, 0x1, 0x97, 0x0, 0x4, 0xe0,
    0xa, 0x0, 0x2a, 0x0, 0x78, 0xa0, 0x1, 0x40,
    0x4, 0x0, 0x70, 0x7, 0xe6, 0x0, 0x10, 0x81,
    0x0, 0x14, 0x3, 0xf0, 0x88, 0x0, 0x60, 0x1f,
    0xe1, 0x0, 0xfc, 0x40, 0x5, 0x0, 0xc9, 0xf0,
    0x2, 0x20, 0x1, 0x2, 0x0, 0x38, 0x3, 0x40,
    0xbc, 0x30, 0x0, 0xc0, 0x14, 0x0, 0x54, 0x0,
    0xb4, 0xc1, 0xe0, 0x1, 0x20, 0x3, 0x50, 0x5,
    0xb0, 0x0, 0x74, 0x40, 0x23, 0x50, 0xa, 0xc8,
    0x1, 0x3f, 0x98, 0xf1, 0x0, 0x90, 0x3, 0xe,
    0x20, 0x4, 0x66, 0x10, 0xc, 0xea, 0x1, 0x86,
    0xec, 0xc4, 0x0, 0x15, 0xbd, 0x0, 0x51, 0x80,

    /* U+0052 "R" */
    0x6f, 0xff, 0xb6, 0x4, 0x3, 0xfc, 0x4f, 0xe4,
    0x1, 0x89, 0x56, 0x40, 0x0, 0xf8, 0x6, 0x4a,
    0xaa, 0xf4, 0x40, 0x90, 0x3, 0xf1, 0x38, 0x0,
    0x80, 0x3f, 0x88, 0x0, 0x60, 0x1f, 0xc, 0x20,
    0x1, 0x0, 0x26, 0xff, 0xb9, 0xc0, 0x10, 0x20,
    0x1f, 0xc3, 0x2e, 0x1, 0x8e, 0x20, 0x40, 0x8,
    0x60, 0xe, 0x57, 0x74, 0x80, 0x20, 0x3, 0xf9,
    0xc, 0x6, 0x0, 0x3f, 0xbc, 0x0, 0xe2, 0x1,
    0xf8, 0xd0, 0x1, 0x0, 0x1f, 0xd2, 0x0, 0x62,
    0x0, 0xfc, 0x4a, 0x0, 0x80,

    /* U+0053 "S" */
    0x0, 0x8a, 0x77, 0xfd, 0xd4, 0x60, 0x1c, 0xba,
    0xc4, 0x0, 0x15, 0xc6, 0x0, 0x8a, 0x80, 0x4,
    0xcc, 0x30, 0x4, 0xa0, 0x1, 0x40, 0xb, 0xb3,
    0x2c, 0x80, 0x7, 0x80, 0x38, 0x1, 0xe0, 0x19,
    0xd9, 0x48, 0x0, 0x20, 0xe, 0x10, 0xd, 0x35,
    0x20, 0xa, 0x0, 0x27, 0x5b, 0xa0, 0x7, 0x8a,
    0xc4, 0x0, 0x91, 0x7f, 0x66, 0x1, 0x93, 0xa9,
    0x44, 0x2, 0x4c, 0x60, 0xe, 0x5a, 0xed, 0xa4,
    0x0, 0x49, 0x0, 0x8c, 0x1, 0x12, 0xda, 0x80,
    0x14, 0x3f, 0xb8, 0x60, 0x1d, 0xa0, 0xf, 0x6,
    0x0, 0x78, 0x80, 0x43, 0x40, 0xd, 0x9, 0x10,
    0x3e, 0xa9, 0xae, 0x20, 0x15, 0x1, 0xd1, 0x0,
    0x2b, 0x28, 0x0, 0x70, 0x2, 0x3f, 0x83, 0x0,
    0x9, 0xc7, 0x10, 0x0,

    /* U+0054 "T" */
    0x1f, 0xff, 0xfe, 0x7, 0x0, 0x7f, 0xf0, 0x85,
    0x57, 0x80, 0x25, 0x5c, 0xe1, 0x55, 0xac, 0x0,
    0x35, 0x5a, 0x40, 0x3f, 0xff, 0xe0, 0x1f, 0xff,
    0xf0, 0xf, 0xfe, 0x30,

    /* U+0055 "U" */
    0x6f, 0xf4, 0x80, 0x79, 0xbf, 0xd0, 0x1, 0xff,
    0xff, 0x0, 0xff, 0xf3, 0x98, 0x0, 0x80, 0x3d,
    0xc0, 0xf, 0x60, 0x2, 0x8, 0x7, 0x28, 0x0,
    0x8c, 0x40, 0x1a, 0x40, 0x1, 0xa2, 0x0, 0x28,
    0x58, 0x0, 0xf7, 0xba, 0x50, 0x4, 0x0, 0x16,
    0x0, 0x21, 0x10, 0x4, 0xce, 0x1, 0x3e, 0xb1,
    0x0, 0x9, 0xb2, 0x40, 0x0,

    /* U+0056 "V" */
    0x5f, 0xf6, 0x0, 0x7e, 0xaf, 0xf3, 0xa8, 0x0,
    0xc4, 0x3, 0xe5, 0x0, 0x30, 0x28, 0x1, 0x80,
    0x3c, 0xa0, 0x4, 0x10, 0xe0, 0x5, 0x80, 0x7b,
    0x80, 0x1a, 0x0, 0x41, 0x3, 0x20, 0xc, 0x28,
    0x0, 0x70, 0x9, 0xc0, 0xa, 0x1, 0x9c, 0x0,
    0xa2, 0x1, 0x50, 0x2, 0x80, 0x36, 0x80, 0x3c,
    0x3, 0x18, 0x81, 0x10, 0x0, 0x28, 0x0, 0x50,
    0xe, 0x60, 0x5, 0x0, 0x1c, 0x0, 0xa0, 0x1e,
    0xb0, 0x2, 0x80, 0x28, 0x1, 0xc0, 0x1e, 0x32,
    0x2, 0x31, 0x30, 0x14, 0x0, 0xfa, 0x80, 0x16,
    0xc0, 0x7, 0x0, 0xfc, 0xa0, 0x5, 0xb0, 0x5,
    0x0, 0x7e, 0x23, 0x2, 0x30, 0x23, 0x0, 0xfe,
    0xa0, 0xc, 0xa0, 0x1f, 0xe7, 0x0, 0xd4, 0x1,
    0xc0,

    /* U+0057 "W" */
    0x2f, 0xf6, 0x80, 0x71, 0xff, 0xc2, 0x1, 0xdf,
    0xf0, 0x10, 0x81, 0x8, 0x6, 0x40, 0x9, 0x0,
    0x31, 0x80, 0xc, 0x0, 0x80, 0x4, 0x0, 0xd8,
    0x1, 0x60, 0x6, 0x40, 0x2, 0x0, 0x30, 0x1,
    0x80, 0x19, 0x0, 0x27, 0x0, 0xd8, 0x0, 0xb0,
    0x2, 0x0, 0x10, 0x2, 0x40, 0xc, 0x24, 0x1,
    0x20, 0x0, 0xc0, 0x4, 0x40, 0x21, 0x0, 0x60,
    0x0, 0xc0, 0x8, 0x0, 0x30, 0x2, 0x0, 0x64,
    0x0, 0x20, 0x1, 0x0, 0x10, 0x0, 0xc0, 0x2,
    0x0, 0x30, 0x3, 0x60, 0x3, 0x0, 0x4c, 0xd,
    0x4, 0x10, 0x1, 0x80, 0x4, 0x0, 0xc8, 0x0,
    0x40, 0x40, 0x2, 0x2, 0x0, 0x98, 0x20, 0x0,
    0xc0, 0x30, 0x90, 0x10, 0xe0, 0x3, 0x3, 0x0,
    0x8, 0x60, 0x4, 0x0, 0xf2, 0x0, 0x11, 0x0,
    0x4, 0x4, 0x0, 0x62, 0x0, 0x30, 0x3, 0xd8,
    0x0, 0xe2, 0x4, 0x0, 0x10, 0x82, 0x58, 0x1,
    0x40, 0x3c, 0x80, 0x4, 0x0, 0x60, 0x4, 0xe0,
    0x3, 0x1, 0x20, 0xf, 0x9, 0x80, 0x64, 0x0,
    0xb0, 0x3, 0x20, 0x7, 0xe4, 0x0, 0xc6, 0x1,
    0x20, 0x6, 0xc0, 0xf, 0xd8, 0x1, 0x20, 0x6,
    0x12, 0x0, 0x90, 0x3, 0x0,

    /* U+0058 "X" */
    0x8f, 0xf7, 0x8, 0x7, 0x3f, 0xfc, 0x50, 0x20,
    0x30, 0x1, 0x86, 0x0, 0x10, 0x41, 0x40, 0x6,
    0x30, 0xa, 0xc0, 0x6, 0xe0, 0x4, 0x50, 0x7,
    0x0, 0x11, 0x40, 0x1e, 0x1, 0xac, 0x40, 0x9c,
    0x24, 0x0, 0xe6, 0x1, 0x86, 0x0, 0x11, 0x24,
    0x5, 0x0, 0x1e, 0x64, 0x0, 0x30, 0x3, 0x80,
    0x3f, 0x48, 0x6, 0x63, 0x0, 0xff, 0xe5, 0xc8,
    0x6, 0x64, 0x0, 0xf9, 0x90, 0x0, 0xc0, 0x9,
    0x0, 0xf0, 0xc0, 0x2, 0x24, 0x80, 0xa0, 0x3,
    0xac, 0x40, 0x9c, 0x24, 0x0, 0xe6, 0x1, 0x22,
    0x80, 0x38, 0x0, 0x8a, 0x0, 0xf0, 0xa, 0x80,
    0xc, 0x60, 0x15, 0x80, 0xd, 0xc2, 0x4, 0x6,
    0x0, 0x30, 0xc8, 0x2, 0x8,

    /* U+0059 "Y" */
    0x3f, 0xf8, 0x40, 0x3d, 0x5f, 0xea, 0x35, 0x0,
    0x48, 0x7, 0x12, 0x80, 0x20, 0x20, 0x0, 0xe2,
    0x1, 0xa0, 0x0, 0xe4, 0x4, 0xc0, 0x8, 0x0,
    0x8d, 0x40, 0x64, 0x2, 0x80, 0x3, 0x10, 0x2,
    0x0, 0x12, 0x20, 0x10, 0xc0, 0x2, 0x1, 0x10,
    0x2, 0xe0, 0x1c, 0xe2, 0xa, 0x70, 0x0, 0xb0,
    0xf, 0xa0, 0x1, 0xa6, 0x6, 0xa0, 0x1f, 0x31,
    0x0, 0x80, 0x20, 0x3, 0xfa, 0x40, 0x24, 0x40,
    0x7, 0xf2, 0x10, 0x3, 0xc0, 0x3f, 0xe1, 0x0,
    0x38, 0x7, 0xff, 0xd4,

    /* U+005A "Z" */
    0xdf, 0xff, 0xf9, 0x80, 0x3f, 0xf8, 0x2a, 0xbf,
    0x88, 0x2, 0x48, 0xaa, 0xf4, 0x10, 0x2, 0x48,
    0x3, 0xee, 0x0, 0x2b, 0x0, 0x7d, 0x26, 0x5,
    0x40, 0x1f, 0x2b, 0x0, 0x3c, 0x3, 0xe2, 0xa0,
    0x4, 0x90, 0x7, 0xdc, 0x0, 0x56, 0x0, 0xfa,
    0x4c, 0xa, 0x80, 0x3e, 0x56, 0x0, 0x78, 0x7,
    0xc5, 0x40, 0xa, 0x20, 0xf, 0xb8, 0x0, 0xca,
    0x1, 0xf4, 0x18, 0x0, 0xea, 0xbe, 0x45, 0x0,
    0x95, 0x7f, 0x10, 0x7, 0xff, 0x4,

    /* U+005B "[" */
    0x38, 0x8f, 0x3a, 0xbb, 0xfa, 0x80, 0x3f, 0xe6,
    0xff, 0xb4, 0x3, 0xff, 0xfe, 0x1, 0xff, 0xf4,
    0x58, 0x89, 0xc0, 0x23, 0x77, 0xa8, 0x3, 0xf0,

    /* U+005C "\\" */
    0x9f, 0xf0, 0x80, 0x7d, 0xa0, 0x7, 0x0, 0xf9,
    0x4, 0x28, 0x3, 0xf3, 0x81, 0x88, 0x7, 0xd4,
    0x0, 0x60, 0xf, 0x8c, 0x82, 0xc0, 0x3f, 0x28,
    0x19, 0x0, 0x7d, 0x40, 0xa, 0x0, 0xf8, 0x88,
    0xa, 0x1, 0xfa, 0x80, 0x8c, 0x3, 0xe5, 0x0,
    0x58, 0x7, 0xc4, 0x60, 0xc0, 0x1f, 0xa8, 0x4,
    0xc0, 0x3e, 0x70, 0x5, 0x0, 0x7c, 0x28, 0xe,
    0x1, 0xfb, 0x40, 0x50, 0x3, 0xe7, 0x0, 0x68,
    0x7, 0xc2, 0x80, 0xc0, 0x1f, 0xb8, 0x0, 0xa0,
    0x1f, 0x28, 0x3, 0xc0, 0x3f, 0x28, 0x28, 0x7,
    0xee, 0x0, 0x28,

    /* U+005D "]" */
    0x8, 0x8f, 0x84, 0x4e, 0xff, 0x18, 0x7, 0xf0,
    0xff, 0xe2, 0x0, 0xff, 0xff, 0x80, 0x7f, 0xff,
    0xc0, 0x3e, 0x88, 0xc6, 0x1, 0xb, 0xbe, 0x10,
    0xf, 0xfe, 0x0,

    /* U+005E "^" */
    0x0, 0xf, 0x7f, 0x84, 0x3, 0x50, 0x88, 0x34,
    0x2, 0x64, 0x1f, 0x23, 0x70, 0x29, 0xa, 0x1e,
    0x8, 0x20,

    /* U+005F "_" */
    0x1, 0x1f, 0xf0, 0x37, 0x77, 0xf9, 0x80, 0x3f,
    0xf8, 0x0,

    /* U+0060 "`" */
    0x2f, 0xf4, 0x0, 0x9, 0x81, 0xc0, 0x28, 0x10,
    0x70, 0x0, 0xc0, 0x48, 0x0,

    /* U+0061 "a" */
    0x0, 0x15, 0x77, 0xeb, 0x87, 0xfc, 0x7, 0xaa,
    0x20, 0x51, 0x40, 0x1b, 0x80, 0x2, 0xf0, 0x6a,
    0x1, 0x29, 0x0, 0xfc, 0x3e, 0x20, 0x5, 0xe0,
    0x9, 0x10, 0xa, 0x0, 0x26, 0x0, 0x20, 0x6,
    0x30, 0xf, 0x8, 0x7, 0xe6, 0x0, 0x38, 0x6,
    0x20, 0xb, 0xc0, 0x12, 0x1, 0xac, 0x2, 0x52,
    0x3, 0xc4, 0x44, 0xb0, 0x6, 0xe0, 0x1, 0xdd,
    0x98, 0xc0, 0x31, 0xea, 0x88, 0x13, 0xe0, 0x4,

    /* U+0062 "b" */
    0x6f, 0xf4, 0x0, 0x7f, 0xfd, 0x4a, 0xbb, 0xf5,
    0xc0, 0x3c, 0x58, 0xa2, 0x5, 0x16, 0x1, 0xca,
    0x2d, 0xa, 0x0, 0x47, 0x0, 0xeb, 0x97, 0xa9,
    0x0, 0x48, 0x6, 0x44, 0x0, 0x4c, 0x40, 0x26,
    0x1, 0x18, 0x7, 0x38, 0x1, 0x80, 0x3f, 0xf8,
    0x86, 0x1, 0xce, 0x0, 0x60, 0x9, 0x10, 0x1,
    0x31, 0x0, 0x98, 0x6, 0xb9, 0x7a, 0x90, 0x4,
    0x80, 0x65, 0x16, 0x85, 0x0, 0x23, 0x80, 0x62,
    0xc5, 0x10, 0x28, 0xb0, 0x0,

    /* U+0063 "c" */
    0x0, 0x9f, 0x3f, 0xdb, 0x22, 0x1, 0xe, 0xc1,
    0x80, 0x9, 0xbc, 0xc0, 0x1a, 0x40, 0x31, 0x28,
    0x3, 0xc0, 0x86, 0x5, 0xee, 0xd6, 0xc0, 0x49,
    0xc0, 0x8, 0x10, 0xa, 0x2a, 0x8c, 0xc0, 0x3,
    0x80, 0x61, 0x55, 0x10, 0x7, 0xff, 0x1, 0x80,
    0xe, 0x1, 0x85, 0x54, 0x5c, 0x0, 0x81, 0x0,
    0xa2, 0xa8, 0xc8, 0x60, 0x58, 0xed, 0x6c, 0x4,
    0x81, 0xa4, 0x5, 0x12, 0x80, 0x3c, 0x0, 0x1d,
    0x83, 0x0, 0x13, 0x79, 0x80,

    /* U+0064 "d" */
    0x0, 0xfe, 0xff, 0x80, 0x3f, 0xfc, 0xc5, 0x5d,
    0xfa, 0xe0, 0x1c, 0x7a, 0xa2, 0x5, 0x14, 0x1,
    0xb8, 0x0, 0x2f, 0x6, 0xa0, 0x12, 0x90, 0xf,
    0xc3, 0xe2, 0x0, 0x5e, 0x0, 0x81, 0x0, 0xa4,
    0x2, 0x60, 0x2, 0x80, 0x62, 0x0, 0xff, 0xe1,
    0xb0, 0x1, 0x40, 0x31, 0x80, 0x5e, 0x0, 0x81,
    0x0, 0xa0, 0x2, 0x52, 0x1, 0xf8, 0x7c, 0x40,
    0xd, 0xc0, 0x1, 0x78, 0x35, 0x0, 0xc7, 0xaa,
    0x20, 0x51, 0x40, 0x10,

    /* U+0065 "e" */
    0x0, 0xc, 0x6f, 0xf5, 0xa8, 0x6, 0x2f, 0x72,
    0x1, 0x4a, 0x90, 0xb, 0x84, 0x16, 0xa4, 0x81,
    0x94, 0x14, 0xc1, 0x69, 0x5b, 0x4, 0x24, 0x3c,
    0x1, 0xc0, 0x10, 0xa0, 0x18, 0xb0, 0x2, 0xff,
    0xf2, 0x80, 0xc, 0x3, 0xfe, 0x16, 0x0, 0x5f,
    0xff, 0xc7, 0xe0, 0xf, 0x0, 0xd5, 0xb8, 0xa,
    0x60, 0x98, 0xcc, 0xb5, 0x26, 0x0, 0x69, 0x1,
    0xcc, 0x90, 0xa, 0xc0, 0x3, 0xb0, 0x40, 0x2,
    0x7d, 0x10,

    /* U+0066 "f" */
    0x0, 0xcf, 0xbf, 0xc4, 0x1, 0x44, 0x8, 0x4,
    0x40, 0x13, 0x80, 0x22, 0xc8, 0x0, 0x60, 0x4,
    0x74, 0x10, 0x3, 0x80, 0x4, 0x2, 0x2f, 0xb0,
    0x2, 0xff, 0x88, 0x3, 0xf8, 0xa5, 0xc0, 0x7,
    0x32, 0x20, 0x6c, 0x0, 0x33, 0x40, 0x1f, 0xff,
    0xd0,

    /* U+0067 "g" */
    0x0, 0x14, 0xf7, 0xeb, 0x87, 0x7f, 0x80, 0x7,
    0xac, 0x20, 0x51, 0x40, 0x1d, 0xc0, 0x2, 0x89,
    0x45, 0x10, 0x9, 0x48, 0xb, 0x1d, 0xad, 0x40,
    0x37, 0x80, 0x2c, 0x40, 0x28, 0x0, 0xcc, 0x0,
    0x40, 0xc, 0x42, 0x1, 0xff, 0xc4, 0x60, 0x2,
    0x0, 0x62, 0x10, 0xb, 0x0, 0x16, 0x20, 0x14,
    0x0, 0x66, 0x20, 0x2c, 0x76, 0xc5, 0x0, 0xee,
    0x0, 0x14, 0x49, 0xa8, 0x80, 0x63, 0xd5, 0x10,
    0x28, 0xa1, 0x0, 0x85, 0xd7, 0xb9, 0xfa, 0xea,
    0x0, 0x40, 0x19, 0x8b, 0xa6, 0x64, 0xd0, 0x3,
    0xc0, 0x14, 0x0, 0x59, 0x93, 0x0, 0x21, 0x0,
    0x9, 0xac, 0x40, 0x1, 0x5c, 0x70, 0x0,

    /* U+0068 "h" */
    0x6f, 0xf4, 0x0, 0x7f, 0xfa, 0xce, 0xff, 0xa8,
    0x80, 0x31, 0x62, 0x0, 0xae, 0x8, 0x4, 0xa5,
    0xc, 0x0, 0x16, 0x0, 0x87, 0x5e, 0x64, 0x0,
    0xc0, 0x9, 0x0, 0x24, 0x0, 0x30, 0x4, 0x40,
    0x11, 0x80, 0x7f, 0xfe, 0x40,

    /* U+0069 "i" */
    0x2d, 0xe5, 0xb2, 0x18, 0xf0, 0x3, 0xb5, 0x4d,
    0x2, 0xb0, 0x2f, 0xfa, 0x40, 0x3f, 0xfc, 0x0,

    /* U+006A "j" */
    0x0, 0xe, 0x7b, 0x80, 0x4e, 0x61, 0x0, 0x11,
    0x0, 0x8, 0x2, 0x4c, 0x9c, 0x0, 0xc6, 0xc2,
    0x1, 0x17, 0xfb, 0x0, 0x3f, 0xff, 0xe0, 0xe0,
    0x13, 0x80, 0x4, 0x1e, 0x2c, 0x1, 0xa1, 0xe,
    0x20, 0x2c, 0x2, 0x2, 0xbe, 0x20,

    /* U+006B "k" */
    0x6f, 0xf4, 0x0, 0x7f, 0xfc, 0xf3, 0xfd, 0x40,
    0x1f, 0x51, 0x82, 0x50, 0x7, 0xa1, 0x40, 0xac,
    0x3, 0xcc, 0xe0, 0x38, 0x1, 0xe4, 0x90, 0x1c,
    0x10, 0xf, 0x18, 0x2, 0x48, 0x3, 0xe1, 0x0,
    0x48, 0x80, 0x7c, 0xc8, 0x3, 0xa0, 0x1f, 0xa8,
    0x80, 0xe0, 0x3, 0xe1, 0xe0, 0x3, 0xa8, 0x7,
    0xc7, 0x20, 0xa, 0x20, 0xf, 0x99, 0x40, 0x1e,
    0x0,

    /* U+006C "l" */
    0x6f, 0xf4, 0x0, 0x7f, 0xfd, 0x0,

    /* U+006D "m" */
    0xaf, 0xf2, 0x36, 0xff, 0x40, 0x1, 0xf7, 0xf9,
    0xc0, 0x3a, 0x24, 0x80, 0x5e, 0xa6, 0x8, 0x6,
    0x20, 0x1, 0x8e, 0x2d, 0x80, 0xa, 0xd1, 0x6c,
    0x0, 0x71, 0x0, 0x99, 0xd2, 0x48, 0x0, 0xce,
    0x92, 0x40, 0x5, 0x0, 0xbc, 0x2, 0x70, 0x7,
    0x80, 0x48, 0x0, 0x10, 0x8, 0x80, 0x3c, 0x60,
    0x1f, 0xff, 0xf0, 0xf, 0xfe, 0xe0,

    /* U+006E "n" */
    0xaf, 0xf2, 0x36, 0xff, 0x48, 0x7, 0x7c, 0x90,
    0xb, 0x58, 0x6, 0x47, 0xb8, 0x0, 0x22, 0x0,
    0x25, 0x84, 0x76, 0x0, 0x60, 0x5, 0x80, 0x16,
    0x0, 0x4, 0x2, 0x20, 0xf, 0xff, 0xe8,

    /* U+006F "o" */
    0x0, 0x9b, 0x3b, 0xf6, 0x4, 0x3, 0xe, 0x49,
    0x88, 0x13, 0xfa, 0x0, 0x54, 0x60, 0x2c, 0xe6,
    0x3, 0x62, 0x8, 0x80, 0x1f, 0x98, 0xc5, 0x0,
    0x40, 0x68, 0x2, 0x4, 0x2, 0xb0, 0x3, 0x2,
    0x80, 0x14, 0x3, 0x9, 0x0, 0x4, 0x3, 0xff,
    0x82, 0xa0, 0x5, 0x0, 0xc2, 0x40, 0x1, 0xd0,
    0x4, 0x8, 0x5, 0x60, 0x6, 0x4, 0x40, 0xf,
    0xcc, 0x62, 0x80, 0x20, 0x1, 0x46, 0x2, 0xce,
    0x60, 0xb, 0x10, 0x0, 0xe4, 0x98, 0x81, 0x3f,
    0x20, 0x0,

    /* U+0070 "p" */
    0x6f, 0xf4, 0x1d, 0xff, 0xb5, 0xc0, 0x3c, 0x98,
    0x80, 0x2, 0x8b, 0x0, 0xe3, 0x19, 0xc8, 0x0,
    0x23, 0x80, 0x76, 0x31, 0xbd, 0x80, 0x24, 0x3,
    0x21, 0x0, 0x48, 0x60, 0x26, 0x1, 0x18, 0x7,
    0x28, 0x1, 0x80, 0x3f, 0x8c, 0x3, 0xc8, 0x1,
    0xce, 0x0, 0x60, 0x8, 0xd4, 0x2, 0x62, 0x1,
    0x30, 0xd, 0x52, 0xf5, 0x20, 0x9, 0x0, 0xca,
    0x2d, 0xa, 0x0, 0x47, 0x0, 0xc5, 0x8a, 0x20,
    0x51, 0x60, 0x1e, 0x2a, 0xef, 0xd7, 0x0, 0xff,
    0xef, 0x0,

    /* U+0071 "q" */
    0x0, 0x15, 0x77, 0xeb, 0x87, 0xfc, 0x7, 0xaa,
    0x20, 0x51, 0x40, 0x1b, 0x80, 0x2, 0xf0, 0x6a,
    0x1, 0x29, 0x0, 0xfc, 0x3e, 0x20, 0x5, 0xe0,
    0x8, 0x10, 0xa, 0x40, 0x26, 0x0, 0x28, 0x6,
    0x20, 0xf, 0xfe, 0x1b, 0x0, 0x14, 0x3, 0x18,
    0x5, 0xe0, 0x8, 0x10, 0xa, 0x0, 0x25, 0x20,
    0x1f, 0x87, 0xc4, 0x0, 0xdc, 0x0, 0x17, 0x83,
    0x50, 0xc, 0x7a, 0xa2, 0x5, 0x14, 0x1, 0xc5,
    0x5d, 0xfa, 0xe0, 0x1f, 0xfd, 0xc0,

    /* U+0072 "r" */
    0xaf, 0xf2, 0x3f, 0x7b, 0x80, 0x51, 0x1, 0xf,
    0x0, 0x8c, 0x9, 0x38, 0x3, 0x5e, 0xdb, 0x0,
    0x4c, 0x80, 0x1e, 0xc0, 0xf, 0x84, 0x3, 0xff,
    0xc0,

    /* U+0073 "s" */
    0x1, 0x9e, 0xfe, 0xb4, 0x0, 0xf, 0xb0, 0x80,
    0xa5, 0xb0, 0x40, 0x83, 0xe5, 0x8, 0x48, 0x10,
    0x2, 0xd, 0x69, 0xdc, 0x44, 0x0, 0x63, 0x9a,
    0x44, 0xa, 0x8, 0xe, 0x33, 0xa4, 0x40, 0x76,
    0x4c, 0x0, 0x2d, 0xe2, 0x0, 0x6c, 0xfc, 0x50,
    0x19, 0xbd, 0xc0, 0x1, 0xd8, 0x0, 0x4c, 0x8f,
    0x15, 0x28, 0x1, 0xf0, 0x60, 0x75, 0x68, 0x6,
    0xc1, 0x90, 0x40, 0x2, 0x8c, 0x0,

    /* U+0074 "t" */
    0x0, 0x2f, 0xfa, 0x40, 0x3f, 0xf9, 0x2b, 0xf4,
    0x0, 0x6f, 0xf1, 0x80, 0x7f, 0x24, 0xb0, 0x0,
    0xe6, 0x44, 0x2d, 0x80, 0x5, 0x66, 0x8, 0x7,
    0xff, 0x68, 0x40, 0x4, 0x1, 0xca, 0x0, 0x49,
    0x63, 0x0, 0xa, 0x80, 0x1a, 0x6c, 0x2, 0xa7,
    0x10, 0x7, 0x0,

    /* U+0075 "u" */
    0xaf, 0xf2, 0x0, 0x51, 0xfe, 0x60, 0xf, 0xff,
    0xe9, 0x0, 0x46, 0x0, 0xc0, 0x0, 0xa0, 0x5,
    0xe0, 0x7, 0x97, 0xc1, 0x0, 0x98, 0x80, 0xd,
    0x6, 0xa0, 0x1b, 0xd0, 0x0, 0x98, 0x40, 0x10,

    /* U+0076 "v" */
    0x3f, 0xf5, 0x80, 0x76, 0x7f, 0x88, 0xc8, 0x10,
    0x40, 0x22, 0x30, 0x32, 0x5, 0x0, 0x38, 0x4,
    0xa0, 0xa, 0x0, 0x50, 0x2, 0x80, 0x2b, 0x0,
    0x38, 0x0, 0x8c, 0xc, 0x40, 0x8c, 0x10, 0x40,
    0x2a, 0x0, 0x30, 0x28, 0x3, 0x80, 0x33, 0x80,
    0x2c, 0x28, 0x0, 0xa0, 0x18, 0x50, 0xd, 0x8,
    0x18, 0x3, 0xdc, 0x0, 0xa0, 0x6, 0x80, 0x79,
    0x40, 0x2, 0x2, 0x80, 0x1f, 0x30, 0x4, 0xc0,
    0x1f, 0xb4, 0x2, 0xa0, 0xc,

    /* U+0077 "w" */
    0x4f, 0xf5, 0x0, 0x6c, 0xff, 0x10, 0x4, 0xbf,
    0xe9, 0x41, 0x4, 0x0, 0x84, 0xc0, 0xa, 0x1,
    0x60, 0x3, 0x41, 0x0, 0x4c, 0x0, 0xe0, 0x15,
    0x80, 0x4e, 0x0, 0x40, 0xf0, 0x5, 0x80, 0x34,
    0x2, 0x31, 0x2, 0x10, 0x50, 0x2, 0x80, 0x10,
    0x0, 0x80, 0x20, 0x4, 0x5, 0x0, 0x78, 0x4,
    0x80, 0x62, 0xa0, 0xb, 0x0, 0x78, 0x60, 0x1,
    0x0, 0x2d, 0x0, 0x26, 0x0, 0x15, 0x40, 0xa2,
    0x80, 0x62, 0x1, 0x38, 0x3, 0xdc, 0x10, 0x30,
    0x1, 0x0, 0xb, 0x0, 0xc2, 0x40, 0xa2, 0x1a,
    0xe, 0x0, 0x60, 0x2, 0x80, 0x72, 0x80, 0x64,
    0x1, 0x30, 0x8, 0x88, 0x1, 0xd6, 0x1, 0x11,
    0x0, 0x16, 0x1, 0x28, 0x7, 0x8c, 0x40, 0xa,
    0x1, 0x28, 0x5, 0x60, 0x10,

    /* U+0078 "x" */
    0xc, 0xff, 0x20, 0x4, 0x7f, 0xec, 0x0, 0x78,
    0x2, 0x40, 0x2e, 0x0, 0x78, 0x0, 0xd8, 0x9,
    0xc1, 0xc8, 0x18, 0xc0, 0x28, 0x10, 0x83, 0x80,
    0x19, 0x0, 0xc3, 0x0, 0xc, 0x0, 0x58, 0x7,
    0x98, 0xc0, 0x24, 0x50, 0xf, 0xf8, 0x40, 0x3e,
    0x53, 0x0, 0x95, 0x0, 0x38, 0x6c, 0x1, 0x80,
    0xa, 0x0, 0xe8, 0x10, 0x83, 0x80, 0x18, 0x0,
    0x8d, 0x80, 0x9c, 0x1c, 0x81, 0xcc, 0x1, 0xe0,
    0x9, 0x0, 0xa4, 0x1, 0xe0,

    /* U+0079 "y" */
    0x2f, 0xf6, 0x80, 0x75, 0xff, 0x8c, 0x8c, 0x8,
    0x80, 0x10, 0xa0, 0x11, 0x85, 0x0, 0x28, 0x2,
    0x70, 0x2, 0x80, 0x18, 0x0, 0xc0, 0x15, 0x0,
    0x28, 0x2, 0x50, 0x13, 0x1, 0x30, 0x32, 0x0,
    0xb8, 0x1, 0x40, 0xc0, 0xa, 0x0, 0xc8, 0x20,
    0xe1, 0x60, 0x6, 0x0, 0xe6, 0x1, 0x63, 0x5,
    0x0, 0xf5, 0x0, 0x24, 0x1, 0xc0, 0x1e, 0x23,
    0x0, 0x89, 0x0, 0x3e, 0xa0, 0x9, 0x40, 0x3f,
    0x38, 0x5, 0x40, 0x1f, 0x9c, 0x0, 0xa4, 0x1,
    0x85, 0xdd, 0x72, 0x0, 0x80, 0xe, 0x38, 0x82,
    0x0, 0x2c, 0x80, 0x3f, 0xb, 0x6a, 0x0, 0x78,

    /* U+007A "z" */
    0xc, 0xff, 0xfd, 0x40, 0x1f, 0xfc, 0x8, 0xaa,
    0xd0, 0x1, 0x70, 0x22, 0xae, 0xb0, 0x4, 0x20,
    0x7, 0x49, 0x82, 0xb8, 0x7, 0x33, 0x0, 0xa8,
    0x3, 0x92, 0x40, 0x70, 0x3, 0x86, 0x80, 0x1a,
    0x20, 0x1d, 0xa2, 0x12, 0x60, 0x1d, 0x46, 0x4,
    0x6a, 0xb8, 0xc1, 0x40, 0x5, 0x55, 0xd2, 0x1,
    0xff, 0x0,

    /* U+007B "{" */
    0x0, 0xe5, 0x88, 0x88, 0x2, 0x2e, 0xa7, 0x79,
    0x80, 0x29, 0x10, 0xf, 0xc8, 0x0, 0xcf, 0xf2,
    0x0, 0x8, 0x0, 0x46, 0x1, 0xff, 0xeb, 0x50,
    0x3, 0x0, 0x67, 0xf8, 0x0, 0x78, 0x7, 0xe6,
    0x40, 0xc, 0x8e, 0x40, 0xd2, 0x1, 0x8e, 0x38,
    0x0, 0x80, 0x1e, 0x10, 0xf, 0xff, 0x29, 0x80,
    0xc, 0x3, 0xc2, 0x20, 0x1b, 0x88, 0x10, 0x5,
    0x0, 0x4, 0x77, 0x30, 0x4, 0xd2, 0x60, 0x18,

    /* U+007C "|" */
    0x48, 0x7d, 0x78, 0x0, 0xff, 0xff, 0x80,

    /* U+007D "}" */
    0x18, 0x89, 0x84, 0x3, 0x1b, 0xbd, 0x3e, 0x60,
    0x1f, 0x87, 0x80, 0x22, 0xff, 0x68, 0x81, 0x10,
    0x3, 0x89, 0x40, 0xc, 0x1, 0xff, 0xe2, 0x10,
    0xf, 0xe3, 0x0, 0x68, 0x7, 0xac, 0x41, 0xbe,
    0x80, 0x31, 0x48, 0x7, 0xe6, 0x80, 0x17, 0xf0,
    0xd, 0x80, 0x8, 0x82, 0x80, 0x61, 0x0, 0x10,
    0x7, 0xff, 0x89, 0xc0, 0x38, 0x62, 0x14, 0x60,
    0x5, 0x0, 0x1b, 0xb9, 0x40, 0xc, 0x20, 0x1e,
    0x28, 0x90, 0x8,

    /* U+007E "~" */
    0x9, 0xfd, 0x60, 0x9f, 0x14, 0x61, 0x29, 0xe6,
    0x11, 0x18, 0x6f, 0x30, 0xd, 0x80,

    /* U+00A0 " " */

    /* U+00A1 "¡" */
    0x9, 0xf9, 0x1, 0x60, 0x61, 0x11, 0x1, 0x8,
    0x6d, 0xe8, 0x4, 0x80, 0x16, 0x7d, 0x80, 0x67,
    0x0, 0x8, 0x7, 0x84, 0x3, 0xe3, 0x3, 0x0,
    0xf8, 0x40, 0x40, 0x3f, 0xf8, 0xa6, 0x70, 0x0,

    /* U+00A2 "¢" */
    0x0, 0xec, 0xd0, 0xf, 0xf0, 0x90, 0x7, 0xe7,
    0xc2, 0xe, 0x92, 0x0, 0x87, 0x60, 0xc0, 0x2,
    0xda, 0x60, 0xd, 0x20, 0x20, 0x2, 0x0, 0x38,
    0x10, 0xc0, 0xb4, 0x82, 0xd8, 0x9, 0x34, 0x1,
    0x60, 0x1a, 0x26, 0x4e, 0xa0, 0x4, 0x0, 0xc2,
    0xcc, 0x30, 0xf, 0xfe, 0x3, 0x0, 0x1c, 0x3,
    0x91, 0x5, 0xe0, 0x9, 0x0, 0xd1, 0x76, 0x75,
    0x20, 0x3c, 0x30, 0x97, 0x1, 0x50, 0xf1, 0x3,
    0x10, 0x60, 0x5, 0x0, 0xb, 0xd8, 0x40, 0x23,
    0xc4, 0x0, 0x86, 0x78, 0x83, 0xf0, 0xc0, 0x3f,
    0xf8, 0x40,

    /* U+00A3 "£" */
    0x0, 0xcf, 0x7d, 0xfe, 0xdb, 0x10, 0x1, 0xf4,
    0x20, 0x80, 0x9, 0xc, 0x7, 0x4, 0x0, 0x6a,
    0xa4, 0x13, 0x9, 0x0, 0x16, 0xe5, 0x52, 0xf8,
    0x40, 0x80, 0x12, 0x40, 0x1f, 0xfc, 0x7f, 0x0,
    0x68, 0x7, 0xc2, 0xe4, 0xc, 0x84, 0x50, 0x80,
    0x2f, 0x48, 0x1, 0x7b, 0xb8, 0x1, 0x35, 0x45,
    0x0, 0x45, 0x52, 0x0, 0x6, 0xaa, 0xe0, 0x2,
    0x2a, 0x90, 0x3, 0x8c, 0x0, 0x40, 0x1f, 0x1c,
    0x4, 0x8, 0x7, 0x25, 0xe0, 0x17, 0xc4, 0x73,
    0x1a, 0x0, 0x9, 0xdf, 0xd4, 0x1, 0xff, 0xc0,

    /* U+00A4 "¤" */
    0x0, 0xff, 0xe0, 0x9e, 0x8, 0x7, 0xd6, 0x81,
    0x47, 0x8b, 0x9f, 0xed, 0x7b, 0x4f, 0x9, 0x52,
    0xa3, 0x0, 0x14, 0x21, 0xd8, 0x2, 0x40, 0xf,
    0xdf, 0x20, 0xa, 0x0, 0xa4, 0x1a, 0x4, 0x1a,
    0x42, 0xc0, 0x27, 0xa, 0x0, 0xcc, 0x4, 0x1,
    0x8, 0x7, 0xff, 0x1, 0x42, 0x40, 0x33, 0x81,
    0x0, 0x54, 0xb, 0x46, 0x51, 0x0, 0xb0, 0xa,
    0x0, 0xb, 0x9a, 0xe0, 0xa, 0x10, 0x94, 0x2b,
    0x51, 0x3, 0xa4, 0x3a, 0xb, 0x4c, 0x4a, 0xef,
    0xc5, 0xb4, 0xf0,

    /* U+00A5 "¥" */
    0x3f, 0xf8, 0x40, 0x3d, 0x5f, 0xea, 0x35, 0x0,
    0x48, 0x7, 0x12, 0x80, 0x2c, 0x20, 0x0, 0xe2,
    0x1, 0xa0, 0x0, 0xe2, 0x4, 0xc0, 0x8, 0x0,
    0x8d, 0x40, 0x64, 0x2, 0x80, 0x3, 0x10, 0x2,
    0x0, 0x12, 0x20, 0x10, 0xc0, 0x2, 0x1, 0x10,
    0x4, 0xe0, 0x1c, 0xe2, 0xa, 0x70, 0x0, 0x80,
    0xe, 0xff, 0x8, 0x3, 0x4c, 0x1, 0x5e, 0xc0,
    0x12, 0x24, 0x20, 0x20, 0x4, 0x48, 0x80, 0x2b,
    0xbb, 0x40, 0x25, 0xbb, 0x90, 0x2, 0xff, 0xb0,
    0x2, 0x5f, 0xf9, 0x80, 0x24, 0x4c, 0x1, 0x1a,
    0x24, 0x40, 0x15, 0xde, 0x30, 0x7, 0xdd, 0xc8,
    0x1, 0xff, 0xe2,

    /* U+00A6 "¦" */
    0x8e, 0xd1, 0x11, 0x0, 0x7f, 0xf4, 0xa7, 0xfc,
    0x1, 0xfd, 0x1d, 0xa2, 0x22, 0x0, 0xff, 0xe7,
    0x80,

    /* U+00A7 "§" */
    0x0, 0xc9, 0x5d, 0xfd, 0x8e, 0x1, 0xf5, 0x5a,
    0x88, 0x9, 0xc6, 0x90, 0x6, 0x85, 0x0, 0x2c,
    0x30, 0x81, 0x78, 0x6, 0x70, 0x6, 0x53, 0xcf,
    0x10, 0x12, 0x80, 0x8, 0x0, 0x66, 0x0, 0xd0,
    0x0, 0xc0, 0x1, 0x80, 0x8, 0x3, 0x97, 0xfd,
    0x20, 0x1, 0x20, 0x1d, 0x51, 0x0, 0xfe, 0xe0,
    0x1, 0x57, 0x72, 0x98, 0x40, 0x38, 0xe4, 0x3,
    0xa, 0xcf, 0x50, 0x80, 0x7, 0x24, 0x11, 0x90,
    0x3, 0x2e, 0x0, 0x2c, 0xc2, 0xed, 0x37, 0xfa,
    0xe0, 0x2, 0x60, 0x50, 0x14, 0x0, 0xc5, 0xe,
    0x0, 0xf0, 0x8, 0x50, 0x3, 0xda, 0x0, 0x10,
    0x40, 0x5, 0xd2, 0x90, 0x0, 0xa0, 0x1, 0x41,
    0x22, 0x0, 0x5a, 0xde, 0xdd, 0x11, 0x2c, 0x80,
    0xbd, 0x80, 0x30, 0x90, 0xc, 0xa0, 0x4, 0x33,
    0xf6, 0xe8, 0x20, 0x1, 0xb5, 0x0, 0xf2, 0x45,
    0xf6, 0xa0, 0x2, 0xc0, 0x6, 0xaa, 0x20, 0xc,
    0x56, 0x20, 0x22, 0x5, 0xaa, 0x40, 0x7, 0xfc,
    0xe0, 0x5, 0x50, 0x6, 0x51, 0x1, 0x10, 0xb,
    0x80, 0x2a, 0xe2, 0x17, 0x40, 0x8, 0x0, 0xa1,
    0x80, 0x8, 0xee, 0x40, 0x3, 0xb0, 0x6, 0x9c,
    0x52, 0x0, 0x13, 0x64, 0x0, 0x0,

    /* U+00A8 "¨" */
    0x1, 0x51, 0x0, 0x12, 0x80, 0x59, 0x5c, 0x25,
    0xb5, 0x60, 0x24, 0x0, 0x27, 0x0, 0x20, 0xb,
    0x2, 0x1a, 0x98, 0x40, 0x0,

    /* U+00A9 "©" */
    0x0, 0xe4, 0xad, 0xff, 0x6c, 0x98, 0x7, 0xc3,
    0x76, 0x52, 0x11, 0x13, 0x65, 0x0, 0x70, 0xe2,
    0x15, 0xff, 0x73, 0xe4, 0x57, 0x0, 0x35, 0x12,
    0xea, 0xc5, 0xe5, 0x2f, 0x99, 0xa4, 0x0, 0x88,
    0x2a, 0x2f, 0x74, 0x35, 0xc2, 0xd0, 0x61, 0xe,
    0x8, 0x9, 0x13, 0xdf, 0x60, 0xe1, 0x70, 0x60,
    0x70, 0x42, 0x40, 0xe2, 0x9, 0x57, 0x1b, 0xc,
    0x2, 0x11, 0x30, 0x9, 0x0, 0x55, 0x41, 0x20,
    0x60, 0xf, 0xfe, 0x31, 0x8, 0x98, 0x4, 0x80,
    0x2a, 0xa0, 0x90, 0x30, 0x38, 0x21, 0x20, 0x71,
    0x4, 0xab, 0x8d, 0x86, 0x7, 0x4, 0x4, 0x89,
    0xef, 0xb0, 0x70, 0xb8, 0x30, 0x22, 0xa, 0x8b,
    0xdd, 0xd, 0x70, 0xb4, 0x18, 0x40, 0x14, 0x4b,
    0x8b, 0x17, 0x94, 0xde, 0x66, 0x90, 0x8, 0x70,
    0xcd, 0x7f, 0xdc, 0xfa, 0x15, 0xc0, 0xe, 0x1c,
    0xb5, 0x21, 0x11, 0x36, 0x50, 0x4,

    /* U+00AA "ª" */
    0x1, 0x8b, 0xa5, 0x0, 0xf, 0xba, 0x2d, 0x38,
    0x39, 0xaf, 0x38, 0x48, 0x36, 0x62, 0x10, 0x4,
    0x13, 0xa5, 0x0, 0x37, 0x83, 0xed, 0x0, 0x42,
    0xb, 0x32, 0x0, 0xa0, 0xc9, 0x20, 0x2,

    /* U+00AB "«" */
    0x0, 0xc3, 0xbf, 0xe4, 0x0, 0x67, 0xf9, 0x0,
    0x21, 0xd2, 0xb, 0x40, 0xc3, 0xa, 0x40, 0x0,
    0xe9, 0x85, 0xa0, 0x61, 0x85, 0x28, 0x5, 0xa6,
    0x16, 0x81, 0x86, 0x14, 0xa0, 0x16, 0x18, 0x52,
    0x6, 0x18, 0x4a, 0x80, 0x6b, 0x0, 0x78, 0x2,
    0x80, 0x1a, 0x1, 0xcf, 0x0, 0xb4, 0xd, 0x0,
    0x96, 0x1, 0xce, 0xe0, 0x59, 0x7, 0x80, 0x4a,
    0x0, 0xe8, 0x70, 0x69, 0x7, 0x80, 0x5a, 0x0,
    0xe8, 0x82, 0x9a, 0x3, 0xca, 0x82, 0x0,

    /* U+00AC "¬" */
    0x3f, 0xff, 0xf5, 0x0, 0x7f, 0xf0, 0xa, 0xab,
    0xf1, 0x80, 0x5, 0x57, 0xf3, 0x0, 0x7f, 0xf2,
    0xcc, 0x8c,

    /* U+00AD "­" */
    0x26, 0x6f, 0x91, 0x13, 0x3f, 0x40, 0x7, 0xf0,

    /* U+00AE "®" */
    0x0, 0x25, 0xee, 0xa4, 0x40, 0xd, 0x13, 0xba,
    0xec, 0x0, 0x46, 0xff, 0xb5, 0x15, 0xcd, 0x44,
    0xf1, 0x2a, 0xf0, 0x3, 0x63, 0x50, 0x0, 0xd4,
    0x42, 0xc5, 0xef, 0x2, 0x36, 0xd3, 0x30, 0xae,
    0xd, 0x32, 0xef, 0x1c, 0x0,

    /* U+00AF "¯" */
    0x7e, 0xef, 0x3f, 0x88, 0xfb, 0xc0,

    /* U+00B0 "°" */
    0x0, 0xff, 0xd, 0xff, 0xb5, 0x0, 0x3, 0xe8,
    0x0, 0x2b, 0x50, 0x91, 0x2d, 0xe6, 0xb, 0x4,
    0x8, 0x21, 0x91, 0x11, 0x38, 0x7, 0x8, 0x3,
    0x2, 0xd0, 0xa8, 0x8, 0x8e, 0x43, 0x7a, 0xa1,
    0x20, 0xc, 0x61, 0x4, 0xc4, 0x0,

    /* U+00B1 "±" */
    0x0, 0xdd, 0xee, 0x1, 0xff, 0xcb, 0x2f, 0xf8,
    0x42, 0x3f, 0xd6, 0x1, 0xfe, 0x29, 0x98, 0x0,
    0xb3, 0x2f, 0x6, 0x68, 0x43, 0x59, 0x88, 0x1,
    0xff, 0xcc, 0xef, 0x70, 0x9, 0x2e, 0xff, 0x51,
    0x22, 0x7e, 0x50,

    /* U+00B2 "²" */
    0x3, 0xbf, 0xf5, 0x90, 0x16, 0x20, 0x1, 0x30,
    0x68, 0x7, 0x6c, 0x5, 0xea, 0xf4, 0x94, 0x0,
    0x64, 0x86, 0x3a, 0x4, 0xa0, 0x3, 0xf3, 0x36,
    0x0, 0x1f, 0x5, 0xf4, 0x41, 0xe0, 0x0, 0xfd,
    0xf3, 0xc0, 0x1f, 0x0,

    /* U+00B3 "³" */
    0x2, 0xbf, 0xf6, 0x28, 0x3, 0x10, 0x0, 0x74,
    0x86, 0xaa, 0xff, 0x8, 0x19, 0xae, 0xed, 0x12,
    0x60, 0x1, 0xa1, 0x3, 0x88, 0x88, 0xff, 0x85,
    0x61, 0xb7, 0x0, 0x31, 0x30, 0x17, 0xf0, 0x87,
    0xe, 0x20, 0x0, 0xe9, 0x0,

    /* U+00B4 "´" */
    0x1, 0xff, 0x50, 0x48, 0x2, 0xc1, 0x82, 0x5,
    0xc4, 0x9c, 0x0,

    /* U+00B5 "µ" */
    0xf, 0xf7, 0x0, 0x6e, 0xff, 0x0, 0x7f, 0xff,
    0xc0, 0x3f, 0xf9, 0x2, 0x1, 0xf8, 0x48, 0x0,
    0xa0, 0x11, 0x0, 0x7b, 0xde, 0x68, 0x2, 0xe7,
    0x20, 0xc, 0x50, 0xc1, 0x20, 0x3, 0x84, 0x0,
    0x94, 0x80, 0xad, 0xac, 0xc0, 0x6, 0x1, 0xb7,
    0xf5, 0x1, 0x33, 0xfc, 0xa0, 0x13, 0x0, 0x7f,
    0xf0, 0x44, 0x3, 0xff, 0x82, 0x60, 0x1f, 0xe0,

    /* U+00B6 "¶" */
    0x0, 0x13, 0xcc, 0xfc, 0x11, 0xb0, 0xcd, 0xf2,
    0xb8, 0x7, 0xf4, 0x80, 0x79, 0x7c, 0x80, 0x80,
    0x3f, 0xc6, 0x1, 0xfe, 0x50, 0xf, 0xf4, 0x90,
    0x7, 0xf0, 0xe3, 0x99, 0x8, 0x7, 0x86, 0x33,
    0x70, 0x3, 0xff, 0xf6,

    /* U+00B7 "·" */
    0x2, 0x73, 0x0, 0x64, 0x60, 0x8c, 0x0, 0x21,
    0x60, 0x53,

    /* U+00B8 "¸" */
    0x2, 0xfc, 0x0, 0xa4, 0x1d, 0xc0, 0x7, 0x5,
    0x8a, 0xc, 0xfe, 0x4, 0xb, 0xad, 0x4, 0x5,
    0x51, 0xb5, 0x80,

    /* U+00B9 "¹" */
    0x0, 0xe, 0x78, 0x85, 0x71, 0x80, 0x5, 0x0,
    0x30, 0xf6, 0x0, 0x7f, 0xf5, 0x40,

    /* U+00BA "º" */
    0x1, 0x9d, 0xd4, 0x88, 0x3, 0x18, 0x88, 0xde,
    0x30, 0x43, 0xba, 0x11, 0x4a, 0x3, 0x11, 0x18,
    0x10, 0x3, 0xbc, 0x0, 0x80, 0xa2, 0x2a, 0x5,
    0x91, 0x2e, 0xe1, 0xc, 0xe, 0x20, 0x1, 0x30,
    0x40,

    /* U+00BB "»" */
    0xa, 0xff, 0x30, 0x2, 0x7f, 0xd0, 0x1, 0xd4,
    0xa1, 0x2c, 0x12, 0xa0, 0xee, 0x0, 0xea, 0x40,
    0x96, 0xa, 0x50, 0x87, 0x0, 0xeb, 0x40, 0x96,
    0xa, 0x50, 0x87, 0x0, 0xeb, 0x30, 0x96, 0xa,
    0x40, 0x86, 0x0, 0xc6, 0x60, 0x14, 0x2, 0x50,
    0x14, 0x0, 0x8b, 0x40, 0x70, 0x89, 0x82, 0x2c,
    0x20, 0x1, 0x60, 0x8b, 0x8, 0x98, 0x22, 0xd2,
    0x0, 0x16, 0x8, 0xb0, 0x87, 0x4, 0x5a, 0x60,
    0x15, 0x22, 0xe1, 0x4, 0xa2, 0xe9, 0x80, 0x40,

    /* U+00BC "¼" */
    0x3, 0xec, 0x0, 0xfd, 0xbe, 0xe0, 0x1a, 0xb0,
    0x40, 0x3f, 0x39, 0x11, 0xc0, 0x36, 0x28, 0x7,
    0xe1, 0x80, 0x90, 0xe, 0x6e, 0x0, 0xfd, 0x60,
    0xa8, 0x1, 0xff, 0xc2, 0x35, 0xb, 0x0, 0xff,
    0xe1, 0xf0, 0x40, 0x80, 0x7f, 0xf0, 0x9c, 0x88,
    0xe0, 0x1f, 0x9c, 0xd4, 0x2, 0x18, 0x9, 0x0,
    0xc2, 0x30, 0x0, 0xf2, 0x40, 0x2b, 0x5, 0x40,
    0x9, 0x3b, 0x9a, 0x1, 0xf1, 0xa8, 0x58, 0x4,
    0x34, 0x1, 0xfe, 0xe0, 0x81, 0x0, 0xac, 0x58,
    0x3, 0xf3, 0x11, 0x1c, 0x2, 0x45, 0x6c, 0x0,
    0xf8, 0x60, 0x24, 0x3, 0x50, 0x1f, 0x1, 0x40,
    0x6, 0x81, 0x54, 0x0, 0xc2, 0xa, 0x80, 0x2a,
    0x1, 0x1b, 0x5, 0x80, 0x77, 0xfd, 0x40, 0x7a,
    0x1, 0x33, 0xd0, 0x80, 0x7e, 0x77, 0x50, 0x0,

    /* U+00BD "½" */
    0x0, 0x4c, 0x0, 0x7e, 0x8a, 0x60, 0xc, 0xdc,
    0xc8, 0x1, 0xf2, 0x3a, 0xb8, 0x6, 0xc3, 0x0,
    0xfe, 0x90, 0x81, 0x0, 0xd5, 0x20, 0x1f, 0x98,
    0x88, 0xe0, 0x1f, 0xfc, 0x21, 0x90, 0x90, 0xf,
    0xfe, 0x1c, 0x2, 0x20, 0x3, 0xff, 0x84, 0x6c,
    0x12, 0x1, 0xff, 0xc3, 0xf0, 0x72, 0x0, 0xfc,
    0x9f, 0x80, 0x13, 0x18, 0xc0, 0x0, 0xaf, 0xfa,
    0x0, 0x3f, 0x40, 0x58, 0x5, 0xe8, 0x22, 0x78,
    0x0, 0xf4, 0x8a, 0x28, 0x0, 0x8a, 0xea, 0x4,
    0x0, 0xe2, 0x60, 0x90, 0x8, 0xbf, 0x43, 0x1,
    0x80, 0x3a, 0x41, 0xc8, 0x3, 0xd2, 0xc3, 0x60,
    0x19, 0x50, 0x60, 0x3, 0x87, 0x18, 0xfc, 0x40,
    0x35, 0x85, 0x80, 0x70, 0xf9, 0x83, 0xd5, 0x0,
    0x28, 0x13, 0x50, 0xe, 0x21, 0x0, 0x22, 0x40,

    /* U+00BE "¾" */
    0x2, 0xbf, 0xea, 0x10, 0xf, 0xaf, 0xc, 0x3,
    0xb9, 0x10, 0x6b, 0x60, 0x1e, 0x84, 0x3, 0x0,
    0xea, 0x9b, 0x80, 0x10, 0xe, 0x27, 0xe, 0x0,
    0xf3, 0x33, 0xe8, 0xa4, 0x3, 0xb8, 0x1c, 0x80,
    0x3f, 0x3a, 0x15, 0x0, 0x65, 0x31, 0x80, 0xf,
    0xe, 0xdc, 0xf8, 0x30, 0x6, 0xb0, 0xb0, 0xf,
    0x85, 0x93, 0xac, 0x18, 0x2, 0x91, 0x45, 0x0,
    0xfd, 0x72, 0xcc, 0xb8, 0x0, 0x1b, 0x4, 0x80,
    0x42, 0xaa, 0x20, 0x9, 0xa6, 0x48, 0x1, 0x78,
    0x39, 0x0, 0x57, 0x55, 0x0, 0x7f, 0x31, 0x94,
    0x0, 0x48, 0xa0, 0x1f, 0xf0, 0xc0, 0x48, 0x6,
    0xa1, 0x50, 0xf, 0xf4, 0xa, 0x20, 0x2, 0x91,
    0xb3, 0x0, 0xfe, 0x36, 0xa, 0x0, 0x89, 0x83,
    0x10, 0x11, 0x40, 0x3d, 0xc1, 0x2, 0x1, 0x8,
    0x1, 0x88, 0xf, 0x0, 0x39, 0xc8, 0x8e, 0x1,
    0x8f, 0xfe, 0x60, 0x79, 0x0, 0xf3, 0xf0, 0x7,
    0xf6, 0xbe, 0x0,

    /* U+00BF "¿" */
    0x0, 0xcb, 0xf8, 0x1, 0xfd, 0x0, 0x6a, 0x1,
    0xf9, 0x0, 0xe, 0x1, 0xfa, 0x6f, 0x48, 0x3,
    0xf1, 0x8b, 0x88, 0x7, 0xe8, 0xaa, 0x10, 0x7,
    0xc6, 0x80, 0x3, 0x0, 0xf2, 0xe0, 0x2, 0x80,
    0x3c, 0xf4, 0x0, 0xa5, 0x0, 0xe4, 0x80, 0x1c,
    0x50, 0xf, 0x78, 0x2, 0xcc, 0x2, 0x23, 0x30,
    0x30, 0x1, 0xc0, 0x37, 0x66, 0x5, 0x80, 0x16,
    0x1, 0x21, 0x80, 0x8b, 0xc0, 0xd, 0xb5, 0x96,
    0x0, 0x80, 0x47, 0x0, 0x12, 0x98, 0x1, 0x98,
    0x0, 0x8c, 0x51, 0x1, 0x5b, 0x90, 0x0,

    /* U+00C0 "À" */
    0x0, 0xec, 0xfe, 0x0, 0xff, 0xe0, 0xf8, 0xb,
    0x0, 0x7f, 0xf0, 0xd, 0x82, 0xc0, 0x3f, 0xf8,
    0x30, 0x24, 0x80, 0x1f, 0xfc, 0x1, 0xef, 0x40,
    0xf, 0xfe, 0x86, 0x7f, 0xce, 0x1, 0xfe, 0x23,
    0x0, 0xac, 0x3, 0xfd, 0x40, 0x18, 0xc8, 0x3,
    0xf9, 0x40, 0xa, 0x0, 0xa0, 0xf, 0xc6, 0x40,
    0x50, 0x0, 0x50, 0xf, 0xd6, 0x0, 0xa2, 0x30,
    0x23, 0x0, 0xf9, 0x80, 0xa, 0x16, 0x0, 0xa0,
    0xf, 0x20, 0x81, 0x90, 0x30, 0x1, 0xc0, 0x3d,
    0xa0, 0xb, 0x0, 0x9, 0x80, 0xa0, 0x7, 0x38,
    0x1, 0x80, 0x2a, 0x0, 0x68, 0x6, 0x41, 0x0,
    0x77, 0xfd, 0x20, 0x6, 0x0, 0xdc, 0x1, 0xff,
    0x28, 0x4, 0xa0, 0x5, 0x5f, 0x20, 0x3, 0xc0,
    0xa, 0x0, 0x3a, 0xaf, 0x80, 0xa, 0x0, 0xe0,
    0x5, 0x0, 0x78, 0x50, 0x0, 0xc2, 0x80, 0x7,
    0x0, 0xfb, 0x40, 0x1a,

    /* U+00C1 "Á" */
    0x0, 0xfc, 0x5f, 0xe8, 0x0, 0xff, 0xe0, 0x40,
    0xc, 0x0, 0x7f, 0xc2, 0xa1, 0x60, 0x1f, 0xfc,
    0x9, 0x3, 0x50, 0xf, 0xfe, 0x4, 0x7e, 0x0,
    0x7f, 0xf4, 0x33, 0xfe, 0x70, 0xf, 0xf1, 0x18,
    0x5, 0x60, 0x1f, 0xea, 0x0, 0xc6, 0x40, 0x1f,
    0xca, 0x0, 0x50, 0x5, 0x0, 0x7e, 0x32, 0x2,
    0x80, 0x2, 0x80, 0x7e, 0xb0, 0x5, 0x11, 0x81,
    0x18, 0x7, 0xcc, 0x0, 0x50, 0xb0, 0x5, 0x0,
    0x79, 0x4, 0xc, 0x81, 0x80, 0xe, 0x1, 0xed,
    0x0, 0x58, 0x0, 0x4c, 0x5, 0x0, 0x39, 0xc0,
    0xc, 0x1, 0x50, 0x3, 0x40, 0x32, 0x8, 0x3,
    0xbf, 0xe9, 0x0, 0x30, 0x6, 0xe0, 0xf, 0xf9,
    0x40, 0x25, 0x0, 0x2a, 0xf9, 0x0, 0x1e, 0x0,
    0x50, 0x1, 0xd5, 0x7c, 0x0, 0x50, 0x7, 0x0,
    0x28, 0x3, 0xc2, 0x80, 0x6, 0x14, 0x0, 0x38,
    0x7, 0xda, 0x0, 0xd0,

    /* U+00C2 "Â" */
    0x0, 0xf9, 0xe1, 0x40, 0x3f, 0xf8, 0x15, 0xf,
    0x4a, 0x1, 0xfe, 0x65, 0x2a, 0xa, 0x20, 0xf,
    0xc7, 0x21, 0xeb, 0x1, 0xe0, 0x1f, 0x8f, 0xfc,
    0x40, 0xff, 0xa0, 0x1f, 0xfc, 0xec, 0xff, 0x9c,
    0x3, 0xfc, 0x46, 0x1, 0x58, 0x7, 0xfa, 0x80,
    0x31, 0x90, 0x7, 0xf2, 0x80, 0x14, 0x1, 0x40,
    0x1f, 0x8c, 0x80, 0xa0, 0x0, 0xa0, 0x1f, 0xac,
    0x1, 0x44, 0x60, 0x46, 0x1, 0xf3, 0x0, 0x14,
    0x2c, 0x1, 0x40, 0x1e, 0x41, 0x3, 0x20, 0x60,
    0x3, 0x80, 0x7b, 0x40, 0x16, 0x0, 0x13, 0x1,
    0x40, 0xe, 0x70, 0x3, 0x0, 0x54, 0x0, 0xd0,
    0xc, 0x82, 0x0, 0xef, 0xfa, 0x40, 0xc, 0x1,
    0xb8, 0x3, 0xfe, 0x50, 0x9, 0x40, 0xa, 0xbe,
    0x40, 0x7, 0x80, 0x14, 0x0, 0x75, 0x5f, 0x0,
    0x14, 0x1, 0xc0, 0xa, 0x0, 0xf0, 0xa0, 0x1,
    0x85, 0x0, 0xe, 0x1, 0xf6, 0x80, 0x34,

    /* U+00C3 "Ã" */
    0x0, 0xe4, 0xcb, 0x20, 0x8d, 0x0, 0xfe, 0xa3,
    0x4c, 0x24, 0x30, 0xf, 0xc4, 0x2d, 0x63, 0xa6,
    0x80, 0x1f, 0x84, 0xb1, 0x30, 0xd2, 0xc0, 0x3f,
    0x1e, 0xa8, 0x1e, 0x58, 0x80, 0x7f, 0xf3, 0xb3,
    0xfe, 0x70, 0xf, 0xf1, 0x18, 0x5, 0x60, 0x1f,
    0xea, 0x0, 0xc6, 0x40, 0x1f, 0xca, 0x0, 0x50,
    0x5, 0x0, 0x7e, 0x32, 0x2, 0x80, 0x2, 0x80,
    0x7e, 0xb0, 0x5, 0x11, 0x81, 0x18, 0x7, 0xcc,
    0x0, 0x50, 0xb0, 0x5, 0x0, 0x79, 0x4, 0xc,
    0x81, 0x80, 0xe, 0x1, 0xed, 0x0, 0x58, 0x0,
    0x4c, 0x5, 0x0, 0x39, 0xc0, 0xc, 0x1, 0x50,
    0x3, 0x40, 0x32, 0x8, 0x3, 0xbf, 0xe9, 0x0,
    0x30, 0x6, 0xe0, 0xf, 0xf9, 0x40, 0x25, 0x0,
    0x2a, 0xf9, 0x0, 0x1e, 0x0, 0x50, 0x1, 0xd5,
    0x7c, 0x0, 0x50, 0x7, 0x0, 0x28, 0x3, 0xc2,
    0x80, 0x6, 0x14, 0x0, 0x38, 0x7, 0xda, 0x0,
    0xd0,

    /* U+00C4 "Ä" */
    0x0, 0xe4, 0x40, 0x4, 0xa4, 0x1, 0xf9, 0xee,
    0xce, 0x19, 0x5a, 0x40, 0x1f, 0x68, 0x3, 0x40,
    0xc0, 0xe, 0x1, 0xf4, 0x89, 0x48, 0x40, 0x1a,
    0x80, 0x7c, 0x7d, 0xa6, 0xf, 0xf8, 0x1, 0xff,
    0xce, 0xcf, 0xf9, 0xc0, 0x3f, 0xc4, 0x60, 0x15,
    0x80, 0x7f, 0xa8, 0x3, 0x19, 0x0, 0x7f, 0x28,
    0x1, 0x40, 0x14, 0x1, 0xf8, 0xc8, 0xa, 0x0,
    0xa, 0x1, 0xfa, 0xc0, 0x14, 0x46, 0x4, 0x60,
    0x1f, 0x30, 0x1, 0x42, 0xc0, 0x14, 0x1, 0xe4,
    0x10, 0x32, 0x6, 0x0, 0x38, 0x7, 0xb4, 0x1,
    0x60, 0x1, 0x30, 0x14, 0x0, 0xe7, 0x0, 0x30,
    0x5, 0x40, 0xd, 0x0, 0xc8, 0x20, 0xe, 0xff,
    0xa4, 0x0, 0xc0, 0x1b, 0x80, 0x3f, 0xe5, 0x0,
    0x94, 0x0, 0xab, 0xe4, 0x0, 0x78, 0x1, 0x40,
    0x7, 0x55, 0xf0, 0x1, 0x40, 0x1c, 0x0, 0xa0,
    0xf, 0xa, 0x0, 0x18, 0x50, 0x0, 0xe0, 0x1f,
    0x68, 0x3, 0x40,

    /* U+00C5 "Å" */
    0x0, 0xf0, 0xc5, 0x38, 0x7, 0xfc, 0x3e, 0xeb,
    0x14, 0x1, 0xfe, 0x91, 0x9f, 0x45, 0x20, 0xf,
    0xf9, 0x40, 0xc0, 0x40, 0x3f, 0xac, 0x33, 0xe,
    0x46, 0x1, 0xfc, 0x74, 0x46, 0x9e, 0x1, 0xff,
    0x2e, 0xfd, 0x90, 0x7, 0xff, 0x3f, 0x3f, 0xe7,
    0x0, 0xff, 0x11, 0x80, 0x56, 0x1, 0xfe, 0xa0,
    0xc, 0x64, 0x1, 0xfc, 0xa0, 0x5, 0x0, 0x50,
    0x7, 0xe3, 0x20, 0x28, 0x0, 0x28, 0x7, 0xeb,
    0x0, 0x51, 0x18, 0x11, 0x80, 0x7c, 0xc0, 0x5,
    0xb, 0x0, 0x50, 0x7, 0x90, 0x40, 0xc8, 0x18,
    0x0, 0xe0, 0x1e, 0xd0, 0x5, 0x80, 0x4, 0xc0,
    0x50, 0x3, 0x9c, 0x0, 0xc0, 0x15, 0x0, 0x34,
    0x3, 0x20, 0x80, 0x3b, 0xfe, 0x90, 0x3, 0x0,
    0x6e, 0x0, 0xff, 0x94, 0x2, 0x50, 0x2, 0xaf,
    0x90, 0x1, 0xe0, 0x5, 0x0, 0x1d, 0x57, 0xc0,
    0x5, 0x0, 0x70, 0x2, 0x80, 0x3c, 0x28, 0x0,
    0x61, 0x40, 0x3, 0x80, 0x7d, 0xa0, 0xd,

    /* U+00C6 "Æ" */
    0x0, 0xfd, 0x9f, 0xff, 0xfc, 0x4, 0x0, 0xf8,
    0xcc, 0x1, 0xff, 0xc8, 0x80, 0xe, 0x35, 0x5f,
    0x98, 0x3, 0xc6, 0x80, 0x5, 0x0, 0x55, 0x7e,
    0x20, 0xf, 0x40, 0x1, 0xcc, 0x3, 0xff, 0x88,
    0x48, 0x0, 0x90, 0xf, 0xfe, 0x2c, 0x0, 0x1c,
    0x40, 0x2d, 0x99, 0xf1, 0x0, 0x71, 0x28, 0x2,
    0x40, 0x32, 0x33, 0x79, 0xc0, 0x3a, 0xc0, 0xe,
    0x20, 0x1f, 0xfc, 0x41, 0x60, 0x4, 0x80, 0x74,
    0xff, 0xf9, 0x40, 0x34, 0x0, 0x5d, 0xfe, 0x60,
    0xf, 0xfe, 0x8, 0xb0, 0x7, 0xff, 0x22, 0x40,
    0x6, 0xcd, 0x88, 0x3, 0xff, 0x80, 0x2e, 0x0,
    0xd9, 0x9c, 0x80, 0xa, 0xaf, 0xc8, 0x12, 0x0,
    0x61, 0x0, 0xf8, 0xd5, 0x7e, 0x20, 0x60, 0x5,
    0x80, 0x7f, 0xf1, 0x40,

    /* U+00C7 "Ç" */
    0x0, 0xe4, 0xad, 0xff, 0x6d, 0x20, 0x7, 0xc3,
    0x76, 0x52, 0x0, 0x12, 0xdd, 0x80, 0x38, 0x71,
    0x0, 0x2, 0x66, 0x10, 0x2, 0x58, 0x6, 0xa2,
    0x0, 0x4f, 0x66, 0x3a, 0x80, 0x8, 0xa0, 0x3,
    0x40, 0x6, 0x30, 0x6, 0x5a, 0x0, 0x48, 0x2,
    0x80, 0xc, 0x60, 0x1e, 0x56, 0x56, 0x0, 0x20,
    0x3, 0x40, 0x3f, 0x4d, 0x50, 0x0, 0x40, 0x5,
    0x0, 0xff, 0xe9, 0x10, 0x0, 0x80, 0x3f, 0xf8,
    0x2e, 0x0, 0xa0, 0xf, 0xd1, 0x32, 0x0, 0x70,
    0x1, 0x8c, 0x3, 0xca, 0xec, 0x80, 0x4, 0x40,
    0x3, 0x54, 0x3, 0x25, 0x80, 0x2c, 0x2, 0xa1,
    0x1, 0xae, 0xbb, 0x75, 0x88, 0x1b, 0x0, 0x43,
    0x86, 0x0, 0x14, 0x40, 0x80, 0xf, 0x40, 0x38,
    0xb2, 0x90, 0x2, 0x14, 0x9c, 0x10, 0xf, 0x96,
    0xd8, 0x2f, 0xad, 0x80, 0x3f, 0xc2, 0xc1, 0x7a,
    0x60, 0x1f, 0xf0, 0xd5, 0x24, 0xa0, 0x3, 0xff,
    0x80, 0xaa, 0x20, 0x70, 0xf, 0xf8, 0xbf, 0xd6,
    0x12, 0x1, 0xff, 0x1b, 0xb3, 0xe2, 0x80, 0x70,

    /* U+00C8 "È" */
    0x0, 0xb3, 0xf8, 0x3, 0xfb, 0xc0, 0x54, 0x3,
    0xf1, 0xa8, 0x48, 0x7, 0xf5, 0x81, 0xa0, 0x7,
    0xe1, 0xff, 0x20, 0x7, 0xff, 0x11, 0x3f, 0xff,
    0xd4, 0x1, 0xff, 0xc3, 0x15, 0x5f, 0xb0, 0x2,
    0x5a, 0xaf, 0x98, 0x3, 0xff, 0x9e, 0xd3, 0x3e,
    0x50, 0xc, 0x4c, 0xde, 0xf0, 0xf, 0xfe, 0x22,
    0x7f, 0xfa, 0x80, 0x3f, 0xfb, 0x8b, 0x55, 0xf3,
    0x80, 0x42, 0xab, 0xf6, 0x0, 0x7f, 0xf0, 0x0,

    /* U+00C9 "É" */
    0x0, 0xf1, 0xff, 0x9c, 0x3, 0xf4, 0x81, 0x38,
    0x7, 0xc4, 0xa1, 0x20, 0x1f, 0xac, 0x11, 0x0,
    0x1f, 0xa7, 0xec, 0x3, 0xff, 0x88, 0x9f, 0xff,
    0xea, 0x0, 0xff, 0xe1, 0x8a, 0xaf, 0xd8, 0x1,
    0x2d, 0x57, 0xcc, 0x1, 0xff, 0xcf, 0x69, 0x9f,
    0x28, 0x6, 0x26, 0x6f, 0x78, 0x7, 0xff, 0x11,
    0x3f, 0xfd, 0x40, 0x1f, 0xfd, 0xc5, 0xaa, 0xf9,
    0xc0, 0x21, 0x55, 0xfb, 0x0, 0x3f, 0xf8, 0x0,

    /* U+00CA "Ê" */
    0x0, 0xe7, 0x85, 0x0, 0xfd, 0x50, 0xf4, 0x80,
    0x1e, 0x75, 0x2a, 0xa, 0x20, 0xc, 0x90, 0x1e,
    0xb0, 0x3e, 0x1, 0x93, 0xfc, 0x40, 0xff, 0xa0,
    0x1f, 0xfc, 0x24, 0xff, 0xff, 0x50, 0x7, 0xff,
    0xc, 0x55, 0x7e, 0xc0, 0x9, 0x6a, 0xbe, 0x60,
    0xf, 0xfe, 0x7b, 0x4c, 0xf9, 0x40, 0x31, 0x33,
    0x7b, 0xc0, 0x3f, 0xf8, 0x89, 0xff, 0xea, 0x0,
    0xff, 0xee, 0x2d, 0x57, 0xce, 0x1, 0xa, 0xaf,
    0xd8, 0x1, 0xff, 0xc0,

    /* U+00CB "Ë" */
    0x0, 0x91, 0x0, 0x1, 0x52, 0x0, 0xd1, 0x76,
    0x60, 0xda, 0xd2, 0x0, 0x8c, 0x1, 0xe0, 0x60,
    0x7, 0x0, 0xbc, 0x4a, 0xc2, 0x1, 0x14, 0x2,
    0x4e, 0xd2, 0x7, 0xfb, 0x0, 0xff, 0xe1, 0x27,
    0xff, 0xfa, 0x80, 0x3f, 0xf8, 0x62, 0xab, 0xf6,
    0x0, 0x4b, 0x55, 0xf3, 0x0, 0x7f, 0xf3, 0xda,
    0x67, 0xca, 0x1, 0x89, 0x9b, 0xde, 0x1, 0xff,
    0xc4, 0x4f, 0xff, 0x50, 0x7, 0xff, 0x71, 0x6a,
    0xbe, 0x70, 0x8, 0x55, 0x7e, 0xc0, 0xf, 0xfe,
    0x0,

    /* U+00CC "Ì" */
    0xe, 0xfd, 0x0, 0xac, 0x9, 0x0, 0xa, 0x81,
    0xe0, 0x14, 0x82, 0x10, 0x0, 0xbf, 0xc4, 0x1,
    0xf9, 0x3f, 0xd6, 0x1, 0xff, 0xff, 0x0, 0xff,
    0xe1, 0x80,

    /* U+00CD "Í" */
    0x0, 0x27, 0xf9, 0x80, 0x10, 0x6, 0xc0, 0x66,
    0xf, 0x0, 0x48, 0x31, 0x80, 0x2b, 0xe4, 0x3,
    0xf2, 0x7f, 0xac, 0x3, 0xff, 0xfe, 0x1, 0xff,
    0xc5,

    /* U+00CE "Î" */
    0x0, 0x27, 0xfa, 0xc0, 0x30, 0xd0, 0xa, 0x38,
    0x5, 0x42, 0xda, 0x10, 0x40, 0xc8, 0x30, 0x6e,
    0x1e, 0xd, 0xfc, 0x21, 0x1f, 0xa0, 0x1f, 0xfc,
    0x4, 0xff, 0x58, 0x7, 0xff, 0xfc, 0x3, 0xff,
    0xe6,

    /* U+00CF "Ï" */
    0x5, 0x30, 0x0, 0xa9, 0x4, 0xd6, 0x20, 0x7d,
    0x60, 0xa0, 0x0, 0xc4, 0x40, 0x25, 0x2, 0x4c,
    0x2c, 0xa, 0x6b, 0xda, 0x21, 0x3f, 0x40, 0x1f,
    0xfc, 0x4, 0xff, 0x58, 0x7, 0xff, 0xfc, 0x3,
    0xff, 0xe6,

    /* U+00D0 "Ð" */
    0x0, 0x3f, 0xff, 0xba, 0xd8, 0x3, 0xff, 0x84,
    0x29, 0x3c, 0x80, 0x1f, 0x89, 0x56, 0x30, 0x0,
    0xda, 0x0, 0x7c, 0xb5, 0x56, 0x69, 0x80, 0x28,
    0x40, 0x3f, 0xe2, 0xc2, 0x1, 0x90, 0xf, 0xfe,
    0xc, 0x80, 0x18, 0xd, 0xf0, 0x0, 0x6e, 0xe5,
    0x0, 0x90, 0x40, 0x49, 0x61, 0x0, 0x9, 0x10,
    0xf0, 0xc, 0xa0, 0x6, 0x0, 0xff, 0xe2, 0xb7,
    0xc0, 0x1, 0xff, 0xd4, 0x1, 0x94, 0x0, 0xc0,
    0x1f, 0xfc, 0x4, 0x10, 0x12, 0x0, 0xff, 0xe0,
    0x48, 0x1, 0x80, 0x3f, 0xe2, 0xc2, 0x1, 0x90,
    0xf, 0x2d, 0x52, 0xf7, 0x46, 0x0, 0xa1, 0x0,
    0xf1, 0x2a, 0x90, 0x80, 0x3, 0x68, 0x1, 0xff,
    0xa, 0x4f, 0x20, 0x4,

    /* U+00D1 "Ñ" */
    0x0, 0xcb, 0xb4, 0x21, 0x58, 0x1, 0xf5, 0x12,
    0xe0, 0xa0, 0x80, 0x79, 0x2, 0x28, 0xb8, 0x54,
    0x3, 0xc2, 0x48, 0xb4, 0x6b, 0x20, 0x1e, 0x5d,
    0x30, 0x5c, 0xa1, 0x0, 0xff, 0xe2, 0xa7, 0xfb,
    0x0, 0x3c, 0x3f, 0xee, 0x0, 0x8d, 0xc0, 0x3f,
    0xf8, 0x30, 0x40, 0x1f, 0xfc, 0x1f, 0x0, 0xff,
    0xe0, 0x94, 0x0, 0x7f, 0x88, 0x0, 0xe6, 0x1,
    0xfc, 0xce, 0x0, 0xe0, 0xf, 0xf4, 0x18, 0x14,
    0x80, 0x7f, 0xb8, 0x0, 0xc8, 0x1, 0xfc, 0x52,
    0x0, 0xa3, 0x0, 0xfe, 0x64, 0x1, 0x90, 0xf,
    0xf5, 0x8, 0x20, 0x7, 0xf8, 0x68, 0x3, 0xff,
    0x82, 0x8c, 0x1, 0xff, 0xc1, 0x92, 0x0, 0xff,
    0xe0, 0xf0, 0x4,

    /* U+00D2 "Ò" */
    0x0, 0xe1, 0xef, 0xb0, 0xf, 0xfe, 0x10, 0xc0,
    0x21, 0x0, 0x7f, 0xf0, 0x98, 0x82, 0xc0, 0x3f,
    0xf8, 0x72, 0xc, 0x20, 0x1f, 0xfc, 0x24, 0xff,
    0x8, 0x7, 0xff, 0x90, 0xe7, 0x7f, 0xdb, 0x4a,
    0x1, 0xf8, 0x6f, 0x18, 0x80, 0x4, 0xb5, 0x84,
    0x1, 0xc3, 0x88, 0x1, 0x11, 0x88, 0x0, 0xf0,
    0x80, 0x35, 0x90, 0x2, 0x3f, 0x73, 0xa8, 0x40,
    0x7c, 0x2, 0x35, 0x0, 0x5b, 0x80, 0x65, 0xc0,
    0x1, 0x30, 0x2, 0x80, 0xa, 0x80, 0x1e, 0x28,
    0x0, 0x58, 0x1, 0x0, 0x1c, 0x1, 0xf9, 0x80,
    0x4, 0x20, 0x40, 0x5, 0x0, 0xfc, 0x22, 0x0,
    0x18, 0x7, 0xff, 0x1c, 0x80, 0xa, 0x1, 0xf8,
    0x44, 0x0, 0x30, 0x40, 0x7, 0x0, 0x7e, 0x60,
    0x1, 0x88, 0x50, 0x1, 0x50, 0x3, 0xc5, 0x0,
    0xa, 0x0, 0x1a, 0x80, 0x2d, 0x80, 0x32, 0xe0,
    0x0, 0x98, 0x2, 0xb2, 0x0, 0x4f, 0xe6, 0x3a,
    0x84, 0x7, 0xc0, 0x30, 0xe2, 0x0, 0x46, 0x61,
    0x0, 0x16, 0x10, 0x7, 0xd, 0xd9, 0x88, 0x0,
    0x2b, 0x5a, 0x40, 0x10,

    /* U+00D3 "Ó" */
    0x0, 0xfe, 0x6f, 0xf2, 0x0, 0x7f, 0xf0, 0xac,
    0x11, 0x0, 0x1f, 0xfc, 0x15, 0x20, 0x90, 0xf,
    0xfe, 0x14, 0x83, 0x90, 0x7, 0xff, 0xb, 0x3e,
    0x0, 0x3f, 0xfc, 0x87, 0x3b, 0xfe, 0xda, 0x50,
    0xf, 0xc3, 0x78, 0xc4, 0x0, 0x25, 0xac, 0x20,
    0xe, 0x1c, 0x40, 0x8, 0x8c, 0x40, 0x7, 0x84,
    0x1, 0xac, 0x80, 0x11, 0xfb, 0x9d, 0x42, 0x3,
    0xe0, 0x11, 0xa8, 0x2, 0xdc, 0x3, 0x2e, 0x0,
    0x9, 0x80, 0x14, 0x0, 0x54, 0x0, 0xf1, 0x40,
    0x2, 0xc0, 0x8, 0x0, 0xe0, 0xf, 0xcc, 0x0,
    0x21, 0x2, 0x0, 0x28, 0x7, 0xe1, 0x10, 0x0,
    0xc0, 0x3f, 0xf8, 0xe4, 0x0, 0x50, 0xf, 0xc2,
    0x20, 0x1, 0x82, 0x0, 0x38, 0x3, 0xf3, 0x0,
    0xc, 0x42, 0x80, 0xa, 0x80, 0x1e, 0x28, 0x0,
    0x50, 0x0, 0xd4, 0x1, 0x6c, 0x1, 0x97, 0x0,
    0x4, 0xc0, 0x15, 0x90, 0x2, 0x7f, 0x31, 0xd4,
    0x20, 0x3e, 0x1, 0x87, 0x10, 0x2, 0x33, 0x8,
    0x0, 0xb0, 0x80, 0x38, 0x6e, 0xcc, 0x40, 0x1,
    0x5a, 0xd2, 0x0, 0x80,

    /* U+00D4 "Ô" */
    0x0, 0xf9, 0xff, 0xd6, 0x1, 0xff, 0xc1, 0x48,
    0x2, 0x47, 0x0, 0xff, 0x8a, 0x82, 0xfc, 0x61,
    0x0, 0x3f, 0xce, 0xd4, 0x85, 0xae, 0x60, 0x1f,
    0xe5, 0x85, 0x0, 0x1c, 0x38, 0x7, 0xff, 0x40,
    0xe7, 0x7f, 0xdb, 0x4a, 0x1, 0xf8, 0x6f, 0x18,
    0x80, 0x4, 0xb5, 0x84, 0x1, 0xc3, 0x88, 0x1,
    0x11, 0x88, 0x0, 0xf0, 0x80, 0x35, 0x90, 0x2,
    0x3f, 0x73, 0xa8, 0x40, 0x7c, 0x2, 0x35, 0x0,
    0x5b, 0x80, 0x65, 0xc0, 0x1, 0x30, 0x2, 0x80,
    0xa, 0x80, 0x1e, 0x28, 0x0, 0x58, 0x1, 0x0,
    0x1c, 0x1, 0xf9, 0x80, 0x4, 0x20, 0x40, 0x5,
    0x0, 0xfc, 0x22, 0x0, 0x18, 0x7, 0xff, 0x1c,
    0x80, 0xa, 0x1, 0xf8, 0x44, 0x0, 0x30, 0x40,
    0x7, 0x0, 0x7e, 0x60, 0x1, 0x88, 0x50, 0x1,
    0x50, 0x3, 0xc5, 0x0, 0xa, 0x0, 0x1a, 0x80,
    0x2d, 0x80, 0x32, 0xe0, 0x0, 0x98, 0x2, 0xb2,
    0x0, 0x4f, 0xe6, 0x3a, 0x84, 0x7, 0xc0, 0x30,
    0xe2, 0x0, 0x46, 0x61, 0x0, 0x16, 0x10, 0x7,
    0xd, 0xd9, 0x88, 0x0, 0x2b, 0x5a, 0x40, 0x10,

    /* U+00D5 "Õ" */
    0x0, 0xf5, 0x7e, 0xa8, 0x75, 0x80, 0x7f, 0x91,
    0x40, 0xab, 0xc4, 0x80, 0x3f, 0xc6, 0x19, 0xa8,
    0x7, 0x0, 0x1f, 0xe7, 0xf3, 0x2b, 0xfc, 0x10,
    0xf, 0xff, 0x11, 0xce, 0xff, 0xb6, 0x94, 0x3,
    0xf0, 0xde, 0x31, 0x0, 0x9, 0x6b, 0x8, 0x3,
    0x87, 0x10, 0x2, 0x23, 0x10, 0x1, 0xe1, 0x0,
    0x6b, 0x20, 0x4, 0x7e, 0xe7, 0x50, 0x80, 0xf8,
    0x4, 0x6a, 0x0, 0xb7, 0x0, 0xcb, 0x80, 0x2,
    0x60, 0x5, 0x0, 0x15, 0x0, 0x3c, 0x50, 0x0,
    0xb0, 0x2, 0x0, 0x38, 0x3, 0xf3, 0x0, 0x8,
    0x40, 0x80, 0xa, 0x1, 0xf8, 0x44, 0x0, 0x30,
    0xf, 0xfe, 0x39, 0x0, 0x14, 0x3, 0xf0, 0x88,
    0x0, 0x60, 0x80, 0xe, 0x0, 0xfc, 0xc0, 0x3,
    0x10, 0xa0, 0x2, 0xa0, 0x7, 0x8a, 0x0, 0x14,
    0x0, 0x35, 0x0, 0x5b, 0x0, 0x65, 0xc0, 0x1,
    0x30, 0x5, 0x64, 0x0, 0x9f, 0xcc, 0x75, 0x8,
    0xf, 0x80, 0x61, 0xc4, 0x0, 0x8c, 0xc2, 0x0,
    0x2c, 0x20, 0xe, 0x1b, 0xb3, 0x10, 0x0, 0x56,
    0xb4, 0x80, 0x20,

    /* U+00D6 "Ö" */
    0x0, 0xe6, 0xfc, 0x10, 0xaf, 0x90, 0xf, 0xf4,
    0x1, 0xb9, 0xa8, 0x30, 0x80, 0x7f, 0x28, 0x1,
    0x48, 0x40, 0x44, 0x1, 0xfd, 0x75, 0x86, 0x39,
    0x5e, 0x1, 0xff, 0x29, 0x80, 0x9, 0x44, 0x3,
    0xff, 0xa0, 0x73, 0xbf, 0xed, 0xa5, 0x0, 0xfc,
    0x37, 0x8c, 0x40, 0x2, 0x5a, 0xc2, 0x0, 0xe1,
    0xc4, 0x0, 0x88, 0xc4, 0x0, 0x78, 0x40, 0x1a,
    0xc8, 0x1, 0x1f, 0xb9, 0xd4, 0x20, 0x3e, 0x1,
    0x1a, 0x80, 0x2d, 0xc0, 0x32, 0xe0, 0x0, 0x98,
    0x1, 0x40, 0x5, 0x40, 0xf, 0x14, 0x0, 0x2c,
    0x0, 0x80, 0xe, 0x0, 0xfc, 0xc0, 0x2, 0x10,
    0x20, 0x2, 0x80, 0x7e, 0x11, 0x0, 0xc, 0x3,
    0xff, 0x8e, 0x40, 0x5, 0x0, 0xfc, 0x22, 0x0,
    0x18, 0x20, 0x3, 0x80, 0x3f, 0x30, 0x0, 0xc4,
    0x28, 0x0, 0xa8, 0x1, 0xe2, 0x80, 0x5, 0x0,
    0xd, 0x40, 0x16, 0xc0, 0x19, 0x70, 0x0, 0x4c,
    0x1, 0x59, 0x0, 0x27, 0xf3, 0x1d, 0x42, 0x3,
    0xe0, 0x18, 0x71, 0x0, 0x23, 0x30, 0x80, 0xb,
    0x8, 0x3, 0x86, 0xec, 0xc4, 0x0, 0x15, 0xad,
    0x20, 0x8,

    /* U+00D7 "×" */
    0x0, 0xff, 0x26, 0x88, 0x2, 0x2c, 0xa, 0xcb,
    0x6, 0x1d, 0x24, 0x98, 0xb, 0xdc, 0x6, 0xc2,
    0x58, 0x4, 0x7, 0x8, 0x1, 0xc0, 0x11, 0x98,
    0x0, 0xf0, 0x1, 0x16, 0x9, 0x40, 0xe, 0x28,
    0x15, 0x94, 0x8e, 0x1d, 0x29, 0xd0, 0x37, 0x90,
    0x2, 0xb0, 0x0,

    /* U+00D8 "Ø" */
    0x0, 0xff, 0xe0, 0xff, 0xb4, 0x3, 0xe4, 0x9d,
    0xff, 0x6d, 0x48, 0x2, 0x0, 0x38, 0x6e, 0xcc,
    0x40, 0x2, 0x56, 0x2, 0x50, 0xc, 0x38, 0x80,
    0x11, 0x18, 0x80, 0x46, 0x20, 0x1a, 0x88, 0x1,
    0x1f, 0xb9, 0x40, 0x10, 0xe0, 0x4, 0x68, 0x0,
    0xb7, 0x0, 0xd, 0x0, 0x80, 0x9, 0x80, 0x12,
    0x0, 0x54, 0x0, 0xac, 0x42, 0xa0, 0x1, 0x40,
    0x7, 0x0, 0x70, 0x4, 0xaa, 0x6, 0x46, 0x0,
    0x18, 0x0, 0x80, 0xa, 0x0, 0x1b, 0x2, 0x90,
    0x11, 0x0, 0x8, 0x3, 0xea, 0x10, 0xe0, 0xf,
    0xc4, 0x0, 0x50, 0x64, 0x7, 0x30, 0x0, 0x88,
    0x0, 0x60, 0x80, 0xe, 0x29, 0x3, 0x80, 0x9,
    0x80, 0x4, 0x21, 0x40, 0x5, 0xf0, 0x7, 0x0,
    0x45, 0x0, 0xa, 0x0, 0x1b, 0x0, 0x8, 0x20,
    0x80, 0xb, 0x80, 0x2, 0x70, 0xa, 0x4c, 0x2,
    0x8c, 0xc7, 0x50, 0x80, 0xf0, 0x7, 0x38, 0x6,
    0x33, 0x8, 0x0, 0xb0, 0xc0, 0x32, 0xa0, 0x2b,
    0x10, 0x0, 0x56, 0xb4, 0x80, 0x38, 0xdd, 0xd7,
    0x3b, 0xfe, 0xea, 0x50, 0xe,

    /* U+00D9 "Ù" */
    0x0, 0xdd, 0xf8, 0x1, 0xff, 0x40, 0x19, 0x80,
    0x3f, 0xcc, 0x61, 0x20, 0x1f, 0xf7, 0x82, 0x88,
    0x7, 0xf8, 0xff, 0xc2, 0x1, 0xff, 0xc7, 0x4f,
    0xf5, 0x80, 0x79, 0x3f, 0xd4, 0x1, 0xff, 0xff,
    0x0, 0xff, 0xf3, 0xb8, 0x1, 0x80, 0x3c, 0x40,
    0x3, 0x20, 0x1, 0x10, 0x3, 0xa8, 0x1, 0xc2,
    0x60, 0xf, 0x30, 0x0, 0xc9, 0x80, 0x14, 0x20,
    0x0, 0x59, 0xfd, 0xc6, 0x0, 0x31, 0x2, 0x50,
    0x6, 0x10, 0x9, 0x64, 0x2, 0x5d, 0x72, 0x0,
    0xa, 0xdd, 0x0, 0x0,

    /* U+00DA "Ú" */
    0x0, 0xf9, 0xbf, 0xca, 0x1, 0xfe, 0xb0, 0x45,
    0x0, 0xfe, 0x42, 0x9, 0x0, 0xff, 0x40, 0x39,
    0x0, 0x7f, 0xb3, 0xe0, 0x3, 0xff, 0x8e, 0x9f,
    0xeb, 0x0, 0xf2, 0x7f, 0xa8, 0x3, 0xff, 0xfe,
    0x1, 0xff, 0xe7, 0x70, 0x3, 0x0, 0x78, 0x80,
    0x6, 0x40, 0x2, 0x20, 0x7, 0x50, 0x3, 0x84,
    0xc0, 0x1e, 0x60, 0x1, 0x93, 0x0, 0x28, 0x40,
    0x0, 0xb3, 0xfb, 0x8c, 0x0, 0x62, 0x4, 0xa0,
    0xc, 0x20, 0x12, 0xc8, 0x4, 0xba, 0xe4, 0x0,
    0x15, 0xba, 0x0, 0x0,

    /* U+00DB "Û" */
    0x0, 0xe6, 0xff, 0x50, 0x7, 0xf1, 0x48, 0xa,
    0xa8, 0x3, 0xf7, 0x3, 0xd0, 0x51, 0x0, 0x79,
    0xcc, 0xa1, 0x18, 0x38, 0x3, 0xcf, 0xfa, 0x0,
    0x9f, 0xc0, 0xf, 0xfe, 0x2a, 0x7f, 0xac, 0x3,
    0xc9, 0xfe, 0xa0, 0xf, 0xff, 0xf8, 0x7, 0xff,
    0x9d, 0xc0, 0xc, 0x1, 0xe2, 0x0, 0x19, 0x0,
    0x8, 0x80, 0x1d, 0x40, 0xe, 0x13, 0x0, 0x79,
    0x80, 0x6, 0x4c, 0x0, 0xa1, 0x0, 0x2, 0xcf,
    0xee, 0x30, 0x1, 0x88, 0x12, 0x80, 0x30, 0x80,
    0x4b, 0x20, 0x12, 0xeb, 0x90, 0x0, 0x56, 0xe8,
    0x0,

    /* U+00DC "Ü" */
    0x0, 0xca, 0x60, 0x1, 0x51, 0x0, 0xf5, 0xd6,
    0x18, 0x7d, 0x78, 0x7, 0x94, 0x0, 0x84, 0x20,
    0x24, 0x1, 0xd0, 0x26, 0xc4, 0xc0, 0xc4, 0x1,
    0xcd, 0xd8, 0x21, 0x3f, 0x20, 0x1f, 0xfc, 0x54,
    0xff, 0x58, 0x7, 0x93, 0xfd, 0x40, 0x1f, 0xff,
    0xf0, 0xf, 0xff, 0x3b, 0x80, 0x18, 0x3, 0xc4,
    0x0, 0x32, 0x0, 0x11, 0x0, 0x3a, 0x80, 0x1c,
    0x26, 0x0, 0xf3, 0x0, 0xc, 0x98, 0x1, 0x42,
    0x0, 0x5, 0x9f, 0xdc, 0x60, 0x3, 0x10, 0x25,
    0x0, 0x61, 0x0, 0x96, 0x40, 0x25, 0xd7, 0x20,
    0x0, 0xad, 0xd0, 0x0,

    /* U+00DD "Ý" */
    0x0, 0xfd, 0x9f, 0xc0, 0x1f, 0xf1, 0x98, 0x2c,
    0x3, 0xfe, 0x90, 0x35, 0x0, 0xff, 0x12, 0x87,
    0x80, 0x7f, 0xc5, 0xfe, 0x30, 0xf, 0xfe, 0x41,
    0xff, 0xc2, 0x1, 0xea, 0xff, 0x51, 0xa8, 0x2,
    0x40, 0x38, 0x94, 0x1, 0x1, 0x0, 0x7, 0x10,
    0xd, 0x0, 0x7, 0x20, 0x26, 0x0, 0x40, 0x4,
    0x6a, 0x3, 0x20, 0x14, 0x0, 0x18, 0x80, 0x10,
    0x0, 0x91, 0x0, 0x86, 0x0, 0x10, 0x8, 0x80,
    0x17, 0x0, 0xe7, 0x10, 0x53, 0x80, 0x5, 0x80,
    0x7d, 0x0, 0xd, 0x30, 0x35, 0x0, 0xf9, 0x88,
    0x4, 0x1, 0x0, 0x1f, 0xd2, 0x1, 0x22, 0x0,
    0x3f, 0x90, 0x80, 0x1e, 0x1, 0xff, 0x8, 0x1,
    0xc0, 0x3f, 0xfe, 0xa0,

    /* U+00DE "Þ" */
    0x6f, 0xf4, 0x80, 0x7f, 0xf3, 0x52, 0xaa, 0x97,
    0x20, 0xf, 0x12, 0xac, 0xd1, 0xb4, 0x1, 0xff,
    0xc0, 0x5b, 0x0, 0xcd, 0xff, 0xa4, 0x0, 0x8a,
    0x1, 0xf9, 0xa0, 0x1, 0xc0, 0x1f, 0xca, 0x0,
    0x60, 0xf, 0xe6, 0x0, 0x8, 0x7, 0xe1, 0x80,
    0x5, 0x80, 0x49, 0x55, 0xbc, 0xc0, 0x58, 0x2,
    0x25, 0x5c, 0x20, 0x3a, 0x20, 0x1f, 0x89, 0xfc,
    0xc0, 0x33, 0x7f, 0xed, 0x81, 0x0, 0xff, 0xe8,
    0x0,

    /* U+00DF "ß" */
    0x0, 0x92, 0xbb, 0xfa, 0xd8, 0x3, 0xa2, 0xd4,
    0x40, 0x52, 0x74, 0x40, 0xa, 0xe0, 0x3, 0x75,
    0x0, 0x16, 0x80, 0x2c, 0x1, 0x19, 0x15, 0xa0,
    0x3, 0x23, 0x10, 0x27, 0x0, 0x89, 0x40, 0xc,
    0xc0, 0x2, 0x0, 0x73, 0x0, 0x18, 0xc0, 0x2,
    0x1, 0xc, 0x18, 0x21, 0x0, 0x75, 0x7f, 0x38,
    0x25, 0x80, 0x7f, 0xd8, 0x1, 0xf4, 0xca, 0x10,
    0x23, 0x0, 0x3c, 0x6c, 0xf6, 0xe0, 0x70, 0x1,
    0xfd, 0x40, 0x5, 0x0, 0xfe, 0x10, 0x1, 0x80,
    0x7f, 0x40, 0x1, 0x40, 0x30, 0xcc, 0x57, 0x20,
    0x3, 0xc0, 0x31, 0xb3, 0xa8, 0x80, 0x25, 0x0,
    0x31, 0x88, 0x0, 0x9f, 0x58, 0x0,

    /* U+00E0 "à" */
    0x0, 0xb7, 0xf4, 0x3, 0xfd, 0x20, 0x4a, 0x1,
    0xfc, 0x8a, 0x12, 0x1, 0xfe, 0xb0, 0x33, 0x0,
    0x7f, 0xf, 0xf8, 0xc0, 0x3e, 0x19, 0xef, 0xd7,
    0xe, 0xff, 0x0, 0xb, 0xd8, 0x40, 0xa2, 0x80,
    0x3b, 0xc4, 0x5, 0xe0, 0xd4, 0x40, 0x24, 0x20,
    0x1c, 0x87, 0xc5, 0x0, 0xda, 0x0, 0x62, 0x0,
    0xa0, 0x3, 0x10, 0x3, 0x0, 0x31, 0x8, 0x7,
    0x9c, 0x3, 0xf8, 0x80, 0xa, 0x1, 0x84, 0x40,
    0x16, 0x80, 0x2c, 0x3, 0x48, 0x6, 0x42, 0x2,
    0xc5, 0x49, 0x70, 0xe, 0xf1, 0x3, 0xab, 0x63,
    0x10, 0xc, 0x5e, 0xc2, 0x2, 0xf8, 0x1, 0x80,

    /* U+00E1 "á" */
    0x0, 0xf2, 0x7f, 0x9c, 0x3, 0xfb, 0xc0, 0x9c,
    0x3, 0xf1, 0x20, 0x48, 0x7, 0xf5, 0x82, 0xa0,
    0x7, 0xf4, 0xfd, 0x0, 0x7c, 0x33, 0xdf, 0xae,
    0x1d, 0xfe, 0x0, 0x17, 0xb0, 0x81, 0x45, 0x0,
    0x77, 0x88, 0xb, 0xc1, 0xa8, 0x80, 0x48, 0x40,
    0x39, 0xf, 0x8a, 0x1, 0xb4, 0x0, 0xc4, 0x1,
    0x40, 0x6, 0x20, 0x6, 0x0, 0x62, 0x10, 0xf,
    0x38, 0x7, 0xf1, 0x0, 0x14, 0x3, 0x8, 0x80,
    0x2d, 0x0, 0x58, 0x6, 0x90, 0xc, 0x84, 0x5,
    0x8a, 0x92, 0xe0, 0x1d, 0xe2, 0x7, 0x56, 0xc6,
    0x20, 0x18, 0xbd, 0x84, 0x5, 0xf0, 0x3, 0x0,

    /* U+00E2 "â" */
    0x0, 0xc9, 0xfe, 0xc0, 0xf, 0xc3, 0x40, 0x47,
    0x20, 0x1f, 0x68, 0xb6, 0xb, 0x20, 0x7, 0x28,
    0x2c, 0x8d, 0x1f, 0x0, 0x72, 0xe5, 0x0, 0x13,
    0x28, 0x3, 0x86, 0x7b, 0xf5, 0xc3, 0xbf, 0xc0,
    0x2, 0xf6, 0x10, 0x28, 0xa0, 0xe, 0xf1, 0x1,
    0x78, 0x35, 0x10, 0x9, 0x8, 0x7, 0x21, 0xf1,
    0x40, 0x36, 0x80, 0x18, 0x80, 0x28, 0x0, 0xc4,
    0x0, 0xc0, 0xc, 0x42, 0x1, 0xe7, 0x0, 0xfe,
    0x20, 0x2, 0x80, 0x61, 0x10, 0x5, 0xa0, 0xb,
    0x0, 0xd2, 0x1, 0x90, 0x80, 0xb1, 0x52, 0x5c,
    0x3, 0xbc, 0x40, 0xea, 0xd8, 0xc4, 0x3, 0x17,
    0xb0, 0x80, 0xbe, 0x0, 0x60,

    /* U+00E3 "ã" */
    0x0, 0xa3, 0xf5, 0x83, 0x38, 0x3, 0x89, 0xc0,
    0xa7, 0xcd, 0x40, 0x39, 0xc2, 0x79, 0x40, 0xa0,
    0x3, 0x97, 0xd8, 0x6b, 0xf4, 0xc0, 0x3f, 0xf8,
    0xc3, 0x3d, 0xfa, 0xe1, 0xdf, 0xe0, 0x1, 0x7b,
    0x8, 0x14, 0x50, 0x7, 0x78, 0x80, 0xbc, 0x1a,
    0x88, 0x4, 0x84, 0x3, 0x90, 0xf8, 0xa0, 0x1b,
    0x40, 0xc, 0x40, 0x14, 0x0, 0x62, 0x0, 0x60,
    0x6, 0x21, 0x0, 0xf3, 0x80, 0x7f, 0x10, 0x1,
    0x40, 0x30, 0x88, 0x2, 0xd0, 0x5, 0x80, 0x69,
    0x0, 0xc8, 0x40, 0x58, 0xa9, 0x2e, 0x1, 0xde,
    0x20, 0x75, 0x6c, 0x62, 0x1, 0x8b, 0xd8, 0x40,
    0x5f, 0x0, 0x30,

    /* U+00E4 "ä" */
    0x0, 0x27, 0x69, 0x4, 0x7d, 0x80, 0x74, 0x9,
    0x58, 0x38, 0x22, 0x0, 0x32, 0x0, 0x30, 0x8,
    0x0, 0xa0, 0x1a, 0x2f, 0x14, 0x32, 0xb4, 0x40,
    0x30, 0xee, 0xbf, 0x59, 0x73, 0xfc, 0x0, 0x2f,
    0x61, 0x2, 0x8a, 0x0, 0xef, 0x10, 0x17, 0x83,
    0x51, 0x0, 0x90, 0x80, 0x72, 0x1f, 0x14, 0x3,
    0x68, 0x1, 0x88, 0x2, 0x80, 0xc, 0x40, 0xc,
    0x0, 0xc4, 0x20, 0x1e, 0x70, 0xf, 0xe2, 0x0,
    0x28, 0x6, 0x11, 0x0, 0x5a, 0x0, 0xb0, 0xd,
    0x20, 0x19, 0x8, 0xb, 0x15, 0x25, 0xc0, 0x3b,
    0xc4, 0xe, 0xad, 0x8c, 0x40, 0x31, 0x7b, 0x8,
    0xb, 0xe0, 0x6,

    /* U+00E5 "å" */
    0x0, 0xcd, 0xbf, 0x62, 0x1, 0xf2, 0x49, 0x99,
    0x34, 0x3, 0xee, 0xf, 0xc6, 0x32, 0x0, 0xf1,
    0x82, 0xa, 0x81, 0x80, 0x7a, 0xc6, 0xb8, 0xd8,
    0x40, 0x3c, 0x58, 0xcb, 0x32, 0x0, 0xfc, 0x53,
    0x4c, 0x1, 0xf0, 0xcf, 0x7e, 0xb8, 0x77, 0xf8,
    0x0, 0x5e, 0xc2, 0x5, 0x14, 0x1, 0xde, 0x20,
    0x2f, 0x6, 0xa2, 0x1, 0x21, 0x0, 0xe4, 0x3e,
    0x28, 0x6, 0xd0, 0x3, 0x10, 0x5, 0x0, 0x18,
    0x80, 0x18, 0x1, 0x88, 0x40, 0x3c, 0xe0, 0x1f,
    0xc4, 0x0, 0x50, 0xc, 0x22, 0x0, 0xb4, 0x1,
    0x60, 0x1a, 0x40, 0x32, 0x10, 0x16, 0x2a, 0x4b,
    0x80, 0x77, 0x88, 0x1d, 0x5b, 0x18, 0x80, 0x62,
    0xf6, 0x10, 0x17, 0xc0, 0xc,

    /* U+00E6 "æ" */
    0x0, 0x25, 0xf7, 0xf4, 0x88, 0x15, 0x77, 0xf4,
    0x90, 0x4, 0xd6, 0x82, 0x2, 0xde, 0x9a, 0xa2,
    0x2, 0xda, 0x80, 0x52, 0x0, 0x9b, 0x80, 0x1b,
    0x1, 0x8b, 0x80, 0x5, 0xa, 0x88, 0xa9, 0x91,
    0xdc, 0x1, 0x63, 0xa3, 0xd8, 0xb, 0x3f, 0x71,
    0x40, 0x2d, 0x0, 0x21, 0x0, 0x48, 0x0, 0xb0,
    0x2a, 0xdf, 0xfa, 0x80, 0x9, 0xff, 0xc0, 0x2,
    0x3d, 0x52, 0x1, 0x18, 0x2, 0x11, 0xf8, 0xe0,
    0x1, 0x5f, 0xdc, 0x80, 0x2, 0x77, 0x7d, 0xaa,
    0x0, 0x50, 0xb, 0x40, 0x8, 0x60, 0x10, 0xee,
    0xa5, 0x40, 0x16, 0xaa, 0xb4, 0x30, 0x6, 0xba,
    0x37, 0x91, 0x37, 0xc0, 0x9, 0x54, 0x41, 0xd9,
    0x1, 0x8b, 0x91, 0x8, 0x44, 0x62, 0x8, 0x13,
    0x78, 0xb6, 0x28, 0x80, 0xa5, 0xb8, 0x0,

    /* U+00E7 "ç" */
    0x0, 0x9b, 0x3b, 0xf6, 0x44, 0x3, 0x64, 0x98,
    0x81, 0x37, 0x98, 0x2, 0x8c, 0x5, 0xe5, 0x0,
    0x78, 0xd, 0x40, 0x7e, 0x1a, 0xd4, 0x9, 0x6c,
    0x1, 0x22, 0x1, 0x5c, 0x41, 0x8c, 0x0, 0x80,
    0x18, 0x5d, 0xc6, 0x1, 0x8, 0x7, 0xe2, 0x0,
    0x38, 0x7, 0x8, 0x83, 0x0, 0x1c, 0x1, 0x9b,
    0xb8, 0xea, 0x40, 0x92, 0x20, 0x90, 0x0, 0x60,
    0xe0, 0x3, 0x77, 0xd8, 0x84, 0x8, 0x1e, 0x18,
    0x6, 0x18, 0x70, 0x8, 0xf3, 0x0, 0x59, 0xce,
    0x1, 0xe9, 0x3, 0x83, 0x0, 0xfb, 0x49, 0x53,
    0x40, 0x3e, 0x7d, 0xb3, 0x11, 0x0, 0x7a, 0x65,
    0x66, 0x42, 0x1, 0xe5, 0x64, 0x47, 0x80, 0x40,

    /* U+00E8 "è" */
    0x0, 0x1f, 0xfa, 0x0, 0x3f, 0x1b, 0x3, 0x80,
    0x7f, 0x40, 0x83, 0x80, 0x7e, 0x18, 0x9, 0x0,
    0xfe, 0x6f, 0xe0, 0xf, 0xfe, 0x44, 0x6f, 0xf6,
    0x28, 0x6, 0x1d, 0x72, 0x1, 0x3a, 0xa0, 0x5,
    0xa4, 0x9, 0x52, 0x40, 0xac, 0x8, 0x60, 0x96,
    0xad, 0x82, 0x16, 0x1a, 0x0, 0xf0, 0x8, 0x5c,
    0x8, 0xa0, 0x5, 0xff, 0xe6, 0x0, 0x8, 0x7,
    0xfc, 0xe4, 0x0, 0xaf, 0xff, 0x93, 0x40, 0x12,
    0x1, 0xa7, 0x70, 0x10, 0xc0, 0xf1, 0x99, 0x6c,
    0x4c, 0x0, 0xd2, 0x3, 0x99, 0x20, 0x15, 0x80,
    0x7, 0x60, 0xc0, 0x4, 0xfa, 0x20,

    /* U+00E9 "é" */
    0x0, 0xf4, 0xff, 0x88, 0x3, 0xe1, 0x60, 0x72,
    0x0, 0xf9, 0x80, 0x60, 0x3, 0xf4, 0x85, 0x80,
    0x7f, 0x77, 0xa8, 0x7, 0xff, 0x1e, 0x37, 0xfb,
    0x14, 0x3, 0xe, 0xb9, 0x0, 0x9d, 0x50, 0x2,
    0xd2, 0x4, 0xa9, 0x20, 0x56, 0x4, 0x30, 0x4b,
    0x56, 0xc1, 0xb, 0xd, 0x0, 0x78, 0x4, 0x2e,
    0x4, 0x50, 0x2, 0xff, 0xf3, 0x0, 0x4, 0x3,
    0xfe, 0x72, 0x0, 0x57, 0xff, 0xc9, 0xa0, 0x9,
    0x0, 0xd3, 0xb8, 0x8, 0x60, 0x78, 0xcc, 0xb6,
    0x26, 0x0, 0x69, 0x1, 0xcc, 0x90, 0xa, 0xc0,
    0x3, 0xb0, 0x60, 0x2, 0x7d, 0x10,

    /* U+00EA "ê" */
    0x0, 0xd3, 0xfe, 0x70, 0xf, 0x95, 0x84, 0x20,
    0xc0, 0x38, 0xa8, 0x2a, 0x81, 0xa2, 0x1, 0xac,
    0xe1, 0x15, 0xc9, 0x80, 0x34, 0xe3, 0x80, 0x23,
    0x1c, 0x3, 0xa3, 0x7f, 0xb1, 0x40, 0x30, 0xeb,
    0x90, 0x9, 0xd5, 0x0, 0x2d, 0x20, 0x4a, 0x92,
    0x5, 0x60, 0x43, 0x4, 0xb5, 0x6c, 0x10, 0xb0,
    0xd0, 0x7, 0x80, 0x42, 0xe0, 0x45, 0x0, 0x2f,
    0xff, 0x30, 0x0, 0x40, 0x3f, 0xe7, 0x20, 0x5,
    0x7f, 0xfc, 0x9a, 0x0, 0x90, 0xd, 0x3b, 0x80,
    0x86, 0x7, 0x8c, 0xcb, 0x62, 0x60, 0x6, 0x90,
    0x1c, 0xc9, 0x0, 0xac, 0x0, 0x3b, 0x6, 0x0,
    0x27, 0xd1, 0x0,

    /* U+00EB "ë" */
    0x0, 0x4f, 0xd0, 0xe, 0x7b, 0x0, 0x42, 0xc0,
    0xa6, 0xe6, 0x12, 0x1, 0x9, 0x0, 0x9, 0x40,
    0x8, 0x1, 0xb2, 0xb8, 0x4f, 0x6a, 0xc0, 0x30,
    0xee, 0x7f, 0x70, 0x3, 0x87, 0x5c, 0x80, 0x4e,
    0xa8, 0x1, 0x69, 0x2, 0x54, 0x90, 0x2b, 0x2,
    0x18, 0x25, 0xab, 0x60, 0x85, 0x86, 0x80, 0x3c,
    0x2, 0x17, 0x2, 0x28, 0x1, 0x7f, 0xf9, 0x80,
    0x2, 0x1, 0xff, 0x39, 0x0, 0x2b, 0xff, 0xe4,
    0xd0, 0x4, 0x80, 0x69, 0xdc, 0x4, 0x30, 0x3c,
    0x66, 0x5b, 0x13, 0x0, 0x34, 0x80, 0xe6, 0x48,
    0x5, 0x60, 0x1, 0xd8, 0x30, 0x1, 0x3e, 0x88,
    0x0,

    /* U+00EC "ì" */
    0xd, 0xfd, 0x0, 0xa4, 0x9, 0x0, 0x8, 0x80,
    0xf0, 0xa, 0x41, 0xc, 0x0, 0x5f, 0xe3, 0x0,
    0x1f, 0xfa, 0xc0, 0x3f, 0xfe, 0xc0,

    /* U+00ED "í" */
    0x0, 0x27, 0xf9, 0x80, 0x10, 0x6, 0xc0, 0x66,
    0xf, 0x0, 0x48, 0x29, 0x80, 0x2b, 0xe8, 0x0,
    0x7f, 0xeb, 0x0, 0xff, 0xfc, 0x0,

    /* U+00EE "î" */
    0x0, 0x2f, 0xfb, 0x0, 0x31, 0x50, 0x19, 0xa4,
    0x2, 0xf0, 0x8d, 0x16, 0x50, 0x44, 0x3b, 0x87,
    0x5b, 0x41, 0x26, 0x0, 0x7, 0x30, 0x1, 0x1f,
    0xfa, 0xc0, 0x3f, 0xff, 0xe0, 0x1f, 0xfc, 0xf0,

    /* U+00EF "ï" */
    0x5e, 0xd2, 0x8, 0xfa, 0x9, 0x12, 0xa1, 0x70,
    0x53, 0x50, 0x6, 0x89, 0x0, 0xa, 0x6b, 0x14,
    0x32, 0xb4, 0x41, 0x43, 0xfd, 0x4a, 0x40, 0x1f,
    0xff, 0xf0, 0xf, 0xfe, 0x68,

    /* U+00F0 "ð" */
    0x3, 0x93, 0x0, 0x98, 0xc0, 0x3a, 0x5b, 0x29,
    0x32, 0x7c, 0x3, 0xb4, 0x41, 0x6c, 0xc6, 0x80,
    0x39, 0xd8, 0x3, 0x23, 0x0, 0x72, 0xb8, 0x20,
    0x82, 0xd8, 0x7, 0x2a, 0x55, 0xe1, 0x2, 0x50,
    0x7, 0x5a, 0x81, 0x60, 0x82, 0xb0, 0x6, 0x19,
    0xef, 0xc4, 0x0, 0x40, 0x4, 0x7e, 0xc2, 0x4,
    0xa0, 0x1, 0x70, 0x7, 0x8, 0x1d, 0xe3, 0x80,
    0x56, 0xa, 0x40, 0x58, 0x87, 0xe, 0x0, 0x30,
    0xf0, 0x5, 0x80, 0x68, 0x0, 0x85, 0x80, 0xa,
    0x1, 0xc4, 0x0, 0x30, 0xf, 0xfe, 0x1, 0x28,
    0x1, 0x0, 0x30, 0x90, 0x10, 0x68, 0x2, 0x44,
    0x2, 0xb0, 0x2, 0x82, 0x18, 0xf, 0xc3, 0xe2,
    0x80, 0xc8, 0x3, 0x48, 0x5, 0xe0, 0xc0, 0x74,
    0x40, 0x3, 0xb0, 0x60, 0x2, 0x7f, 0x30, 0x0,

    /* U+00F1 "ñ" */
    0x0, 0x16, 0xfd, 0x12, 0x7b, 0x0, 0x50, 0x42,
    0xbb, 0x60, 0xa0, 0x13, 0x97, 0x51, 0x3, 0x18,
    0x5, 0xba, 0x5, 0xdf, 0x90, 0xf, 0xfe, 0xb,
    0x7f, 0xa0, 0xf3, 0xfa, 0x88, 0x3, 0x1e, 0x18,
    0xa, 0xe0, 0x80, 0x48, 0x8b, 0xa1, 0x1, 0x90,
    0x8, 0xad, 0x16, 0xc0, 0x8, 0x1, 0x38, 0x4,
    0x80, 0x1, 0x0, 0x88, 0x3, 0xff, 0xfa,

    /* U+00F2 "ò" */
    0x0, 0xbb, 0xf0, 0x3, 0xfd, 0x60, 0x68, 0x1,
    0xfc, 0xa8, 0x1e, 0x1, 0xfe, 0x90, 0x42, 0x0,
    0xfe, 0x2f, 0xf1, 0x0, 0x7f, 0xf2, 0x5b, 0x3b,
    0xf6, 0x48, 0x3, 0xd, 0xc9, 0x88, 0x13, 0x6a,
    0x0, 0x56, 0x80, 0x6, 0x73, 0x0, 0x59, 0x1,
    0xa8, 0xe, 0xcc, 0x63, 0x0, 0x20, 0x28, 0x1,
    0x24, 0x1, 0x40, 0x1, 0x40, 0x80, 0x8, 0x1,
    0x84, 0xc0, 0x4, 0x1, 0xff, 0xc1, 0x20, 0x2,
    0x0, 0x61, 0x30, 0x1, 0x50, 0x2, 0x48, 0x2,
    0x80, 0x2, 0x81, 0xa8, 0xe, 0x4c, 0x63, 0x0,
    0x20, 0x1, 0x66, 0x2, 0xce, 0x60, 0xb, 0x20,
    0x0, 0xe4, 0x98, 0x81, 0x36, 0xa0, 0x0,

    /* U+00F3 "ó" */
    0x0, 0xf2, 0xff, 0x98, 0x3, 0xfa, 0x40, 0xd8,
    0x3, 0xf1, 0x98, 0x3c, 0x3, 0xfa, 0x41, 0x4c,
    0x3, 0xfa, 0xbe, 0x80, 0x3f, 0xf9, 0x2d, 0x9d,
    0xfb, 0x24, 0x1, 0x86, 0xe4, 0xc4, 0x9, 0xb5,
    0x0, 0x2b, 0x40, 0x3, 0x39, 0x80, 0x2c, 0x80,
    0xd4, 0x7, 0x66, 0x31, 0x80, 0x10, 0x14, 0x0,
    0x92, 0x0, 0xa0, 0x0, 0xa0, 0x40, 0x4, 0x0,
    0xc2, 0x60, 0x2, 0x0, 0xff, 0xe0, 0x90, 0x1,
    0x0, 0x30, 0x98, 0x0, 0xa8, 0x1, 0x24, 0x1,
    0x40, 0x1, 0x40, 0xd4, 0x7, 0x26, 0x31, 0x80,
    0x10, 0x0, 0xb3, 0x1, 0x67, 0x30, 0x5, 0x90,
    0x0, 0x72, 0x4c, 0x40, 0x9b, 0x50, 0x0,

    /* U+00F4 "ô" */
    0x0, 0xcb, 0xfe, 0xc0, 0xf, 0xc5, 0x40, 0x47,
    0x0, 0x1f, 0x70, 0x3f, 0x83, 0xa0, 0x7, 0x2b,
    0xb4, 0x15, 0x27, 0x0, 0x72, 0xdc, 0x80, 0x16,
    0xe8, 0x3, 0xcd, 0x9d, 0xfb, 0x24, 0x1, 0x86,
    0xe4, 0xc4, 0x9, 0xb5, 0x0, 0x2b, 0x40, 0x3,
    0x39, 0x80, 0x2c, 0x80, 0xd4, 0x7, 0x66, 0x31,
    0x80, 0x10, 0x14, 0x0, 0x92, 0x0, 0xa0, 0x0,
    0xa0, 0x40, 0x4, 0x0, 0xc2, 0x60, 0x2, 0x0,
    0xff, 0xe0, 0x90, 0x1, 0x0, 0x30, 0x98, 0x0,
    0xa8, 0x1, 0x24, 0x1, 0x40, 0x1, 0x40, 0xd4,
    0x7, 0x26, 0x31, 0x80, 0x10, 0x0, 0xb3, 0x1,
    0x67, 0x30, 0x5, 0x90, 0x0, 0x72, 0x4c, 0x40,
    0x9b, 0x50, 0x0,

    /* U+00F5 "õ" */
    0x0, 0xa7, 0xf5, 0x83, 0x74, 0x1, 0xc6, 0xc0,
    0x53, 0xe4, 0xe0, 0x1c, 0xa1, 0x5a, 0xa0, 0x50,
    0x1, 0xcd, 0xea, 0x55, 0xfa, 0x40, 0x1f, 0xfc,
    0x76, 0xce, 0xfd, 0x92, 0x0, 0xc3, 0x72, 0x62,
    0x4, 0xda, 0x80, 0x15, 0xa0, 0x1, 0x9c, 0xc0,
    0x16, 0x40, 0x6a, 0x3, 0xb3, 0x18, 0xc0, 0x8,
    0xa, 0x0, 0x49, 0x0, 0x50, 0x0, 0x50, 0x20,
    0x2, 0x0, 0x61, 0x30, 0x1, 0x0, 0x7f, 0xf0,
    0x48, 0x0, 0x80, 0x18, 0x4c, 0x0, 0x54, 0x0,
    0x92, 0x0, 0xa0, 0x0, 0xa0, 0x6a, 0x3, 0x93,
    0x18, 0xc0, 0x8, 0x0, 0x59, 0x80, 0xb3, 0x98,
    0x2, 0xc8, 0x0, 0x39, 0x26, 0x20, 0x4d, 0xa8,
    0x0,

    /* U+00F6 "ö" */
    0x0, 0x2f, 0x69, 0x4, 0xfd, 0x0, 0x74, 0x9,
    0x50, 0xb0, 0x29, 0x80, 0x64, 0x0, 0x60, 0x88,
    0x4, 0x80, 0x34, 0xde, 0x20, 0x7d, 0x78, 0x80,
    0x71, 0x7f, 0x7e, 0x60, 0xc0, 0x30, 0xdc, 0x98,
    0x81, 0x36, 0xa0, 0x5, 0x68, 0x0, 0x67, 0x30,
    0x5, 0x90, 0x1a, 0x80, 0xec, 0xc6, 0x30, 0x2,
    0x2, 0x80, 0x12, 0x40, 0x14, 0x0, 0x14, 0x8,
    0x0, 0x80, 0x18, 0x4c, 0x0, 0x40, 0x1f, 0xfc,
    0x12, 0x0, 0x20, 0x6, 0x13, 0x0, 0x15, 0x0,
    0x24, 0x80, 0x28, 0x0, 0x28, 0x1a, 0x80, 0xe4,
    0xc6, 0x30, 0x2, 0x0, 0x16, 0x60, 0x2c, 0xe6,
    0x0, 0xb2, 0x0, 0xe, 0x49, 0x88, 0x13, 0x6a,
    0x0, 0x0,

    /* U+00F7 "÷" */
    0x0, 0xcb, 0xd8, 0x20, 0x1f, 0x40, 0x9b, 0x0,
    0x7c, 0xc0, 0x2, 0x0, 0xfa, 0xa2, 0x94, 0x2,
    0x12, 0x28, 0xd5, 0xc8, 0xb3, 0xee, 0xff, 0x70,
    0x7, 0xfc, 0xdf, 0xff, 0xd8, 0x1, 0xcc, 0x80,
    0x1f, 0xae, 0x6d, 0x40, 0x3e, 0x60, 0x1, 0x0,
    0x7d, 0x2, 0x6c, 0x1, 0x0,

    /* U+00F8 "ø" */
    0x0, 0xfc, 0xbf, 0x60, 0x1c, 0xd9, 0xdf, 0xb6,
    0x10, 0x1, 0xe, 0x49, 0x88, 0x10, 0x83, 0x80,
    0x54, 0x60, 0x2c, 0xe0, 0x15, 0x88, 0x22, 0x0,
    0x7e, 0x7c, 0x3, 0x40, 0x68, 0x2, 0x4, 0x50,
    0x18, 0x0, 0x60, 0x50, 0x2, 0x85, 0x84, 0x19,
    0x0, 0x4, 0x3, 0x1a, 0x93, 0x80, 0x72, 0x80,
    0x13, 0xc2, 0x40, 0x48, 0x0, 0x3a, 0x0, 0x83,
    0x44, 0x5, 0x80, 0x18, 0x11, 0x0, 0x1a, 0x31,
    0x40, 0x10, 0x0, 0xa2, 0x0, 0x23, 0x98, 0x2,
    0xc4, 0x0, 0x64, 0x26, 0x0, 0x27, 0xe4, 0x0,
    0x99, 0xeb, 0x3f, 0xdb, 0x2, 0x1, 0x0,

    /* U+00F9 "ù" */
    0x0, 0x47, 0xf8, 0xc0, 0x3e, 0x81, 0x9, 0x0,
    0xfd, 0x60, 0xa2, 0x1, 0xf2, 0xa0, 0x48, 0x7,
    0xeb, 0xf8, 0x0, 0xff, 0xe1, 0xb7, 0xfa, 0x0,
    0x24, 0xff, 0x50, 0x7, 0xff, 0xf4, 0x80, 0x23,
    0x0, 0x20, 0x5, 0xa0, 0x13, 0x80, 0xe, 0xde,
    0xd0, 0x2, 0x25, 0x0, 0x24, 0x23, 0x0, 0x6a,
    0x61, 0x2, 0xbd, 0x0, 0x80,

    /* U+00FA "ú" */
    0x0, 0xf7, 0x7e, 0x0, 0x7c, 0xc2, 0x1e, 0x1,
    0xf5, 0x83, 0x18, 0x7, 0x90, 0x86, 0x0, 0x3e,
    0x4f, 0xe1, 0x0, 0xff, 0xe1, 0x37, 0xfa, 0x0,
    0x24, 0xff, 0x50, 0x7, 0xff, 0xf4, 0x80, 0x23,
    0x0, 0x20, 0x5, 0xa0, 0x13, 0x80, 0xe, 0xde,
    0xd0, 0x2, 0x25, 0x0, 0x24, 0x23, 0x0, 0x6a,
    0x61, 0x2, 0xbd, 0x0, 0x80,

    /* U+00FB "û" */
    0x0, 0x87, 0xbf, 0xc6, 0x1, 0xea, 0x13, 0xe,
    0x10, 0xd, 0x8, 0x78, 0xc5, 0x40, 0x10, 0x89,
    0xb8, 0x25, 0x88, 0xc0, 0x3, 0x32, 0x20, 0x4,
    0xc8, 0xc1, 0xbf, 0xd0, 0x1, 0x27, 0xfa, 0x80,
    0x3f, 0xff, 0xa4, 0x1, 0x18, 0x1, 0x0, 0x2d,
    0x0, 0x9c, 0x0, 0x76, 0xf6, 0x80, 0x11, 0x28,
    0x1, 0x21, 0x18, 0x3, 0x53, 0x8, 0x15, 0xe8,
    0x4,

    /* U+00FC "ü" */
    0x1, 0xcf, 0x60, 0x4e, 0xd2, 0x0, 0x39, 0x84,
    0x7, 0x89, 0x58, 0x1, 0x40, 0xa, 0x6, 0x0,
    0xf0, 0x1, 0xe5, 0x58, 0x45, 0xd9, 0x81, 0xbf,
    0x34, 0x3, 0x5f, 0xd0, 0x7, 0xff, 0xf4, 0x80,
    0x23, 0x0, 0x20, 0x5, 0xa0, 0x13, 0x80, 0xe,
    0xde, 0xd0, 0x2, 0x25, 0x0, 0x24, 0x23, 0x0,
    0x6a, 0x61, 0x2, 0xbd, 0x0, 0x80,

    /* U+00FD "ý" */
    0x0, 0xf0, 0xff, 0xa8, 0x3, 0xfa, 0x40, 0x16,
    0x1, 0xfc, 0xc1, 0x2, 0x1, 0xf9, 0x84, 0x9c,
    0x3, 0xf9, 0xbf, 0x40, 0x3f, 0xf8, 0xc5, 0xfe,
    0xd0, 0xe, 0xbf, 0xf1, 0x91, 0x81, 0x10, 0x2,
    0x14, 0x2, 0x30, 0xa0, 0x5, 0x0, 0x4e, 0x0,
    0x50, 0x3, 0x0, 0x18, 0x2, 0xa0, 0x5, 0x0,
    0x4a, 0x2, 0x60, 0x26, 0x6, 0x40, 0x17, 0x0,
    0x28, 0x18, 0x1, 0x40, 0x19, 0x4, 0x1c, 0x2c,
    0x0, 0xc0, 0x1c, 0xc0, 0x2c, 0x60, 0xa0, 0x1e,
    0xa0, 0x4, 0x80, 0x38, 0x3, 0xc4, 0x60, 0x11,
    0x20, 0x7, 0xd4, 0x1, 0x28, 0x7, 0xe7, 0x0,
    0xa8, 0x3, 0xf3, 0x80, 0x14, 0x80, 0x30, 0xbb,
    0xae, 0x40, 0x10, 0x1, 0xc7, 0x10, 0x40, 0x5,
    0x90, 0x7, 0xe1, 0x6d, 0x40, 0xf, 0x0,

    /* U+00FE "þ" */
    0x6f, 0xf4, 0x0, 0x7f, 0xfd, 0x4a, 0xbb, 0xf5,
    0xc0, 0x3c, 0x58, 0xa2, 0x5, 0x16, 0x1, 0xca,
    0x2d, 0xa, 0x0, 0x47, 0x0, 0xeb, 0x97, 0xa9,
    0x0, 0x48, 0x6, 0x44, 0x0, 0x4c, 0x40, 0x26,
    0x1, 0x18, 0x7, 0x38, 0x1, 0x80, 0x3f, 0xf8,
    0x86, 0x1, 0xce, 0x0, 0x60, 0x9, 0x10, 0x1,
    0x31, 0x0, 0x98, 0x6, 0xb9, 0x7a, 0x90, 0x4,
    0x80, 0x65, 0x16, 0x85, 0x0, 0x23, 0x80, 0x62,
    0xc5, 0x10, 0x28, 0xb0, 0xf, 0x15, 0x77, 0xeb,
    0x80, 0x7f, 0xf7, 0x80,

    /* U+00FF "ÿ" */
    0x0, 0x16, 0xf2, 0x2, 0xf6, 0x8, 0x6, 0xa2,
    0x18, 0x8, 0x13, 0x60, 0xd, 0xa0, 0x5, 0x7,
    0x0, 0x18, 0x6, 0x5c, 0xa9, 0xa, 0xa6, 0x20,
    0x0, 0xbf, 0xdc, 0xa0, 0x12, 0xc7, 0xf8, 0xc8,
    0xc0, 0x88, 0x1, 0xa, 0x1, 0x18, 0x50, 0x2,
    0x80, 0x27, 0x0, 0x28, 0x1, 0x80, 0xc, 0x1,
    0x50, 0x2, 0x80, 0x25, 0x1, 0x30, 0x13, 0x3,
    0x20, 0xb, 0x80, 0x14, 0xc, 0x0, 0xa0, 0xc,
    0x82, 0xe, 0x16, 0x0, 0x60, 0xe, 0x60, 0x16,
    0x30, 0x50, 0xf, 0x50, 0x2, 0x40, 0x1c, 0x1,
    0xe2, 0x30, 0x8, 0x90, 0x3, 0xea, 0x0, 0x94,
    0x3, 0xf3, 0x80, 0x54, 0x1, 0xf9, 0xc0, 0xa,
    0x40, 0x18, 0x5d, 0xd7, 0x20, 0x8, 0x0, 0xe3,
    0x88, 0x20, 0x2, 0xc8, 0x3, 0xf0, 0xb6, 0xa0,
    0x7, 0x80,

    /* U+0100 "Ā" */
    0x0, 0xc5, 0xff, 0xed, 0x0, 0xfe, 0x22, 0xf3,
    0x0, 0x7e, 0x2d, 0xdf, 0x58, 0x7, 0xff, 0x3b,
    0x3f, 0xe7, 0x0, 0xff, 0x11, 0x80, 0x56, 0x1,
    0xfe, 0xa0, 0xc, 0x64, 0x1, 0xfc, 0xa0, 0x5,
    0x0, 0x50, 0x7, 0xe3, 0x20, 0x28, 0x0, 0x28,
    0x7, 0xeb, 0x0, 0x51, 0x18, 0x11, 0x80, 0x7c,
    0xc0, 0x5, 0xb, 0x0, 0x50, 0x7, 0x90, 0x40,
    0xc8, 0x18, 0x0, 0xe0, 0x1e, 0xd0, 0x5, 0x80,
    0x4, 0xc0, 0x50, 0x3, 0x9c, 0x0, 0xc0, 0x15,
    0x0, 0x34, 0x3, 0x20, 0x80, 0x3b, 0xfe, 0x90,
    0x3, 0x0, 0x6e, 0x0, 0xff, 0x94, 0x2, 0x50,
    0x2, 0xaf, 0x90, 0x1, 0xe0, 0x5, 0x0, 0x1d,
    0x57, 0xc0, 0x5, 0x0, 0x70, 0x2, 0x80, 0x3c,
    0x28, 0x0, 0x61, 0x40, 0x3, 0x80, 0x7d, 0xa0,
    0xd,

    /* U+0101 "ā" */
    0x0, 0x1e, 0xef, 0xa8, 0x3, 0xc4, 0x5e, 0x60,
    0xe, 0x3f, 0xff, 0x60, 0x7, 0xff, 0x18, 0x67,
    0xbf, 0x5c, 0x3b, 0xfc, 0x0, 0x2f, 0x61, 0x2,
    0x8a, 0x0, 0xef, 0x10, 0x17, 0x83, 0x51, 0x0,
    0x90, 0x80, 0x72, 0x1f, 0x14, 0x3, 0x68, 0x1,
    0x88, 0x2, 0x80, 0xc, 0x40, 0xc, 0x0, 0xc4,
    0x20, 0x1e, 0x70, 0xf, 0xe2, 0x0, 0x28, 0x6,
    0x11, 0x0, 0x5a, 0x0, 0xb0, 0xd, 0x20, 0x19,
    0x8, 0xb, 0x15, 0x25, 0xc0, 0x3b, 0xc4, 0xe,
    0xad, 0x8c, 0x40, 0x31, 0x7b, 0x8, 0xb, 0xe0,
    0x6,

    /* U+0102 "Ă" */
    0x0, 0xc7, 0x8, 0x1, 0x34, 0x8, 0x7, 0xce,
    0xe9, 0x0, 0x1c, 0xb8, 0x80, 0x7c, 0x86, 0x5d,
    0x98, 0x8, 0x0, 0xfe, 0xd5, 0x3, 0x28, 0x70,
    0xf, 0xe1, 0xae, 0xfd, 0x70, 0xf, 0xfe, 0x7e,
    0x7f, 0xce, 0x1, 0xfe, 0x23, 0x0, 0xac, 0x3,
    0xfd, 0x40, 0x18, 0xc8, 0x3, 0xf9, 0x40, 0xa,
    0x0, 0xa0, 0xf, 0xc6, 0x40, 0x50, 0x0, 0x50,
    0xf, 0xd6, 0x0, 0xa2, 0x30, 0x23, 0x0, 0xf9,
    0x80, 0xa, 0x16, 0x0, 0xa0, 0xf, 0x20, 0x81,
    0x90, 0x30, 0x1, 0xc0, 0x3d, 0xa0, 0xb, 0x0,
    0x9, 0x80, 0xa0, 0x7, 0x38, 0x1, 0x80, 0x2a,
    0x0, 0x68, 0x6, 0x41, 0x0, 0x77, 0xfd, 0x20,
    0x6, 0x0, 0xdc, 0x1, 0xff, 0x28, 0x4, 0xa0,
    0x5, 0x5f, 0x20, 0x3, 0xc0, 0xa, 0x0, 0x3a,
    0xaf, 0x80, 0xa, 0x0, 0xe0, 0x5, 0x0, 0x78,
    0x50, 0x0, 0xc2, 0x80, 0x7, 0x0, 0xfb, 0x40,
    0x1a,

    /* U+0103 "ă" */
    0x0, 0x3f, 0xc0, 0x5, 0xfe, 0x0, 0xe4, 0x6,
    0x30, 0x90, 0x40, 0xe, 0x35, 0x1c, 0xf6, 0x8,
    0x0, 0xf5, 0x4a, 0x1b, 0x61, 0x80, 0x7c, 0xd7,
    0x92, 0x60, 0x1e, 0x19, 0xef, 0xd7, 0xe, 0xff,
    0x0, 0xb, 0xd8, 0x40, 0xa2, 0x80, 0x3b, 0xc4,
    0x5, 0xe0, 0xd4, 0x40, 0x24, 0x20, 0x1c, 0x87,
    0xc5, 0x0, 0xda, 0x0, 0x62, 0x0, 0xa0, 0x3,
    0x10, 0x3, 0x0, 0x31, 0x8, 0x7, 0x9c, 0x3,
    0xf8, 0x80, 0xa, 0x1, 0x84, 0x40, 0x16, 0x80,
    0x2c, 0x3, 0x48, 0x6, 0x42, 0x2, 0xc5, 0x49,
    0x70, 0xe, 0xf1, 0x3, 0xab, 0x63, 0x10, 0xc,
    0x5e, 0xc2, 0x2, 0xf8, 0x1, 0x80,

    /* U+0104 "Ą" */
    0x0, 0xf6, 0x7f, 0xce, 0x1, 0xff, 0x11, 0x80,
    0x56, 0x1, 0xff, 0x50, 0x6, 0x32, 0x0, 0xff,
    0x28, 0x1, 0x40, 0x14, 0x1, 0xfc, 0x64, 0x5,
    0x0, 0x5, 0x0, 0xfe, 0xb0, 0x5, 0x11, 0x81,
    0x18, 0x7, 0xe6, 0x0, 0x28, 0x58, 0x2, 0xc0,
    0x3e, 0x41, 0x3, 0x20, 0x60, 0x3, 0x0, 0x7d,
    0xa0, 0xb, 0x0, 0x9, 0x80, 0xa0, 0x7, 0x9c,
    0x0, 0xc0, 0x15, 0x0, 0x34, 0x3, 0x90, 0x40,
    0x1d, 0xff, 0x48, 0x1, 0xc0, 0x3b, 0x80, 0x3f,
    0xc2, 0x80, 0x19, 0x40, 0xa, 0xbe, 0x40, 0x7,
    0x0, 0x4a, 0x0, 0x3a, 0xaf, 0x80, 0xa, 0x1,
    0x70, 0x2, 0x80, 0x3c, 0x28, 0x0, 0x50, 0x14,
    0x0, 0x38, 0x7, 0xda, 0x0, 0xe0, 0x1f, 0xf8,
    0x40, 0x3e, 0x63, 0xf, 0x0, 0xff, 0xe0, 0xa9,
    0x92, 0x0, 0x7f, 0xf0, 0x44, 0xb, 0x64, 0x3,
    0xff, 0x80, 0x90, 0x44, 0x30,

    /* U+0105 "ą" */
    0x0, 0xc, 0xf7, 0xeb, 0x87, 0x7f, 0x80, 0x5,
    0xec, 0x20, 0x51, 0x40, 0x1d, 0xe2, 0x2, 0xf0,
    0x6a, 0x20, 0x12, 0x10, 0xe, 0x43, 0xe2, 0x80,
    0x6d, 0x0, 0x31, 0x0, 0x50, 0x1, 0x88, 0x1,
    0x80, 0x18, 0x84, 0x3, 0xce, 0x1, 0xfc, 0x40,
    0x5, 0x0, 0xc2, 0x20, 0xb, 0x40, 0x16, 0x1,
    0xa4, 0x3, 0x21, 0x1, 0x62, 0xa4, 0xb8, 0x7,
    0x78, 0x81, 0xd5, 0xb1, 0x88, 0x6, 0x2f, 0x61,
    0x1, 0x7c, 0x0, 0xf0, 0xcf, 0x7f, 0x40, 0x28,
    0x50, 0x7, 0xf1, 0xa0, 0x28, 0x7, 0xf1, 0x0,
    0x3a, 0xc0, 0x3f, 0xd, 0x10, 0xb0,

    /* U+0106 "Ć" */
    0x0, 0xfe, 0x9f, 0xf1, 0x0, 0x7f, 0xf0, 0x5,
    0x81, 0xc8, 0x3, 0xff, 0x80, 0xc0, 0x30, 0x1,
    0xff, 0xc1, 0x90, 0xb0, 0xf, 0xfe, 0x17, 0x7a,
    0x80, 0x7f, 0xf4, 0x12, 0xb7, 0xfd, 0xb4, 0x80,
    0x1f, 0xe, 0x5a, 0x90, 0x0, 0x96, 0xec, 0x1,
    0xc3, 0x86, 0x0, 0x13, 0x30, 0x80, 0x13, 0x0,
    0x35, 0x10, 0x2, 0xbb, 0x31, 0xd4, 0x0, 0x35,
    0x0, 0x22, 0x0, 0x18, 0xa0, 0x19, 0x68, 0x1,
    0x0, 0xe, 0x0, 0x31, 0x80, 0x79, 0x59, 0x50,
    0x0, 0xe0, 0xd, 0x0, 0xfd, 0x35, 0x20, 0x2,
    0x0, 0x28, 0x7, 0xff, 0x48, 0x80, 0xa, 0x1,
    0xff, 0xc1, 0x70, 0x6, 0x80, 0x7e, 0x9a, 0xa0,
    0x3, 0x80, 0xc, 0x60, 0x1e, 0x56, 0x57, 0x0,
    0x22, 0x0, 0x18, 0xa0, 0x19, 0x68, 0x1, 0x0,
    0x15, 0x10, 0x2, 0xbb, 0x31, 0xd4, 0x0, 0x45,
    0x0, 0x87, 0xc, 0x0, 0x26, 0x61, 0x0, 0x25,
    0x80, 0x70, 0xe5, 0xa9, 0x0, 0x9, 0x6e, 0xc0,
    0x10,

    /* U+0107 "ć" */
    0x0, 0xf2, 0x7f, 0x98, 0x3, 0xf7, 0x81, 0x30,
    0x7, 0xc6, 0x81, 0x20, 0x1f, 0xa4, 0x15, 0x0,
    0x3f, 0x57, 0xd0, 0x7, 0xff, 0x1d, 0xb3, 0xbf,
    0x64, 0x80, 0x21, 0xc9, 0x31, 0x2, 0x6d, 0x30,
    0x5, 0x18, 0xb, 0xca, 0x80, 0x34, 0x11, 0x0,
    0x3f, 0xd, 0x4c, 0x2, 0xba, 0x0, 0x81, 0x0,
    0xa2, 0xa8, 0xc4, 0x0, 0x50, 0xc, 0x2a, 0xa3,
    0x0, 0x84, 0x3, 0xf1, 0x0, 0x10, 0x3, 0xa,
    0xa8, 0xf4, 0x1, 0x2, 0x1, 0x45, 0x51, 0x91,
    0x0, 0x3f, 0xd, 0x4c, 0x2, 0xa1, 0x46, 0x2,
    0xf2, 0xa0, 0xd, 0x0, 0xe, 0x49, 0x80, 0x5,
    0xb4, 0xc0,

    /* U+010A "Ċ" */
    0x0, 0xf9, 0x3b, 0x4c, 0x3, 0xff, 0x83, 0x2,
    0x52, 0x1, 0xff, 0xc1, 0x50, 0x6, 0x80, 0x7f,
    0xf0, 0x66, 0x54, 0xe0, 0x1f, 0xfc, 0x26, 0x50,
    0xf, 0xfe, 0x8a, 0x56, 0xff, 0xb6, 0x90, 0x3,
    0xe1, 0xcb, 0x52, 0x0, 0x12, 0xdd, 0x80, 0x38,
    0x70, 0xc0, 0x2, 0x66, 0x10, 0x2, 0x60, 0x6,
    0xa2, 0x0, 0x57, 0x66, 0x3a, 0x80, 0x6, 0xa0,
    0x4, 0x40, 0x3, 0x14, 0x3, 0x2d, 0x0, 0x20,
    0x1, 0xc0, 0x6, 0x30, 0xf, 0x2b, 0x2a, 0x0,
    0x1c, 0x1, 0xa0, 0x1f, 0xa6, 0xa4, 0x0, 0x40,
    0x5, 0x0, 0xff, 0xe9, 0x10, 0x1, 0x40, 0x3f,
    0xf8, 0x2e, 0x0, 0xd0, 0xf, 0xd3, 0x54, 0x0,
    0x70, 0x1, 0x8c, 0x3, 0xca, 0xca, 0xe0, 0x4,
    0x40, 0x3, 0x14, 0x3, 0x2d, 0x0, 0x20, 0x2,
    0xa2, 0x0, 0x57, 0x66, 0x3a, 0x80, 0x8, 0xa0,
    0x10, 0xe1, 0x80, 0x4, 0xcc, 0x20, 0x4, 0xb0,
    0xe, 0x1c, 0xb5, 0x20, 0x1, 0x2d, 0xd8, 0x2,

    /* U+010B "ċ" */
    0x0, 0xc3, 0x9e, 0xc0, 0x1f, 0x98, 0xc2, 0x40,
    0x3f, 0x18, 0x0, 0xc0, 0x3f, 0x25, 0xc6, 0x80,
    0x7f, 0x23, 0x88, 0x7, 0xcd, 0x9d, 0xfb, 0x24,
    0x1, 0xe, 0x49, 0x88, 0x13, 0x69, 0x80, 0x28,
    0xc0, 0x5e, 0x54, 0x1, 0xa0, 0x88, 0x1, 0xf8,
    0x6a, 0x60, 0x15, 0xd0, 0x4, 0x8, 0x5, 0x15,
    0x46, 0x20, 0x2, 0x80, 0x61, 0x55, 0x18, 0x4,
    0x20, 0x1f, 0x88, 0x0, 0x80, 0x18, 0x55, 0x47,
    0xa0, 0x8, 0x10, 0xa, 0x2a, 0x8c, 0x88, 0x1,
    0xf8, 0x6a, 0x60, 0x15, 0xa, 0x30, 0x17, 0x95,
    0x0, 0x68, 0x0, 0x72, 0x4c, 0x0, 0x2d, 0xa6,
    0x0,

    /* U+010C "Č" */
    0x0, 0xea, 0xfa, 0x0, 0x67, 0xc0, 0x7, 0xf5,
    0x8a, 0xa9, 0xcc, 0xa0, 0x3, 0xf8, 0x68, 0x2e,
    0x3, 0x80, 0x3f, 0xe4, 0x61, 0x8, 0x30, 0xf,
    0xfe, 0x4, 0xff, 0x9c, 0x3, 0xff, 0xa0, 0x95,
    0xbf, 0xed, 0xa4, 0x0, 0xf8, 0x72, 0xd4, 0x80,
    0x4, 0xb7, 0x60, 0xe, 0x1c, 0x30, 0x0, 0x99,
    0x84, 0x0, 0x98, 0x1, 0xa8, 0x80, 0x15, 0xd9,
    0x8e, 0xa0, 0x1, 0xa8, 0x1, 0x10, 0x0, 0xc5,
    0x0, 0xcb, 0x40, 0x8, 0x0, 0x70, 0x1, 0x8c,
    0x3, 0xca, 0xca, 0x80, 0x7, 0x0, 0x68, 0x7,
    0xe9, 0xa9, 0x0, 0x10, 0x1, 0x40, 0x3f, 0xfa,
    0x44, 0x0, 0x50, 0xf, 0xfe, 0xb, 0x80, 0x34,
    0x3, 0xf4, 0xd5, 0x0, 0x1c, 0x0, 0x63, 0x0,
    0xf2, 0xb2, 0xb8, 0x1, 0x10, 0x0, 0xc5, 0x0,
    0xcb, 0x40, 0x8, 0x0, 0xa8, 0x80, 0x15, 0xd9,
    0x8e, 0xa0, 0x2, 0x28, 0x4, 0x38, 0x60, 0x1,
    0x33, 0x8, 0x1, 0x2c, 0x3, 0x87, 0x2d, 0x48,
    0x0, 0x4b, 0x76, 0x0, 0x80,

    /* U+010D "č" */
    0x0, 0x2f, 0xf0, 0x84, 0x7e, 0x80, 0x65, 0x61,
    0xa3, 0x70, 0xf0, 0xe, 0x92, 0x4c, 0x9, 0x20,
    0xf, 0x71, 0x11, 0x98, 0x1, 0xf1, 0xee, 0xa4,
    0x3, 0xe6, 0xce, 0xfd, 0x91, 0x0, 0x87, 0x24,
    0xc4, 0x9, 0xbc, 0xc0, 0x14, 0x60, 0x2f, 0x28,
    0x3, 0xc0, 0x88, 0x1, 0xf8, 0x6b, 0x50, 0x24,
    0xd0, 0x4, 0x8, 0x5, 0xe, 0xe0, 0x20, 0x2,
    0x80, 0x62, 0x88, 0x20, 0x4, 0x20, 0x1f, 0x88,
    0x0, 0x80, 0x18, 0x51, 0x5, 0xa0, 0x8, 0x10,
    0xa, 0x2e, 0xce, 0x88, 0x1, 0xf8, 0x6a, 0x60,
    0x15, 0xa, 0x30, 0x17, 0x95, 0x0, 0x50, 0x0,
    0x72, 0x4c, 0x0, 0x2d, 0xa8, 0x0,

    /* U+010E "Ď" */
    0x0, 0xf, 0x7a, 0x81, 0x7f, 0x8c, 0x3, 0xc3,
    0x61, 0x63, 0xc1, 0x6, 0x1, 0xf2, 0xa8, 0x7c,
    0xcc, 0xe0, 0x1f, 0xd6, 0x22, 0xe, 0x0, 0xff,
    0xf, 0x7f, 0x88, 0x3, 0xff, 0x92, 0x9f, 0xfe,
    0xec, 0x71, 0x0, 0xff, 0x84, 0xe3, 0x98, 0x3,
    0xc2, 0xab, 0x18, 0x5, 0x2e, 0x1, 0xcb, 0x55,
    0x67, 0x28, 0x2, 0xc, 0x3, 0xf8, 0x69, 0x40,
    0x10, 0x1, 0xff, 0x58, 0x1, 0x4, 0x3, 0xfc,
    0x28, 0x0, 0x40, 0xf, 0xf8, 0xc0, 0x4, 0x1,
    0xff, 0xce, 0x30, 0x1, 0x0, 0x7f, 0x85, 0x0,
    0x8, 0x1, 0xfe, 0xb0, 0x2, 0x8, 0x7, 0xe1,
    0xa5, 0x0, 0x40, 0x6, 0x5a, 0xa5, 0xe7, 0x28,
    0x2, 0xc, 0x3, 0xa, 0xa9, 0xc, 0x2, 0x97,
    0x0, 0xfe, 0x13, 0x8e, 0x60, 0x8,

    /* U+010F "ď" */
    0x0, 0xfe, 0xff, 0x81, 0x3f, 0xc4, 0x1, 0xff,
    0xc1, 0x10, 0x12, 0x0, 0xff, 0xe0, 0x98, 0x28,
    0x7, 0xff, 0x10, 0xc0, 0x3f, 0xf8, 0x65, 0x80,
    0x11, 0x57, 0x7e, 0xb8, 0x7, 0x36, 0xa0, 0x0,
    0xf5, 0x44, 0xa, 0x28, 0x3, 0xfb, 0x80, 0x2,
    0xf0, 0x6a, 0x1, 0xf9, 0x48, 0x7, 0xe1, 0xf1,
    0x0, 0x3f, 0x78, 0x2, 0x4, 0x2, 0x90, 0xf,
    0xcc, 0x0, 0x50, 0xc, 0x40, 0x1f, 0xfc, 0xd6,
    0x0, 0x28, 0x6, 0x30, 0xf, 0xde, 0x0, 0x81,
    0x0, 0xa0, 0x3, 0xf2, 0x90, 0xf, 0xc3, 0xe2,
    0x0, 0x7f, 0x70, 0x0, 0x5e, 0xd, 0x40, 0x3f,
    0x8f, 0x54, 0x40, 0xa2, 0x80, 0x3f, 0x0,

    /* U+0110 "Đ" */
    0x0, 0x3f, 0xff, 0xba, 0xd8, 0x3, 0xff, 0x84,
    0x29, 0x3c, 0x80, 0x1f, 0x89, 0x56, 0x30, 0x0,
    0xda, 0x0, 0x7c, 0xb5, 0x56, 0x69, 0x80, 0x28,
    0x40, 0x3f, 0xe2, 0xc2, 0x1, 0x90, 0xf, 0xfe,
    0xc, 0x80, 0x18, 0xd, 0xf0, 0x0, 0x6e, 0xe5,
    0x0, 0x90, 0x40, 0x49, 0x61, 0x0, 0x9, 0x10,
    0xf0, 0xc, 0xa0, 0x6, 0x0, 0xff, 0xe2, 0xb7,
    0xc0, 0x1, 0xff, 0xd4, 0x1, 0x94, 0x0, 0xc0,
    0x1f, 0xfc, 0x4, 0x10, 0x12, 0x0, 0xff, 0xe0,
    0x48, 0x1, 0x80, 0x3f, 0xe2, 0xc2, 0x1, 0x90,
    0xf, 0x2d, 0x52, 0xf7, 0x46, 0x0, 0xa1, 0x0,
    0xf1, 0x2a, 0x90, 0x80, 0x3, 0x68, 0x1, 0xff,
    0xa, 0x4f, 0x20, 0x4,

    /* U+0111 "đ" */
    0x0, 0xfe, 0xff, 0x80, 0x3f, 0xf9, 0x5d, 0xfe,
    0x0, 0xbf, 0x40, 0x3f, 0xf9, 0x1d, 0xfe, 0x0,
    0xbf, 0x40, 0x5, 0x5d, 0xfa, 0xe0, 0x1f, 0x1e,
    0xa8, 0x81, 0x45, 0x0, 0x7b, 0x80, 0x2, 0xf0,
    0x6a, 0x1, 0xca, 0x40, 0x3f, 0xf, 0x88, 0x1,
    0xde, 0x0, 0x81, 0x0, 0xa4, 0x3, 0x98, 0x0,
    0xa0, 0x18, 0x80, 0x3f, 0xf8, 0xec, 0x0, 0x50,
    0xc, 0x60, 0x1d, 0xe0, 0x8, 0x10, 0xa, 0x0,
    0x39, 0x48, 0x7, 0xe1, 0xf1, 0x0, 0x3d, 0xc0,
    0x1, 0x78, 0x35, 0x0, 0xf1, 0xea, 0x88, 0x14,
    0x50, 0x7, 0x0,

    /* U+0112 "Ē" */
    0x0, 0x1f, 0xff, 0xb0, 0x3, 0x9, 0x17, 0x98,
    0x3, 0x16, 0xef, 0xa8, 0x3, 0xff, 0x84, 0x9f,
    0xff, 0xea, 0x0, 0xff, 0xe1, 0x8a, 0xaf, 0xd8,
    0x1, 0x2d, 0x57, 0xcc, 0x1, 0xff, 0xcf, 0x69,
    0x9f, 0x28, 0x6, 0x26, 0x6f, 0x78, 0x7, 0xff,
    0x11, 0x3f, 0xfd, 0x40, 0x1f, 0xfd, 0xc5, 0xaa,
    0xf9, 0xc0, 0x21, 0x55, 0xfb, 0x0, 0x3f, 0xf8,
    0x0,

    /* U+0113 "ē" */
    0x0, 0x3e, 0xef, 0x94, 0x3, 0x71, 0x17, 0x8c,
    0x3, 0x4f, 0xff, 0x98, 0x3, 0xff, 0x8b, 0x1b,
    0xfd, 0x8a, 0x1, 0x87, 0x5c, 0x80, 0x4e, 0xa8,
    0x1, 0x69, 0x2, 0x54, 0x90, 0x2b, 0x2, 0x18,
    0x25, 0xab, 0x60, 0x85, 0x86, 0x80, 0x3c, 0x2,
    0x17, 0x2, 0x28, 0x1, 0x7f, 0xf9, 0x80, 0x2,
    0x1, 0xff, 0x39, 0x0, 0x2b, 0xff, 0xe4, 0xd0,
    0x4, 0x80, 0x69, 0xdc, 0x4, 0x30, 0x3c, 0x66,
    0x5b, 0x13, 0x0, 0x34, 0x80, 0xe6, 0x48, 0x5,
    0x60, 0x1, 0xd8, 0x30, 0x1, 0x3e, 0x88, 0x0,

    /* U+0116 "Ė" */
    0x0, 0xec, 0xf7, 0x0, 0xfc, 0xc6, 0x10, 0x1,
    0xf9, 0x40, 0x4, 0x1, 0xf8, 0xee, 0x30, 0x3,
    0xf9, 0x1c, 0x40, 0x3f, 0xf8, 0x89, 0xff, 0xfe,
    0xa0, 0xf, 0xfe, 0x18, 0xaa, 0xfd, 0x80, 0x12,
    0xd5, 0x7c, 0xc0, 0x1f, 0xfc, 0xf6, 0x99, 0xf2,
    0x80, 0x62, 0x66, 0xf7, 0x80, 0x7f, 0xf1, 0x13,
    0xff, 0xd4, 0x1, 0xff, 0xdc, 0x5a, 0xaf, 0x9c,
    0x2, 0x15, 0x5f, 0xb0, 0x3, 0xff, 0x80,

    /* U+0117 "ė" */
    0x0, 0xc9, 0xda, 0x60, 0x1f, 0xa0, 0x4a, 0x40,
    0x3f, 0x28, 0x3, 0x40, 0x3f, 0x4c, 0xa9, 0xc0,
    0x3f, 0x99, 0x40, 0x3f, 0x46, 0xff, 0x62, 0x80,
    0x61, 0xd7, 0x20, 0x13, 0xaa, 0x0, 0x5a, 0x40,
    0x95, 0x24, 0xa, 0xc0, 0x86, 0x9, 0x6a, 0xd8,
    0x21, 0x61, 0xa0, 0xf, 0x0, 0x85, 0xc0, 0x8a,
    0x0, 0x5f, 0xfe, 0x60, 0x0, 0x80, 0x7f, 0xce,
    0x40, 0xa, 0xff, 0xf9, 0x34, 0x1, 0x20, 0x1a,
    0x77, 0x1, 0xc, 0xf, 0x19, 0x96, 0xc4, 0xc0,
    0xd, 0x20, 0x39, 0x92, 0x1, 0x58, 0x0, 0x76,
    0xc, 0x0, 0x4f, 0xa2, 0x0,

    /* U+0118 "Ę" */
    0x4f, 0xff, 0xf5, 0x0, 0x7f, 0xf1, 0x45, 0x57,
    0xec, 0x0, 0xcb, 0x55, 0xf3, 0x0, 0x7f, 0xf4,
    0x9a, 0x67, 0xca, 0x1, 0xc4, 0xcd, 0xef, 0x0,
    0xff, 0xe3, 0x27, 0xff, 0xa8, 0x3, 0xff, 0xc0,
    0xb5, 0x5f, 0x38, 0x6, 0x15, 0x5f, 0xb0, 0x3,
    0xff, 0x84, 0x9f, 0xff, 0x70, 0x8a, 0x40, 0x3f,
    0xa4, 0x50, 0x80, 0x3f, 0xb8, 0x17, 0x5c, 0x3,
    0xf3, 0x38, 0x97, 0x80,

    /* U+0119 "ę" */
    0x0, 0x9f, 0x7f, 0xb1, 0x40, 0x30, 0xec, 0x10,
    0x9, 0xd5, 0x0, 0x2d, 0x20, 0x4a, 0x92, 0x5,
    0x60, 0x43, 0x4, 0xb5, 0x6c, 0x10, 0xb0, 0xd0,
    0x7, 0x80, 0x42, 0xe0, 0x45, 0x0, 0x2f, 0xff,
    0x30, 0x0, 0x40, 0x3f, 0xe7, 0x20, 0x5, 0xff,
    0xfc, 0x98, 0x0, 0xf0, 0xd, 0x17, 0x60, 0x52,
    0x4, 0xa3, 0x34, 0xba, 0x0, 0x5e, 0x20, 0xb9,
    0x86, 0x1, 0x90, 0x1, 0x7a, 0x88, 0x4, 0xbe,
    0x40, 0x10, 0xd3, 0x84, 0x7d, 0x8, 0x7, 0x13,
    0x3, 0x0, 0x7e, 0x30, 0x7, 0xe0, 0x7, 0xc3,
    0x64, 0x24, 0x1, 0x80,

    /* U+011A "Ě" */
    0x0, 0x27, 0xf8, 0x41, 0xbf, 0x40, 0x32, 0x30,
    0x51, 0x48, 0x70, 0x7, 0x49, 0x26, 0x3, 0x98,
    0x7, 0xb8, 0x4, 0xe0, 0x3, 0xe3, 0xff, 0x60,
    0x7, 0xff, 0x11, 0x3f, 0xff, 0xd4, 0x1, 0xff,
    0xc3, 0x15, 0x5f, 0xb0, 0x2, 0x5a, 0xaf, 0x98,
    0x3, 0xff, 0x9e, 0xd3, 0x3e, 0x50, 0xc, 0x4c,
    0xde, 0xf0, 0xf, 0xfe, 0x22, 0x7f, 0xfa, 0x80,
    0x3f, 0xfb, 0x8b, 0x55, 0xf3, 0x80, 0x42, 0xab,
    0xf6, 0x0, 0x7f, 0xf0, 0x0,

    /* U+011B "ě" */
    0x0, 0x57, 0xd8, 0x3, 0x3e, 0x0, 0x35, 0x12,
    0x34, 0x19, 0xa0, 0x3, 0xb8, 0x25, 0xc3, 0x80,
    0x3c, 0x70, 0x44, 0xa2, 0x0, 0xf9, 0xf7, 0x4a,
    0x1, 0xf4, 0x6f, 0xf6, 0x28, 0x6, 0x1d, 0x72,
    0x1, 0x3a, 0xa0, 0x5, 0xa4, 0x9, 0x52, 0x40,
    0xac, 0x8, 0x60, 0x96, 0xad, 0x82, 0x16, 0x1a,
    0x0, 0xf0, 0x8, 0x5c, 0x8, 0xa0, 0x5, 0xff,
    0xe6, 0x0, 0x8, 0x7, 0xfc, 0xe4, 0x0, 0xaf,
    0xff, 0x93, 0x40, 0x12, 0x1, 0xa7, 0x70, 0x10,
    0xc0, 0xf1, 0x99, 0x6c, 0x4c, 0x0, 0xd2, 0x3,
    0x99, 0x20, 0x15, 0x80, 0x7, 0x60, 0xc0, 0x4,
    0xfa, 0x20,

    /* U+011E "Ğ" */
    0x0, 0xe9, 0xf6, 0x0, 0x17, 0xf0, 0x7, 0xf6,
    0x5, 0x90, 0x40, 0x38, 0x7, 0xf2, 0x99, 0x6f,
    0xa8, 0xd8, 0x7, 0xfb, 0x21, 0x10, 0xd8, 0x40,
    0x1f, 0xf3, 0xdd, 0xa4, 0x80, 0x3f, 0xf9, 0xe9,
    0x3b, 0xfe, 0xeb, 0x60, 0xf, 0x86, 0xec, 0xc4,
    0x0, 0x14, 0x9d, 0x20, 0xc, 0x38, 0x80, 0x1,
    0x34, 0x20, 0x1, 0x60, 0x80, 0x54, 0x40, 0x9,
    0xec, 0xbd, 0xd1, 0x0, 0xc0, 0x0, 0xd0, 0x1,
    0x8c, 0x1, 0x8b, 0xc0, 0xc, 0x0, 0xa0, 0x3,
    0x18, 0x7, 0x8b, 0x76, 0x0, 0x20, 0x2, 0x80,
    0x3f, 0x11, 0x40, 0x2, 0x0, 0x10, 0x6, 0xff,
    0xf9, 0x80, 0x3f, 0xf8, 0x86, 0x4, 0x0, 0x50,
    0xd, 0x33, 0x8c, 0x0, 0x20, 0xe0, 0xd, 0x0,
    0xcc, 0xd8, 0x2, 0x60, 0xe0, 0x3, 0x20, 0x7,
    0x90, 0xc0, 0xc8, 0x11, 0x0, 0xb, 0x60, 0xc,
    0x94, 0x0, 0xa0, 0xa, 0x84, 0x1, 0x3d, 0x97,
    0xb6, 0x20, 0xac, 0x1, 0xf, 0x98, 0x0, 0x4d,
    0x8, 0x0, 0xd4, 0x1, 0xc3, 0x96, 0xa4, 0x0,
    0x26, 0xc9, 0x0, 0x80,

    /* U+011F "ğ" */
    0x0, 0x3f, 0xd0, 0x0, 0xbf, 0xc0, 0x1c, 0xc0,
    0xbd, 0x9a, 0xe, 0x1, 0xc3, 0x88, 0x26, 0x4f,
    0x0, 0x1e, 0x3b, 0xff, 0x6c, 0x0, 0x7f, 0xf1,
    0xc6, 0x7b, 0xf5, 0xc3, 0x7f, 0xc2, 0x5, 0xec,
    0x20, 0x51, 0x46, 0x1, 0xbc, 0x40, 0x62, 0x51,
    0x44, 0x2, 0x52, 0x1, 0xf7, 0x6b, 0x60, 0xd,
    0x80, 0x9, 0x10, 0xa, 0x0, 0x31, 0x0, 0x10,
    0x3, 0x8, 0x80, 0x3f, 0xf8, 0x84, 0x0, 0x40,
    0xc, 0x22, 0x0, 0xb0, 0x1, 0x22, 0x1, 0x58,
    0x6, 0x52, 0x1, 0xf7, 0x6b, 0x50, 0xe, 0xf1,
    0x1, 0x89, 0x45, 0x20, 0x0, 0x81, 0x7b, 0x8,
    0x13, 0xd1, 0x80, 0x42, 0xed, 0x9d, 0xfb, 0x8,
    0x20, 0x60, 0x33, 0x15, 0x6e, 0xd3, 0x60, 0x8,
    0x0, 0x50, 0x1, 0x22, 0x58, 0x0, 0xe8, 0x0,
    0x4e, 0x72, 0x0, 0xa, 0xe4, 0x0, 0x0,

    /* U+0120 "Ġ" */
    0x0, 0xf8, 0xb7, 0x94, 0x3, 0xff, 0x83, 0x64,
    0x30, 0x1, 0xff, 0xc1, 0xf0, 0x3, 0x0, 0x7f,
    0xf0, 0x5a, 0xa2, 0xc0, 0x3f, 0xf8, 0x4a, 0xe0,
    0x1f, 0xfd, 0x14, 0x9d, 0xff, 0x75, 0xb0, 0x7,
    0xc3, 0x76, 0x62, 0x0, 0xa, 0x4e, 0x90, 0x6,
    0x1c, 0x40, 0x0, 0x9a, 0x10, 0x0, 0xb0, 0x40,
    0x2a, 0x20, 0x4, 0xf6, 0x5e, 0xe8, 0x80, 0x60,
    0x0, 0x68, 0x0, 0xc6, 0x0, 0xc5, 0xe0, 0x6,
    0x0, 0x50, 0x1, 0x8c, 0x3, 0xc5, 0xbb, 0x0,
    0x10, 0x1, 0x40, 0x1f, 0x88, 0xa0, 0x1, 0x0,
    0x8, 0x3, 0x7f, 0xfc, 0xc0, 0x1f, 0xfc, 0x43,
    0x2, 0x0, 0x28, 0x6, 0x99, 0xc6, 0x0, 0x10,
    0x70, 0x6, 0x80, 0x66, 0x6c, 0x1, 0x30, 0x70,
    0x1, 0x90, 0x3, 0xc8, 0x60, 0x64, 0x8, 0x80,
    0x5, 0xb0, 0x6, 0x4a, 0x0, 0x50, 0x5, 0x42,
    0x0, 0x9e, 0xcb, 0xdb, 0x10, 0x56, 0x0, 0x87,
    0xcc, 0x0, 0x26, 0x84, 0x0, 0x6a, 0x0, 0xe1,
    0xcb, 0x52, 0x0, 0x13, 0x64, 0x80, 0x40,

    /* U+0121 "ġ" */
    0x0, 0xc3, 0x9e, 0xc0, 0x1f, 0xcc, 0x61, 0x20,
    0x1f, 0xc6, 0x0, 0x30, 0xf, 0xe4, 0xb8, 0xd0,
    0xf, 0xf2, 0x38, 0x80, 0x7c, 0x33, 0xdf, 0xae,
    0x1b, 0xfe, 0x10, 0x2f, 0x61, 0x2, 0x8a, 0x30,
    0xd, 0xe2, 0x3, 0x12, 0x8a, 0x20, 0x12, 0x90,
    0xf, 0xbb, 0x5b, 0x0, 0x6c, 0x0, 0x48, 0x80,
    0x50, 0x1, 0x88, 0x0, 0x80, 0x18, 0x44, 0x1,
    0xff, 0xc4, 0x20, 0x2, 0x0, 0x61, 0x10, 0x5,
    0x80, 0x9, 0x10, 0xa, 0xc0, 0x32, 0x90, 0xf,
    0xbb, 0x5a, 0x80, 0x77, 0x88, 0xc, 0x4a, 0x29,
    0x0, 0x4, 0xb, 0xd8, 0x40, 0x9e, 0x8c, 0x2,
    0x17, 0x6c, 0xef, 0xd8, 0x41, 0x3, 0x1, 0x98,
    0xab, 0x76, 0x9b, 0x0, 0x40, 0x2, 0x80, 0x9,
    0x12, 0xc0, 0x7, 0x40, 0x2, 0x73, 0x90, 0x0,
    0x57, 0x20, 0x0,

    /* U+0126 "Ħ" */
    0x0, 0x57, 0xf9, 0x40, 0x3d, 0xbf, 0xe1, 0x8,
    0xf5, 0x0, 0x57, 0xff, 0x88, 0x1, 0xd6, 0x1,
    0xff, 0xc5, 0xaa, 0x18, 0x1, 0xea, 0xbc, 0x20,
    0x9, 0x82, 0x56, 0x0, 0x6a, 0xaf, 0x8c, 0x0,
    0xe6, 0x1, 0xff, 0xca, 0xea, 0xaf, 0x10, 0x7,
    0xf2, 0x2a, 0xf8, 0x3, 0xff, 0x9f, 0x5f, 0xfe,
    0x20, 0xf, 0xff, 0xf8, 0x7, 0xff, 0x4c,

    /* U+0127 "ħ" */
    0x0, 0x5f, 0xf8, 0xc0, 0x3f, 0xf9, 0x17, 0xe8,
    0x0, 0xcf, 0xf0, 0x7, 0xff, 0x1a, 0xfd, 0x0,
    0x19, 0xfe, 0x0, 0xff, 0x97, 0x7f, 0xa0, 0x3,
    0xea, 0xa1, 0x0, 0xbd, 0x0, 0x79, 0x92, 0x10,
    0x0, 0xa6, 0x1, 0xcb, 0x6f, 0x68, 0x0, 0x40,
    0xe, 0xf0, 0xb, 0x40, 0x1e, 0x1, 0xcc, 0x1,
    0xff, 0xff, 0x0, 0xff, 0x0,

    /* U+0128 "Ĩ" */
    0x5, 0xda, 0x10, 0xac, 0x1a, 0x25, 0xd1, 0x40,
    0x50, 0x89, 0x3e, 0x14, 0x12, 0x46, 0xa3, 0x59,
    0x5d, 0x30, 0x5c, 0xa1, 0x0, 0xff, 0x27, 0xfa,
    0xc0, 0x3f, 0xff, 0xe0, 0x1f, 0xfe, 0x30,

    /* U+0129 "ĩ" */
    0x8, 0xfd, 0x60, 0xdd, 0x13, 0x81, 0x4f, 0x93,
    0x38, 0x57, 0x28, 0x14, 0xaf, 0xa8, 0xd7, 0xe9,
    0x0, 0x7f, 0x8f, 0xfd, 0x60, 0x1f, 0xff, 0xf0,
    0xf, 0xfe, 0x18,

    /* U+012A "Ī" */
    0x4f, 0xff, 0x5b, 0x91, 0x7c, 0x7b, 0xbe, 0x90,
    0xf, 0xf2, 0x7f, 0xac, 0x3, 0xff, 0xfe, 0x1,
    0xff, 0xe3,

    /* U+012B "ī" */
    0x3d, 0xdf, 0x53, 0x91, 0x78, 0x53, 0xff, 0xd6,
    0x1, 0xfe, 0x3f, 0xf5, 0x80, 0x7f, 0xff, 0xc0,
    0x3f, 0xf8, 0x60,

    /* U+012E "Į" */
    0x4f, 0xf5, 0x80, 0x7f, 0xff, 0xc1, 0x84, 0x52,
    0x16, 0x28, 0x41, 0xc0, 0xba, 0xee, 0x61, 0x20,

    /* U+012F "į" */
    0x1c, 0xf6, 0x6, 0x30, 0x90, 0x20, 0x1, 0x82,
    0xd4, 0x68, 0x1, 0x5c, 0x40, 0xff, 0xd6, 0x1,
    0xff, 0xec, 0x11, 0xa4, 0x2c, 0x50, 0x83, 0x81,
    0x75, 0xdc, 0xc2, 0x40,

    /* U+0130 "İ" */
    0x1c, 0xe5, 0x93, 0x1b, 0xd0, 0x2, 0xaa, 0xa2,
    0x81, 0x5c, 0x40, 0x32, 0x7f, 0xac, 0x3, 0xff,
    0xe0,

    /* U+0131 "ı" */
    0x3f, 0xf5, 0x80, 0x7f, 0xf8, 0x0,

    /* U+0139 "Ĺ" */
    0x0, 0x1f, 0xfa, 0x0, 0x3f, 0x48, 0xc, 0x0,
    0x7c, 0x2a, 0x16, 0x1, 0xfa, 0x41, 0x14, 0x3,
    0xf4, 0x7d, 0x80, 0x7f, 0xf2, 0x13, 0xfd, 0x60,
    0x1f, 0xff, 0xf0, 0xf, 0xff, 0xf8, 0x7, 0x2d,
    0x57, 0xce, 0x1, 0xa, 0xaf, 0xd6, 0x1, 0xff,
    0xc0,

    /* U+013A "ĺ" */
    0x0, 0x2f, 0xf9, 0x80, 0x12, 0x6, 0xc0, 0x86,
    0x1e, 0x0, 0xf0, 0x63, 0x0, 0x5f, 0xc8, 0x7,
    0xe4, 0xff, 0x50, 0x7, 0xff, 0xfc, 0x3, 0xff,
    0x96,

    /* U+013D "Ľ" */
    0x4f, 0xf0, 0x83, 0x7f, 0x8, 0x7, 0x23, 0x5,
    0x14, 0x85, 0x8, 0x7, 0xa4, 0x93, 0x1, 0xd0,
    0x3, 0xf7, 0x0, 0x94, 0x0, 0x7f, 0x1f, 0xfb,
    0x40, 0x3f, 0xf9, 0x89, 0xfe, 0xb0, 0xf, 0xff,
    0xf8, 0x7, 0xff, 0xfc, 0x3, 0xff, 0xa6, 0xb5,
    0x5f, 0x38, 0x7, 0xa, 0xaf, 0xd6, 0x1, 0xff,
    0xc2,

    /* U+013E "ľ" */
    0x6f, 0xf4, 0x4, 0xfe, 0x0, 0x71, 0x82, 0x80,
    0x70, 0x86, 0x0, 0x73, 0x83, 0x80, 0x73, 0x19,
    0x0, 0x75, 0x60, 0x7, 0xff, 0xfc, 0x3, 0xff,
    0x84,

    /* U+0141 "Ł" */
    0x0, 0x7f, 0xc0, 0x1f, 0xff, 0xa2, 0x7d, 0x40,
    0xf, 0xf6, 0xc1, 0x0, 0x79, 0x28, 0x3, 0x25,
    0x20, 0x7, 0x5a, 0x80, 0x5d, 0x6a, 0x1, 0xe2,
    0x70, 0x8, 0x40, 0x3f, 0x6c, 0x0, 0x7f, 0xf8,
    0x6a, 0xbf, 0x0, 0x79, 0x57, 0xf0, 0x80, 0x7f,
    0xf0, 0x80,

    /* U+0142 "ł" */
    0x0, 0xbf, 0xdc, 0x1, 0xff, 0xe3, 0x20, 0xe,
    0x18, 0xe9, 0x0, 0x8, 0x4, 0xe2, 0x22, 0xae,
    0x0, 0x92, 0xaa, 0x50, 0x8, 0x6d, 0x43, 0xd6,
    0xc0, 0x3c, 0xf4, 0x80, 0x1f, 0xfe, 0x70,

    /* U+0143 "Ń" */
    0x0, 0xf9, 0x3f, 0xcc, 0x1, 0xfe, 0xf0, 0x26,
    0x0, 0xfe, 0x34, 0x9, 0x0, 0xff, 0x48, 0x2a,
    0x0, 0x7f, 0xab, 0xe8, 0x3, 0xff, 0x8e, 0x9f,
    0xec, 0x0, 0xf0, 0xff, 0xb8, 0x2, 0x37, 0x0,
    0xff, 0xe0, 0xc1, 0x0, 0x7f, 0xf0, 0x7c, 0x3,
    0xff, 0x82, 0x50, 0x1, 0xfe, 0x20, 0x3, 0x98,
    0x7, 0xf3, 0x38, 0x3, 0x80, 0x3f, 0xd0, 0x60,
    0x52, 0x1, 0xfe, 0xe0, 0x3, 0x20, 0x7, 0xf1,
    0x48, 0x2, 0x8c, 0x3, 0xf9, 0x90, 0x6, 0x40,
    0x3f, 0xd4, 0x20, 0x80, 0x1f, 0xe1, 0xa0, 0xf,
    0xfe, 0xa, 0x30, 0x7, 0xff, 0x6, 0x48, 0x3,
    0xff, 0x83, 0xc0, 0x10,

    /* U+0144 "ń" */
    0x0, 0xf6, 0x7f, 0x0, 0x7c, 0x66, 0xb, 0x0,
    0xfa, 0x0, 0xd4, 0x3, 0xc4, 0x81, 0xc0, 0x1f,
    0x17, 0xf8, 0x80, 0x26, 0xff, 0x41, 0xe7, 0xf5,
    0x10, 0x6, 0x3c, 0x30, 0x15, 0xc1, 0x0, 0x91,
    0x17, 0x42, 0x3, 0x20, 0x11, 0x5a, 0x2d, 0x80,
    0x10, 0x2, 0x70, 0x9, 0x0, 0x2, 0x1, 0x10,
    0x7, 0xff, 0xf4,

    /* U+0147 "Ň" */
    0x0, 0x97, 0xf8, 0x42, 0x3f, 0x40, 0x3c, 0xaa,
    0x1b, 0x27, 0xe, 0x0, 0xfa, 0xc5, 0x70, 0x20,
    0xc0, 0x3e, 0x1a, 0x1, 0x37, 0x0, 0xfe, 0x4f,
    0xf6, 0x0, 0x7f, 0xf1, 0xd3, 0xfd, 0x80, 0x1e,
    0x1f, 0xf7, 0x0, 0x46, 0xe0, 0x1f, 0xfc, 0x18,
    0x20, 0xf, 0xfe, 0xf, 0x80, 0x7f, 0xf0, 0x4a,
    0x0, 0x3f, 0xc4, 0x0, 0x73, 0x0, 0xfe, 0x67,
    0x0, 0x70, 0x7, 0xfa, 0xc, 0xa, 0x40, 0x3f,
    0xdc, 0x0, 0x64, 0x0, 0xfe, 0x29, 0x0, 0x51,
    0x80, 0x7f, 0x32, 0x0, 0xc8, 0x7, 0xfa, 0x84,
    0x10, 0x3, 0xfc, 0x34, 0x1, 0xff, 0xc1, 0x46,
    0x0, 0xff, 0xe0, 0xc9, 0x0, 0x7f, 0xf0, 0x78,
    0x2,

    /* U+0148 "ň" */
    0x0, 0x6f, 0xc0, 0xf, 0x7a, 0x80, 0x5e, 0xe,
    0x94, 0x2c, 0xa0, 0x11, 0x50, 0x5a, 0x1c, 0x80,
    0x72, 0xc2, 0xab, 0x40, 0x3e, 0x7a, 0xa0, 0x80,
    0x4d, 0xfe, 0x83, 0xcf, 0xea, 0x20, 0xc, 0x78,
    0x60, 0x2b, 0x82, 0x1, 0x22, 0x2e, 0x84, 0x6,
    0x40, 0x22, 0xb4, 0x5b, 0x0, 0x20, 0x4, 0xe0,
    0x12, 0x0, 0x4, 0x2, 0x20, 0xf, 0xff, 0xe8,

    /* U+014C "Ō" */
    0x0, 0xe5, 0xdd, 0xf4, 0x0, 0x7f, 0x8c, 0x8b,
    0xc2, 0x1, 0xfe, 0x6f, 0xff, 0x48, 0x7, 0xff,
    0x88, 0xe7, 0x7f, 0xdb, 0x4a, 0x1, 0xf8, 0x6f,
    0x18, 0x80, 0x4, 0xb5, 0x84, 0x1, 0xc3, 0x88,
    0x1, 0x11, 0x88, 0x0, 0xf0, 0x80, 0x35, 0x90,
    0x2, 0x3f, 0x73, 0xa8, 0x40, 0x7c, 0x2, 0x35,
    0x0, 0x5b, 0x80, 0x65, 0xc0, 0x1, 0x30, 0x2,
    0x80, 0xa, 0x80, 0x1e, 0x28, 0x0, 0x58, 0x1,
    0x0, 0x1c, 0x1, 0xf9, 0x80, 0x4, 0x20, 0x40,
    0x5, 0x0, 0xfc, 0x22, 0x0, 0x18, 0x7, 0xff,
    0x1c, 0x80, 0xa, 0x1, 0xf8, 0x44, 0x0, 0x30,
    0x40, 0x7, 0x0, 0x7e, 0x60, 0x1, 0x88, 0x50,
    0x1, 0x50, 0x3, 0xc5, 0x0, 0xa, 0x0, 0x1a,
    0x80, 0x2d, 0x80, 0x32, 0xe0, 0x0, 0x98, 0x2,
    0xb2, 0x0, 0x4f, 0xe6, 0x3a, 0x84, 0x7, 0xc0,
    0x30, 0xe2, 0x0, 0x46, 0x61, 0x0, 0x16, 0x10,
    0x7, 0xd, 0xd9, 0x88, 0x0, 0x2b, 0x5a, 0x40,
    0x10,

    /* U+014D "ō" */
    0x0, 0x26, 0xef, 0xa4, 0x3, 0xc4, 0x5f, 0x0,
    0x72, 0x7f, 0xfa, 0xc0, 0x3f, 0xf8, 0xed, 0x9d,
    0xfb, 0x24, 0x1, 0x86, 0xe4, 0xc4, 0x9, 0xb5,
    0x0, 0x2b, 0x40, 0x3, 0x39, 0x80, 0x2c, 0x80,
    0xd4, 0x7, 0x66, 0x31, 0x80, 0x10, 0x14, 0x0,
    0x92, 0x0, 0xa0, 0x0, 0xa0, 0x40, 0x4, 0x0,
    0xc2, 0x60, 0x2, 0x0, 0xff, 0xe0, 0x90, 0x1,
    0x0, 0x30, 0x98, 0x0, 0xa8, 0x1, 0x24, 0x1,
    0x40, 0x1, 0x40, 0xd4, 0x7, 0x26, 0x31, 0x80,
    0x10, 0x0, 0xb3, 0x1, 0x67, 0x30, 0x5, 0x90,
    0x0, 0x72, 0x4c, 0x40, 0x9b, 0x50, 0x0,

    /* U+0150 "Ő" */
    0x0, 0xf0, 0xff, 0xa4, 0xbf, 0xce, 0x1, 0xfe,
    0x40, 0x5, 0xa0, 0x1, 0x80, 0x3f, 0xd8, 0x6,
    0x58, 0xa, 0x20, 0x1f, 0xe4, 0xa, 0x4, 0xe,
    0x0, 0xff, 0xb7, 0xd8, 0x3b, 0xd0, 0x3, 0xff,
    0xc4, 0x73, 0xbf, 0xed, 0xa5, 0x0, 0xfc, 0x37,
    0x8c, 0x40, 0x2, 0x5a, 0xc2, 0x0, 0xe1, 0xc4,
    0x0, 0x88, 0xc4, 0x0, 0x78, 0x40, 0x1a, 0xc8,
    0x1, 0x1f, 0xb9, 0xd4, 0x20, 0x3e, 0x1, 0x1a,
    0x80, 0x2d, 0xc0, 0x32, 0xe0, 0x0, 0x98, 0x1,
    0x40, 0x5, 0x40, 0xf, 0x14, 0x0, 0x2c, 0x0,
    0x80, 0xe, 0x0, 0xfc, 0xc0, 0x2, 0x10, 0x20,
    0x2, 0x80, 0x7e, 0x11, 0x0, 0xc, 0x3, 0xff,
    0x8e, 0x40, 0x5, 0x0, 0xfc, 0x22, 0x0, 0x18,
    0x20, 0x3, 0x80, 0x3f, 0x30, 0x0, 0xc4, 0x28,
    0x0, 0xa8, 0x1, 0xe2, 0x80, 0x5, 0x0, 0xd,
    0x40, 0x16, 0xc0, 0x19, 0x70, 0x0, 0x4c, 0x1,
    0x59, 0x0, 0x27, 0xf3, 0x1d, 0x42, 0x3, 0xe0,
    0x18, 0x71, 0x0, 0x23, 0x30, 0x80, 0xb, 0x8,
    0x3, 0x86, 0xec, 0xc4, 0x0, 0x15, 0xad, 0x20,
    0x8,

    /* U+0151 "ő" */
    0x0, 0xdf, 0xea, 0x1f, 0xf4, 0x80, 0x71, 0x80,
    0x39, 0x0, 0x16, 0x1, 0xc8, 0x2, 0x98, 0x6,
    0x40, 0x1d, 0x80, 0xc0, 0x81, 0x40, 0x1e, 0xbf,
    0x80, 0xdf, 0x60, 0xf, 0xfe, 0x3b, 0x67, 0x7e,
    0xc9, 0x0, 0x61, 0xb9, 0x31, 0x2, 0x6d, 0x40,
    0xa, 0xd0, 0x0, 0xce, 0x60, 0xb, 0x20, 0x35,
    0x1, 0xd9, 0x8c, 0x60, 0x4, 0x5, 0x0, 0x24,
    0x80, 0x28, 0x0, 0x28, 0x10, 0x1, 0x0, 0x30,
    0x98, 0x0, 0x80, 0x3f, 0xf8, 0x24, 0x0, 0x40,
    0xc, 0x26, 0x0, 0x2a, 0x0, 0x49, 0x0, 0x50,
    0x0, 0x50, 0x35, 0x1, 0xc9, 0x8c, 0x60, 0x4,
    0x0, 0x2c, 0xc0, 0x59, 0xcc, 0x1, 0x64, 0x0,
    0x1c, 0x93, 0x10, 0x26, 0xd4, 0x0, 0x0,

    /* U+0152 "Œ" */
    0x0, 0xe3, 0x8d, 0xef, 0xff, 0xfe, 0x1, 0x0,
    0x43, 0x58, 0xe4, 0x20, 0x1f, 0xfc, 0x31, 0xc5,
    0x0, 0xa, 0x29, 0x0, 0xd, 0x57, 0xe3, 0x0,
    0x51, 0x0, 0xd7, 0x5d, 0x20, 0x2, 0x6a, 0xbe,
    0x10, 0x34, 0x0, 0x6a, 0x80, 0x7f, 0xf1, 0x24,
    0x0, 0xe6, 0x1, 0xff, 0xc5, 0x70, 0x5, 0x0,
    0x7e, 0xe9, 0x9f, 0x8, 0x0, 0x80, 0x4, 0x1,
    0xf9, 0x19, 0xbc, 0x60, 0x1f, 0xfc, 0xc2, 0x0,
    0x10, 0x7, 0xea, 0xff, 0xf1, 0x0, 0x1c, 0x1,
    0x40, 0x1f, 0xfc, 0x6e, 0x0, 0x39, 0x80, 0x7f,
    0xf1, 0x51, 0x0, 0xd, 0x50, 0xf, 0xfe, 0x2d,
    0x10, 0xd, 0x75, 0xd2, 0x0, 0x26, 0xab, 0xe2,
    0x0, 0xe, 0x28, 0x0, 0x51, 0x48, 0x0, 0x6a,
    0xbf, 0x30, 0x4, 0x35, 0x8c, 0x42, 0x1, 0xff,
    0xc1,

    /* U+0153 "œ" */
    0x0, 0x9b, 0x3b, 0xf5, 0xc0, 0x27, 0xdf, 0xeb,
    0x40, 0xc, 0x39, 0x26, 0x20, 0x51, 0xa3, 0x90,
    0x40, 0x29, 0x70, 0x1, 0x51, 0x81, 0x4d, 0x20,
    0x17, 0x18, 0x24, 0xc0, 0x83, 0xa0, 0x22, 0x0,
    0xf5, 0x96, 0xd4, 0x2, 0x5b, 0x67, 0xf0, 0x7,
    0x86, 0x80, 0x24, 0x3, 0x58, 0x5, 0x20, 0x10,
    0xa0, 0x20, 0x28, 0x1, 0x0, 0x30, 0x88, 0x1,
    0x9f, 0xf9, 0x0, 0x4, 0x1, 0xff, 0xc8, 0x15,
    0x0, 0x20, 0x6, 0x21, 0x0, 0x67, 0xff, 0xc7,
    0xa0, 0x8, 0x0, 0xd0, 0x1, 0x48, 0x6, 0xac,
    0xc0, 0x22, 0x0, 0xb5, 0x99, 0x6a, 0x1, 0x2d,
    0xb3, 0x31, 0x4d, 0x40, 0x14, 0x60, 0x53, 0x24,
    0x2, 0xe3, 0x4, 0x99, 0x18, 0x1c, 0x80, 0x7,
    0x24, 0xc4, 0xa, 0x34, 0x72, 0x8, 0x0, 0x51,
    0x80, 0x0,

    /* U+0154 "Ŕ" */
    0x0, 0xe4, 0xff, 0x38, 0x7, 0xfb, 0xc0, 0x9c,
    0x3, 0xf8, 0xd0, 0x24, 0x3, 0xfd, 0x20, 0xa8,
    0x1, 0xfe, 0xaf, 0xa0, 0xf, 0xfe, 0x4a, 0x7f,
    0xfd, 0xb0, 0x20, 0x1f, 0xf1, 0x3f, 0x20, 0x7,
    0xa, 0xac, 0x82, 0x0, 0xa0, 0xe, 0x5a, 0xaa,
    0xfc, 0x80, 0x58, 0x3, 0xf8, 0x68, 0x1, 0xc0,
    0x1f, 0xee, 0x0, 0x78, 0x7, 0xe1, 0x66, 0x0,
    0x10, 0x3, 0x27, 0xfd, 0xd2, 0x0, 0x63, 0x0,
    0xff, 0x9e, 0x40, 0x38, 0xa2, 0x6, 0x0, 0x68,
    0x0, 0xf3, 0x3b, 0xb8, 0x0, 0xc2, 0x1, 0xfc,
    0x4a, 0x0, 0xb0, 0xf, 0xf4, 0x0, 0x14, 0x80,
    0x3f, 0x89, 0x80, 0x12, 0x1, 0xfe, 0x80, 0x2,
    0x20, 0x3, 0xf8, 0x5c, 0x1, 0x0,

    /* U+0155 "ŕ" */
    0x0, 0xd3, 0xfe, 0x10, 0x8, 0x58, 0x20, 0x40,
    0x29, 0x2, 0x70, 0xc, 0xe1, 0x0, 0x1d, 0xfe,
    0x50, 0x2, 0x7f, 0xa9, 0x33, 0xf4, 0x2, 0x7b,
    0x30, 0xe, 0x20, 0x14, 0x40, 0x6, 0x6e, 0xb9,
    0x0, 0x86, 0x40, 0x3c, 0xa0, 0x1f, 0x8, 0x7,
    0xff, 0x80,

    /* U+0158 "Ř" */
    0x6, 0xfe, 0x10, 0x8f, 0xd0, 0xf, 0x32, 0x8d,
    0x93, 0x87, 0x0, 0x7d, 0x62, 0xb8, 0x10, 0x60,
    0x1f, 0xd, 0x0, 0x9b, 0x80, 0x7f, 0x27, 0xfb,
    0x0, 0x3f, 0xf9, 0x29, 0xff, 0xf6, 0xc0, 0x80,
    0x7f, 0xc4, 0xfc, 0x80, 0x1c, 0x2a, 0xb2, 0x8,
    0x2, 0x80, 0x39, 0x6a, 0xab, 0xf2, 0x1, 0x60,
    0xf, 0xe1, 0xa0, 0x7, 0x0, 0x7f, 0xb8, 0x1,
    0xe0, 0x1f, 0x85, 0x98, 0x0, 0x40, 0xc, 0x9f,
    0xf7, 0x48, 0x1, 0x8c, 0x3, 0xfe, 0x79, 0x0,
    0xe2, 0x88, 0x18, 0x1, 0xa0, 0x3, 0xcc, 0xee,
    0xe0, 0x3, 0x8, 0x7, 0xf1, 0x28, 0x2, 0xc0,
    0x3f, 0xd0, 0x0, 0x52, 0x0, 0xfe, 0x26, 0x0,
    0x48, 0x7, 0xfa, 0x0, 0x8, 0x80, 0xf, 0xe1,
    0x70, 0x4, 0x0,

    /* U+0159 "ř" */
    0xa, 0xfa, 0x0, 0x6f, 0xb8, 0x51, 0x2b, 0x49,
    0x23, 0x80, 0x38, 0x25, 0x86, 0x80, 0x23, 0xa5,
    0x56, 0x88, 0x6, 0x5a, 0xa1, 0x80, 0x49, 0xfe,
    0xa4, 0xcf, 0xd0, 0xc, 0xf6, 0x60, 0x1e, 0x20,
    0x14, 0x40, 0x7, 0x37, 0x5c, 0x80, 0x61, 0x90,
    0xf, 0x94, 0x3, 0xf0, 0x80, 0x7f, 0xf9, 0x40,

    /* U+015A "Ś" */
    0x0, 0xf9, 0x3f, 0xcc, 0x1, 0xfe, 0x80, 0x26,
    0x0, 0xfe, 0x33, 0x7, 0x0, 0x7f, 0xa4, 0x14,
    0xc0, 0x3f, 0xd5, 0xf4, 0x1, 0xff, 0xca, 0x29,
    0xdf, 0xf7, 0x51, 0x80, 0x72, 0xeb, 0x10, 0x0,
    0x57, 0x18, 0x2, 0x2a, 0x0, 0x13, 0x30, 0xc0,
    0x12, 0x80, 0x5, 0x0, 0x2e, 0xcc, 0xb2, 0x0,
    0x1e, 0x0, 0xe0, 0x7, 0x80, 0x67, 0x65, 0x20,
    0x0, 0x80, 0x38, 0x40, 0x34, 0xd4, 0x80, 0x28,
    0x0, 0x9d, 0x6e, 0x80, 0x1e, 0x2b, 0x10, 0x2,
    0x45, 0xfd, 0x98, 0x6, 0x4e, 0xa5, 0x10, 0x9,
    0x31, 0x80, 0x39, 0x6b, 0xb6, 0x90, 0x1, 0x24,
    0x2, 0x30, 0x4, 0x4b, 0x6a, 0x0, 0x50, 0xfe,
    0xe1, 0x80, 0x76, 0x80, 0x3c, 0x18, 0x1, 0xe2,
    0x1, 0xd, 0x0, 0x34, 0x24, 0x40, 0xfa, 0xa6,
    0xb8, 0x80, 0x54, 0x7, 0x44, 0x0, 0xac, 0xa0,
    0x1, 0xc0, 0x8, 0xfe, 0xc, 0x0, 0x27, 0x1c,
    0x40,

    /* U+015B "ś" */
    0x0, 0xe6, 0xff, 0x28, 0x7, 0xac, 0x11, 0x40,
    0x39, 0x8, 0x24, 0x3, 0xd0, 0xe, 0x40, 0x1e,
    0xcf, 0x80, 0xf, 0xfe, 0x10, 0xce, 0xff, 0xad,
    0x0, 0x3, 0x8c, 0x40, 0x4, 0xb7, 0x9, 0x20,
    0x6c, 0xa1, 0x8, 0x12, 0x0, 0x41, 0xae, 0xbb,
    0x8c, 0x80, 0x1a, 0xe6, 0x68, 0x81, 0x49, 0x1,
    0xc6, 0x7d, 0x10, 0xe, 0xca, 0x0, 0x4b, 0xa4,
    0x0, 0x6b, 0xfc, 0x60, 0x5, 0xd6, 0xe8, 0x40,
    0xe4, 0x0, 0x5a, 0x44, 0xc5, 0x4a, 0x0, 0x63,
    0xa0, 0x15, 0x5a, 0x81, 0x30, 0x5c, 0x18, 0x0,
    0x9f, 0x44,

    /* U+015E "Ş" */
    0x0, 0x8a, 0x77, 0xfd, 0xd4, 0x60, 0x1c, 0xba,
    0xc4, 0x0, 0x15, 0xc6, 0x0, 0x8a, 0x80, 0x4,
    0xcc, 0x30, 0x4, 0xa0, 0x1, 0x40, 0xb, 0xb3,
    0x2c, 0x80, 0x7, 0x80, 0x38, 0x1, 0xe0, 0x19,
    0xd9, 0x48, 0x0, 0x20, 0xe, 0x0, 0xe9, 0xa9,
    0x0, 0x50, 0x1, 0x3e, 0x9d, 0x0, 0x3c, 0x56,
    0x20, 0x5, 0x8b, 0xfa, 0x30, 0xc, 0x9d, 0x4a,
    0x20, 0x12, 0xe3, 0x0, 0x72, 0xd7, 0x6d, 0x20,
    0x2, 0x48, 0x3, 0xe2, 0x5b, 0x50, 0x2, 0x87,
    0x7f, 0x88, 0x3, 0xb4, 0x1, 0xe0, 0xe0, 0xe,
    0x10, 0x8, 0x68, 0x1, 0xa1, 0x2, 0x7, 0xd5,
    0x15, 0xc4, 0x2, 0xa0, 0x3a, 0x20, 0x5, 0x75,
    0x0, 0xe, 0x80, 0x47, 0xee, 0x60, 0x1, 0x37,
    0xf3, 0x0, 0xc3, 0x16, 0xd, 0xf9, 0x2, 0x1,
    0xf4, 0x83, 0x73, 0x0, 0x7f, 0x6d, 0x58, 0x40,
    0x7, 0xf1, 0x2b, 0x80, 0x7f, 0xdd, 0xf8, 0x12,
    0x1, 0xfc, 0xec, 0xf8, 0xe0, 0x18,

    /* U+015F "ş" */
    0x1, 0x9d, 0xff, 0x5a, 0x0, 0x58, 0xc4, 0x0,
    0x4b, 0x60, 0x72, 0x6, 0xca, 0x10, 0x91, 0xd0,
    0x4, 0x1a, 0xeb, 0x30, 0x88, 0x0, 0xd6, 0x23,
    0x99, 0x1d, 0x8, 0x1c, 0xef, 0x40, 0x81, 0x7b,
    0x8, 0x0, 0x5f, 0xc8, 0x6, 0x7b, 0x64, 0xc0,
    0x6e, 0x2a, 0x40, 0x9b, 0x0, 0x4, 0xa, 0xd4,
    0x20, 0xc0, 0x2, 0x91, 0x5, 0xef, 0x90, 0x5,
    0x8f, 0xa0, 0x6, 0x3c, 0x20, 0x1b, 0xa0, 0x6e,
    0xc3, 0x0, 0xd6, 0xd, 0x86, 0x1, 0xd0, 0xce,
    0x5c, 0x1, 0xcd, 0x34, 0x6, 0x1, 0xdf, 0xed,
    0x9, 0x0, 0xe7, 0x67, 0xb7, 0x0, 0x0,

    /* U+0160 "Š" */
    0x0, 0x9f, 0xf8, 0x0, 0xff, 0xa0, 0x1e, 0x72,
    0x18, 0x18, 0x9, 0x0, 0xfb, 0x81, 0xe8, 0x15,
    0x0, 0x3e, 0x36, 0x4, 0xb, 0x0, 0xfe, 0x86,
    0x65, 0x8, 0x7, 0xf0, 0xcc, 0x94, 0x3, 0xf1,
    0x4e, 0xff, 0xba, 0xd4, 0x3, 0x97, 0x58, 0x80,
    0x2, 0x95, 0x40, 0x8, 0xa8, 0x0, 0x4c, 0xe8,
    0x0, 0x58, 0x0, 0x28, 0x1, 0x76, 0x62, 0xf4,
    0x85, 0x40, 0x1c, 0x0, 0xf0, 0xc, 0x5b, 0xda,
    0x0, 0x10, 0x7, 0x8, 0x7, 0xf5, 0x0, 0x13,
    0xad, 0xd0, 0x3, 0xc5, 0x62, 0x0, 0x48, 0xbf,
    0xb3, 0x0, 0xc9, 0xd4, 0xa2, 0x1, 0x26, 0x30,
    0x7, 0x2d, 0x76, 0xd2, 0x0, 0x24, 0x81, 0x12,
    0x0, 0x89, 0x6d, 0x40, 0xa, 0x13, 0x76, 0x40,
    0xe, 0xd0, 0x7, 0x82, 0x80, 0x24, 0x80, 0x21,
    0xa0, 0x6, 0x84, 0x8, 0x16, 0xd4, 0xd7, 0x10,
    0xa, 0x80, 0x30, 0x40, 0xa, 0xca, 0x0, 0x1c,
    0x0, 0x8b, 0xa0, 0xc0, 0x2, 0x71, 0xc4, 0x0,

    /* U+0161 "š" */
    0x5, 0xfe, 0x10, 0xbf, 0x90, 0x2, 0xc8, 0xe5,
    0xa2, 0xc8, 0x4, 0xd0, 0x6a, 0xaa, 0x0, 0xe7,
    0xee, 0x50, 0x6, 0x19, 0xdf, 0xeb, 0x30, 0x0,
    0xe3, 0x10, 0xa, 0x62, 0x4, 0x90, 0x36, 0x48,
    0x2, 0x40, 0x80, 0x10, 0x6c, 0xe0, 0x46, 0x40,
    0xd, 0x73, 0x9c, 0xc1, 0x49, 0x1, 0xc6, 0x74,
    0x88, 0xdb, 0x28, 0x1, 0x2e, 0x90, 0x1, 0xaf,
    0xf1, 0x80, 0x17, 0x15, 0x40, 0x1, 0xc8, 0x0,
    0xbd, 0x55, 0x8a, 0x94, 0x0, 0xc7, 0x30, 0x3a,
    0xb5, 0x2, 0x60, 0xc8, 0x20, 0x1, 0x3e, 0x88,

    /* U+0162 "Ţ" */
    0x1f, 0xff, 0xfe, 0x7, 0x0, 0x7f, 0xf0, 0x85,
    0x57, 0x80, 0x25, 0x5c, 0xe1, 0x55, 0xac, 0x0,
    0x35, 0x5a, 0x40, 0x3f, 0xff, 0xe0, 0x1f, 0xff,
    0xf0, 0xf, 0xfe, 0x58, 0xb8, 0x40, 0x7, 0xf8,
    0x5c, 0x27, 0x88, 0x3, 0xf0, 0xcc, 0x9c, 0x64,
    0x3, 0xf9, 0x99, 0x80, 0xe0, 0x1f, 0x8f, 0xfd,
    0x61, 0x0, 0x1f, 0x89, 0xd9, 0xf5, 0x0, 0x20,

    /* U+0163 "ţ" */
    0x0, 0x2f, 0xfa, 0x40, 0x3f, 0xf9, 0x2b, 0xf4,
    0x0, 0x6f, 0xf1, 0x80, 0x7f, 0x24, 0xb0, 0x0,
    0xe6, 0x44, 0x2d, 0x80, 0x5, 0x66, 0x8, 0x7,
    0xff, 0x68, 0x40, 0x4, 0x1, 0xca, 0x0, 0x49,
    0x63, 0x0, 0xa, 0x80, 0x1a, 0x6c, 0x2, 0xa6,
    0x0, 0xb8, 0x3, 0xd1, 0xcc, 0x1, 0xb, 0x4,
    0x72, 0x0, 0x43, 0x75, 0x21, 0xe0, 0x19, 0x14,
    0x81, 0xc0, 0x22, 0xff, 0x58, 0x40, 0x4, 0x6e,
    0xcf, 0xa8,

    /* U+0164 "Ť" */
    0x0, 0x8a, 0x1c, 0x0, 0x30, 0xe2, 0x1, 0xc4,
    0x71, 0x21, 0x4f, 0xc2, 0x1, 0xea, 0x16, 0xb4,
    0x39, 0x0, 0xf8, 0x74, 0x10, 0x74, 0x3, 0xf8,
    0xff, 0xdc, 0x20, 0x1f, 0xfc, 0x61, 0xff, 0xff,
    0xe0, 0x70, 0x7, 0xff, 0x8, 0x55, 0x78, 0x2,
    0x55, 0xce, 0x15, 0x5a, 0xc0, 0x3, 0x55, 0xa4,
    0x3, 0xff, 0xfe, 0x1, 0xff, 0xff, 0x0, 0xff,
    0xe3, 0x0,

    /* U+0165 "ť" */
    0x0, 0xfb, 0x7e, 0x0, 0x3e, 0x30, 0xd0, 0xf,
    0x84, 0x1c, 0x0, 0x53, 0x25, 0x0, 0x9, 0x0,
    0x1d, 0x99, 0x80, 0x4e, 0x1, 0xfb, 0x64, 0x17,
    0xe8, 0x0, 0xdf, 0xe3, 0x0, 0xff, 0x92, 0x58,
    0x0, 0x73, 0x22, 0x1, 0x6c, 0x0, 0x2b, 0x30,
    0x40, 0x3f, 0xfb, 0xe2, 0x0, 0x20, 0xf, 0x28,
    0x1, 0x25, 0x8c, 0x2, 0x15, 0x0, 0x34, 0xd8,
    0x6, 0xa7, 0x10, 0x7, 0x0,

    /* U+0166 "Ŧ" */
    0x1f, 0xff, 0xfe, 0x7, 0x0, 0x7f, 0xf0, 0x85,
    0x57, 0x80, 0x25, 0x5c, 0xe1, 0x55, 0xac, 0x0,
    0x35, 0x5a, 0x40, 0x3f, 0xfa, 0x46, 0x72, 0x80,
    0x46, 0x78, 0x0, 0x79, 0x95, 0x80, 0x7, 0x33,
    0x0, 0x7f, 0xf1, 0xf, 0xfe, 0xe0, 0x0, 0xff,
    0xe0, 0xf, 0xff, 0xf8, 0x7, 0xf8,

    /* U+0167 "ŧ" */
    0x0, 0x2f, 0xfa, 0x40, 0x3f, 0xf9, 0x2b, 0xf4,
    0x0, 0x6f, 0xf1, 0x80, 0x7f, 0x24, 0xb0, 0x0,
    0xe6, 0x44, 0x2d, 0x80, 0x5, 0x66, 0x8, 0x7d,
    0x0, 0x1b, 0xe0, 0x3, 0xfe, 0xc8, 0x0, 0x26,
    0x48, 0x0, 0xc8, 0x0, 0x46, 0x20, 0x10, 0x80,
    0x8, 0x3, 0x94, 0x0, 0x92, 0xc6, 0x0, 0x15,
    0x0, 0x34, 0xd8, 0x5, 0x4e, 0x20, 0xe,

    /* U+0168 "Ũ" */
    0x0, 0xcd, 0xb4, 0x0, 0xbb, 0x0, 0x78, 0xa4,
    0x97, 0x5, 0x0, 0x3e, 0x40, 0xa8, 0x3e, 0xc,
    0x0, 0xf8, 0x9d, 0xd2, 0x4a, 0xe0, 0x1e, 0x6d,
    0x20, 0x6d, 0xa0, 0xf, 0xfe, 0x32, 0x7f, 0xac,
    0x3, 0xc9, 0xfe, 0xa0, 0xf, 0xff, 0xf8, 0x7,
    0xff, 0x9d, 0xc0, 0xc, 0x1, 0xe2, 0x0, 0x19,
    0x0, 0x8, 0x80, 0x1d, 0x40, 0xe, 0x13, 0x0,
    0x79, 0x80, 0x6, 0x4c, 0x0, 0xa1, 0x0, 0x2,
    0xcf, 0xee, 0x30, 0x1, 0x88, 0x12, 0x80, 0x30,
    0x80, 0x4b, 0x20, 0x12, 0xeb, 0x90, 0x0, 0x56,
    0xe8, 0x0,

    /* U+0169 "ũ" */
    0x0, 0x27, 0x72, 0x85, 0xfc, 0xc0, 0x28, 0x11,
    0x2f, 0x40, 0x10, 0x4, 0x69, 0xf0, 0x21, 0x2,
    0x1, 0x7d, 0x83, 0xf7, 0xb8, 0x7, 0xff, 0x5,
    0xbf, 0xd0, 0x1, 0x27, 0xfa, 0x80, 0x3f, 0xff,
    0xa4, 0x1, 0x18, 0x1, 0x0, 0x2d, 0x0, 0x9c,
    0x0, 0x76, 0xf6, 0x80, 0x11, 0x28, 0x1, 0x21,
    0x18, 0x3, 0x53, 0x8, 0x15, 0xe8, 0x4,

    /* U+016A "Ū" */
    0x0, 0x93, 0x77, 0xd0, 0x1, 0xe1, 0x22, 0xf8,
    0x3, 0xcb, 0xff, 0xea, 0x0, 0xff, 0xe9, 0xa7,
    0xfa, 0xc0, 0x3c, 0x9f, 0xea, 0x0, 0xff, 0xff,
    0x80, 0x7f, 0xf9, 0xdc, 0x0, 0xc0, 0x1e, 0x20,
    0x1, 0x90, 0x0, 0x88, 0x1, 0xd4, 0x0, 0xe1,
    0x30, 0x7, 0x98, 0x0, 0x64, 0xc0, 0xa, 0x10,
    0x0, 0x2c, 0xfe, 0xe3, 0x0, 0x18, 0x81, 0x28,
    0x3, 0x8, 0x4, 0xb2, 0x1, 0x2e, 0xb9, 0x0,
    0x5, 0x6e, 0x80, 0x0,

    /* U+016B "ū" */
    0x0, 0x66, 0xef, 0x84, 0x2, 0x22, 0xf8, 0x3,
    0x77, 0xff, 0x84, 0x3, 0xff, 0x80, 0xdf, 0xe8,
    0x0, 0x93, 0xfd, 0x40, 0x1f, 0xff, 0xd2, 0x0,
    0x8c, 0x0, 0x80, 0x16, 0x80, 0x4e, 0x0, 0x3b,
    0x7b, 0x40, 0x8, 0x94, 0x0, 0x90, 0x8c, 0x1,
    0xa9, 0x84, 0xa, 0xf4, 0x2,

    /* U+016E "Ů" */
    0x0, 0xe7, 0xef, 0x90, 0xf, 0xe6, 0x80, 0x26,
    0xa0, 0xf, 0xda, 0x1f, 0xa6, 0xa0, 0x1f, 0xfc,
    0xad, 0xf, 0xd3, 0x50, 0xf, 0xcd, 0x0, 0x4d,
    0x40, 0x1f, 0xcf, 0xdf, 0x20, 0x1f, 0xfc, 0x74,
    0xff, 0x58, 0x7, 0x93, 0xfd, 0x40, 0x1f, 0xff,
    0xf0, 0xf, 0xff, 0x3b, 0x80, 0x18, 0x3, 0xc4,
    0x0, 0x32, 0x0, 0x11, 0x0, 0x3a, 0x80, 0x1c,
    0x26, 0x0, 0xf3, 0x0, 0xc, 0x98, 0x1, 0x42,
    0x0, 0x5, 0x9f, 0xdc, 0x60, 0x3, 0x10, 0x25,
    0x0, 0x61, 0x0, 0x96, 0x40, 0x25, 0xd7, 0x20,
    0x0, 0xad, 0xd0, 0x0,

    /* U+016F "ů" */
    0x0, 0x8f, 0x3f, 0x50, 0x3, 0xda, 0x68, 0x56,
    0x40, 0x19, 0x6, 0x2e, 0xc0, 0xa0, 0x19, 0xc3,
    0x40, 0xc0, 0x40, 0x31, 0x99, 0x7e, 0x5, 0xc0,
    0x3b, 0x21, 0x5f, 0xc4, 0x3, 0xcf, 0x50, 0x20,
    0x13, 0x7f, 0xa0, 0x2, 0x4f, 0xf5, 0x0, 0x7f,
    0xff, 0x48, 0x2, 0x30, 0x2, 0x0, 0x5a, 0x1,
    0x38, 0x0, 0xed, 0xed, 0x0, 0x22, 0x50, 0x2,
    0x42, 0x30, 0x6, 0xa6, 0x10, 0x2b, 0xd0, 0x8,

    /* U+0170 "Ű" */
    0x0, 0xef, 0xf4, 0x8f, 0xf9, 0xc0, 0x3c, 0x80,
    0xa, 0x70, 0x3, 0x0, 0x7b, 0x0, 0xcd, 0x80,
    0x82, 0x1, 0xe4, 0xa, 0x4, 0xe, 0x0, 0xfb,
    0x3d, 0x83, 0xbd, 0x40, 0x3f, 0xf8, 0xa9, 0xfe,
    0xb0, 0xf, 0x27, 0xfa, 0x80, 0x3f, 0xff, 0xe0,
    0x1f, 0xfe, 0x77, 0x0, 0x30, 0x7, 0x88, 0x0,
    0x64, 0x0, 0x22, 0x0, 0x75, 0x0, 0x38, 0x4c,
    0x1, 0xe6, 0x0, 0x19, 0x30, 0x2, 0x84, 0x0,
    0xb, 0x3f, 0xb8, 0xc0, 0x6, 0x20, 0x4a, 0x0,
    0xc2, 0x1, 0x2c, 0x80, 0x4b, 0xae, 0x40, 0x1,
    0x5b, 0xa0, 0x0,

    /* U+0171 "ű" */
    0x0, 0xa7, 0xfc, 0x35, 0xfc, 0x1, 0x90, 0x14,
    0x50, 0x1c, 0x2, 0x12, 0xe, 0x21, 0xb, 0x0,
    0x90, 0x9, 0x10, 0x6, 0x40, 0x12, 0xfe, 0x83,
    0x7e, 0x0, 0x7f, 0xf0, 0x5b, 0xfd, 0x0, 0x12,
    0x7f, 0xa8, 0x3, 0xff, 0xfa, 0x40, 0x11, 0x80,
    0x10, 0x2, 0xd0, 0x9, 0xc0, 0x7, 0x6f, 0x68,
    0x1, 0x12, 0x80, 0x12, 0x11, 0x80, 0x35, 0x30,
    0x81, 0x5e, 0x80, 0x40,

    /* U+0172 "Ų" */
    0x4f, 0xf5, 0x80, 0x79, 0x3f, 0xd4, 0x1, 0xff,
    0xff, 0x0, 0xff, 0xf3, 0xb8, 0x1, 0xc0, 0x3c,
    0x40, 0x3, 0x20, 0x1, 0x88, 0x7, 0x60, 0x0,
    0x44, 0x40, 0xa, 0x0, 0xca, 0xa0, 0x5, 0x84,
    0x0, 0x13, 0xae, 0xb6, 0x80, 0x8, 0x60, 0xb0,
    0x0, 0x14, 0x52, 0x0, 0x1d, 0x0, 0x4f, 0x88,
    0x1, 0x8a, 0x30, 0x40, 0x31, 0xdd, 0x80, 0xfb,
    0x5c, 0x3, 0xf4, 0x85, 0x8, 0x7, 0xf9, 0x82,
    0x70, 0xc0, 0x3f, 0xa5, 0x0, 0xdc, 0x3, 0x0,

    /* U+0173 "ų" */
    0x6f, 0xf4, 0x0, 0x49, 0xfe, 0xa0, 0xf, 0xff,
    0xf8, 0x7, 0x10, 0x6, 0x30, 0x2, 0x0, 0x5a,
    0x1, 0x9c, 0x0, 0x76, 0xf6, 0x80, 0x18, 0x94,
    0x0, 0x90, 0x8c, 0x1, 0xd4, 0xc2, 0x5, 0x7a,
    0x0, 0x30, 0xa, 0x7b, 0xf5, 0x18, 0x4e, 0x40,
    0x3f, 0x58, 0xa8, 0x7, 0xf7, 0x3, 0x6b, 0x0,
    0x7c, 0xec, 0x24, 0x20,

    /* U+0174 "Ŵ" */
    0x0, 0xfe, 0x5f, 0xf5, 0x80, 0x7f, 0xf1, 0x46,
    0x80, 0x51, 0x80, 0x3f, 0xf8, 0x9a, 0xd, 0xa1,
    0x24, 0x1, 0xff, 0xc2, 0x73, 0x29, 0x36, 0xe,
    0x0, 0xff, 0xe1, 0x3f, 0xe8, 0x2, 0x7f, 0x0,
    0x3f, 0xfa, 0x2f, 0xfe, 0x80, 0xe, 0x7f, 0xf6,
    0x0, 0x72, 0x7f, 0xad, 0x0, 0xa, 0x1, 0xd6,
    0x0, 0x31, 0x0, 0xd8, 0x0, 0xc3, 0x10, 0x21,
    0x0, 0xc6, 0x1, 0x20, 0x6, 0x40, 0x2, 0x2,
    0x0, 0x10, 0x2, 0x40, 0xd, 0x80, 0x18, 0xc0,
    0x6, 0x18, 0x0, 0xc0, 0xb, 0x0, 0x32, 0x0,
    0x48, 0x0, 0x40, 0x2, 0x0, 0x10, 0x2, 0x50,
    0x1, 0x81, 0x8, 0x3, 0x0, 0x18, 0x0, 0x21,
    0x2, 0x10, 0x12, 0x3, 0xb0, 0x3, 0x80, 0x10,
    0x0, 0x80, 0x12, 0x0, 0x10, 0x10, 0x0, 0x88,
    0x0, 0x60, 0x0, 0xc0, 0x4c, 0x2, 0xf0, 0x6,
    0x6, 0x0, 0x30, 0xc0, 0x8, 0x8, 0x0, 0x40,
    0xc, 0x80, 0x4, 0x4, 0x0, 0x20, 0x20, 0x9,
    0x60, 0x3, 0x0, 0x30, 0x90, 0x11, 0x90, 0x20,
    0x3, 0x40, 0xa, 0x80, 0x4, 0x0, 0xe4, 0x0,
    0x40, 0x3, 0x0, 0x8, 0x0, 0xb3, 0x1, 0x20,
    0xe, 0xc0, 0x2, 0x0, 0x10, 0x0, 0x42, 0x6,
    0x0, 0x40, 0xf, 0x20, 0x6, 0x13, 0x0, 0x90,
    0x3, 0x60, 0x7, 0x84, 0x80, 0x24, 0x0, 0xd8,
    0x1, 0x9c, 0x3, 0xe5, 0x0, 0xb0, 0x3, 0x38,
    0x4, 0x42, 0x1, 0x0,

    /* U+0175 "ŵ" */
    0x0, 0xfd, 0xbf, 0xe4, 0x0, 0xff, 0xe1, 0x51,
    0x18, 0x50, 0x80, 0x7f, 0xf0, 0x19, 0x4b, 0x1c,
    0x74, 0x3, 0xff, 0x81, 0xed, 0xe1, 0xe, 0xa8,
    0x1, 0xff, 0x4c, 0x88, 0x1, 0x12, 0x80, 0x1c,
    0x9f, 0xea, 0x0, 0xd9, 0xfe, 0x20, 0x9, 0x7f,
    0xd2, 0x82, 0x8, 0x1, 0x9, 0x80, 0x14, 0x2,
    0xc0, 0x6, 0x82, 0x0, 0x98, 0x1, 0xc0, 0x2b,
    0x0, 0x9c, 0x0, 0x81, 0xe0, 0xb, 0x0, 0x68,
    0x4, 0x62, 0x4, 0x20, 0xa0, 0x5, 0x0, 0x20,
    0x1, 0x0, 0x40, 0x8, 0xa, 0x0, 0xf0, 0x9,
    0x0, 0xc5, 0x40, 0x16, 0x0, 0xf0, 0xc0, 0x2,
    0x0, 0x5a, 0x0, 0x4c, 0x0, 0x2a, 0x81, 0x45,
    0x0, 0xc4, 0x2, 0x70, 0x7, 0xb8, 0x20, 0x60,
    0x2, 0x0, 0x16, 0x1, 0x84, 0x81, 0x44, 0x34,
    0x1c, 0x0, 0xc0, 0x5, 0x0, 0xe5, 0x0, 0xc8,
    0x2, 0x60, 0x11, 0x10, 0x3, 0xac, 0x2, 0x22,
    0x0, 0x2c, 0x2, 0x50, 0xf, 0x18, 0x80, 0x14,
    0x2, 0x50, 0xa, 0xc0, 0x20,

    /* U+0176 "Ŷ" */
    0x0, 0xf4, 0xee, 0x8c, 0x3, 0xfc, 0x8c, 0x44,
    0xe0, 0xf, 0xf5, 0x4, 0x91, 0x1c, 0x3, 0xf4,
    0x8a, 0x37, 0x4, 0x10, 0x7, 0xdf, 0x34, 0x7,
    0x72, 0x20, 0x1f, 0x33, 0x4, 0x0, 0x8c, 0x60,
    0x11, 0xff, 0xc2, 0x1, 0xea, 0xff, 0x51, 0xa8,
    0x2, 0x40, 0x38, 0x94, 0x1, 0x1, 0x0, 0x7,
    0x10, 0xd, 0x0, 0x7, 0x20, 0x26, 0x0, 0x40,
    0x4, 0x6a, 0x3, 0x20, 0x14, 0x0, 0x18, 0x80,
    0x10, 0x0, 0x91, 0x0, 0x86, 0x0, 0x10, 0x8,
    0x80, 0x17, 0x0, 0xe7, 0x10, 0x53, 0x80, 0x5,
    0x80, 0x7d, 0x0, 0xd, 0x30, 0x35, 0x0, 0xf9,
    0x88, 0x4, 0x1, 0x0, 0x1f, 0xd2, 0x1, 0x22,
    0x0, 0x3f, 0x90, 0x80, 0x1e, 0x1, 0xff, 0x8,
    0x1, 0xc0, 0x3f, 0xfe, 0xa0,

    /* U+0177 "ŷ" */
    0x0, 0xc5, 0xfe, 0xe1, 0x0, 0xfd, 0xe0, 0x63,
    0xa0, 0x1f, 0x51, 0x26, 0x21, 0xc8, 0x7, 0x11,
    0xb5, 0x5, 0x30, 0x10, 0x6, 0x29, 0x90, 0x80,
    0xcc, 0x88, 0x0, 0x5f, 0xed, 0x0, 0xeb, 0xff,
    0x19, 0x18, 0x11, 0x0, 0x21, 0x40, 0x23, 0xa,
    0x0, 0x50, 0x4, 0xe0, 0x5, 0x0, 0x30, 0x1,
    0x80, 0x2a, 0x0, 0x50, 0x4, 0xa0, 0x26, 0x2,
    0x60, 0x64, 0x1, 0x70, 0x2, 0x81, 0x80, 0x14,
    0x1, 0x90, 0x41, 0xc2, 0xc0, 0xc, 0x1, 0xcc,
    0x2, 0xc6, 0xa, 0x1, 0xea, 0x0, 0x48, 0x3,
    0x80, 0x3c, 0x46, 0x1, 0x12, 0x0, 0x7d, 0x40,
    0x12, 0x80, 0x7e, 0x70, 0xa, 0x80, 0x3f, 0x38,
    0x1, 0x48, 0x3, 0xb, 0xba, 0xe4, 0x1, 0x0,
    0x1c, 0x71, 0x4, 0x0, 0x59, 0x0, 0x7e, 0x16,
    0xd4, 0x0, 0xf0,

    /* U+0178 "Ÿ" */
    0x0, 0xc4, 0xa0, 0x11, 0xa0, 0x7, 0xc3, 0xb5,
    0xa0, 0xb9, 0x70, 0x1, 0xe5, 0x0, 0x10, 0x60,
    0x1, 0x0, 0x3c, 0x88, 0x7, 0xb, 0x21, 0x80,
    0xf, 0xaf, 0xe0, 0xb, 0x79, 0x0, 0x3f, 0xf8,
    0xc7, 0xff, 0x8, 0x7, 0xab, 0xfd, 0x46, 0xa0,
    0x9, 0x0, 0xe2, 0x50, 0x4, 0x4, 0x0, 0x1c,
    0x40, 0x34, 0x0, 0x1c, 0x80, 0x98, 0x1, 0x0,
    0x11, 0xa8, 0xc, 0x80, 0x50, 0x0, 0x62, 0x0,
    0x40, 0x2, 0x44, 0x2, 0x18, 0x0, 0x40, 0x22,
    0x0, 0x5c, 0x3, 0x9c, 0x41, 0x4e, 0x0, 0x16,
    0x1, 0xf4, 0x0, 0x34, 0xc0, 0xd4, 0x3, 0xe6,
    0x20, 0x10, 0x4, 0x0, 0x7f, 0x48, 0x4, 0x88,
    0x0, 0xfe, 0x42, 0x0, 0x78, 0x7, 0xfc, 0x20,
    0x7, 0x0, 0xff, 0xfa, 0x80,

    /* U+0179 "Ź" */
    0x0, 0xf3, 0xff, 0x8c, 0x3, 0xfa, 0x41, 0x4c,
    0x3, 0xf3, 0x8, 0x58, 0x7, 0xf5, 0x84, 0x8,
    0x7, 0xf6, 0xfb, 0x80, 0x7f, 0xf1, 0xb7, 0xff,
    0xfe, 0x60, 0xf, 0xfe, 0xa, 0xaf, 0xe2, 0x0,
    0x92, 0x2a, 0xbd, 0x4, 0x0, 0x92, 0x0, 0xfb,
    0x80, 0xa, 0xc0, 0x1f, 0x49, 0x81, 0x50, 0x7,
    0xca, 0xc0, 0xf, 0x0, 0xf8, 0xa8, 0x1, 0x24,
    0x1, 0xf7, 0x0, 0x15, 0x80, 0x3e, 0x93, 0x2,
    0xa0, 0xf, 0x95, 0x80, 0x1e, 0x1, 0xf1, 0x50,
    0x2, 0x88, 0x3, 0xee, 0x0, 0x32, 0x80, 0x7d,
    0x6, 0x0, 0x3a, 0xaf, 0x91, 0x40, 0x25, 0x5f,
    0xc4, 0x1, 0xff, 0xc1,

    /* U+017A "ź" */
    0x0, 0xe1, 0xff, 0x50, 0x7, 0xd2, 0x0, 0xb0,
    0xf, 0x98, 0x20, 0x40, 0x3c, 0xe2, 0x4e, 0x1,
    0xf3, 0xfe, 0x80, 0x76, 0x7f, 0xfe, 0xa0, 0xf,
    0xfe, 0x4, 0x55, 0x68, 0x0, 0xb8, 0x11, 0x57,
    0x58, 0x2, 0x10, 0x3, 0xa4, 0xc1, 0x5c, 0x3,
    0x99, 0x80, 0x54, 0x1, 0xc9, 0x20, 0x38, 0x1,
    0xc3, 0x40, 0xd, 0x10, 0xe, 0xd1, 0x9, 0x30,
    0xe, 0xa3, 0x2, 0x35, 0x5c, 0x60, 0xa0, 0x2,
    0xaa, 0xe9, 0x0, 0xff, 0x80,

    /* U+017B "Ż" */
    0x0, 0xc7, 0xbc, 0x80, 0x1f, 0xd2, 0x43, 0x0,
    0x1f, 0xc4, 0x0, 0x50, 0xf, 0xe8, 0x99, 0x80,
    0x3f, 0xcc, 0xc0, 0xf, 0xfe, 0x3e, 0xff, 0xff,
    0xcc, 0x1, 0xff, 0xc1, 0x55, 0xfc, 0x40, 0x12,
    0x45, 0x57, 0xa0, 0x80, 0x12, 0x40, 0x1f, 0x70,
    0x1, 0x58, 0x3, 0xe9, 0x30, 0x2a, 0x0, 0xf9,
    0x58, 0x1, 0xe0, 0x1f, 0x15, 0x0, 0x24, 0x80,
    0x3e, 0xe0, 0x2, 0xb0, 0x7, 0xd2, 0x60, 0x54,
    0x1, 0xf2, 0xb0, 0x3, 0xc0, 0x3e, 0x2a, 0x0,
    0x51, 0x0, 0x7d, 0xc0, 0x6, 0x50, 0xf, 0xa0,
    0xc0, 0x7, 0x55, 0xf2, 0x28, 0x4, 0xab, 0xf8,
    0x80, 0x3f, 0xf8, 0x20,

    /* U+017C "ż" */
    0x0, 0xd5, 0xf2, 0x1, 0xf2, 0x28, 0x31, 0x0,
    0x79, 0x80, 0x2, 0x40, 0x1e, 0x2c, 0x8c, 0x0,
    0xfc, 0x6e, 0x40, 0x1d, 0x9f, 0xff, 0xa8, 0x3,
    0xff, 0x81, 0x15, 0x5a, 0x0, 0x2e, 0x4, 0x55,
    0xd6, 0x0, 0x84, 0x0, 0xe9, 0x30, 0x57, 0x0,
    0xe6, 0x60, 0x15, 0x0, 0x72, 0x48, 0xe, 0x0,
    0x70, 0xd0, 0x3, 0x44, 0x3, 0xb4, 0x42, 0x4c,
    0x3, 0xa8, 0xc0, 0x8d, 0x57, 0x18, 0x28, 0x0,
    0xaa, 0xba, 0x40, 0x3f, 0xe0,

    /* U+017D "Ž" */
    0x0, 0x4f, 0xe0, 0x2, 0xfe, 0x80, 0x3a, 0x48,
    0xdd, 0x50, 0x6c, 0x3, 0xdc, 0x11, 0x61, 0x42,
    0x1, 0xe3, 0x80, 0x16, 0x40, 0xf, 0xcf, 0xfe,
    0x90, 0xf, 0xfe, 0x36, 0xff, 0xff, 0xcc, 0x1,
    0xff, 0xc1, 0x55, 0xfc, 0x40, 0x12, 0x45, 0x57,
    0xa0, 0x80, 0x12, 0x40, 0x1f, 0x70, 0x1, 0x58,
    0x3, 0xe9, 0x30, 0x2a, 0x0, 0xf9, 0x58, 0x1,
    0xe0, 0x1f, 0x15, 0x0, 0x24, 0x80, 0x3e, 0xe0,
    0x2, 0xb0, 0x7, 0xd2, 0x60, 0x54, 0x1, 0xf2,
    0xb0, 0x3, 0xc0, 0x3e, 0x2a, 0x0, 0x51, 0x0,
    0x7d, 0xc0, 0x6, 0x50, 0xf, 0xa0, 0xc0, 0x7,
    0x55, 0xf2, 0x28, 0x4, 0xab, 0xf8, 0x80, 0x3f,
    0xf8, 0x20,

    /* U+017E "ž" */
    0x2, 0xff, 0x18, 0x2f, 0xf0, 0x80, 0xa, 0x43,
    0x4a, 0xc2, 0x84, 0x2, 0x65, 0x1d, 0x17, 0x40,
    0xe, 0xa5, 0x46, 0x80, 0xf, 0xaa, 0xe4, 0x3,
    0xb3, 0xff, 0xf5, 0x0, 0x7f, 0xf0, 0x22, 0xab,
    0x40, 0x5, 0xc0, 0x8a, 0xba, 0xc0, 0x10, 0x80,
    0x1d, 0x26, 0xa, 0xe0, 0x1c, 0xcc, 0x2, 0xa0,
    0xe, 0x49, 0x1, 0xc0, 0xe, 0x1a, 0x0, 0x68,
    0x80, 0x76, 0x88, 0x49, 0x80, 0x75, 0x18, 0x11,
    0xaa, 0xe3, 0x5, 0x0, 0x15, 0x57, 0x48, 0x7,
    0xfc,

    /* U+01A0 "Ơ" */
    0x0, 0xff, 0xe0, 0x8c, 0x40, 0xc0, 0x3f, 0xf8,
    0x46, 0xee, 0x40, 0xf, 0xfe, 0x28, 0x80, 0x7f,
    0xf0, 0x94, 0x0, 0x60, 0x1e, 0x39, 0xdf, 0xfe,
    0x80, 0x2, 0x80, 0x61, 0xbc, 0x62, 0x0, 0xf1,
    0xe0, 0x6, 0x1c, 0x40, 0x8, 0x8c, 0x40, 0x22,
    0x10, 0xd, 0x64, 0x0, 0x8f, 0xdc, 0xea, 0x10,
    0x1f, 0x0, 0x8d, 0x40, 0x16, 0xe0, 0x19, 0x70,
    0x0, 0x4c, 0x0, 0xa0, 0x2, 0xa0, 0x7, 0x8a,
    0x0, 0x14, 0x0, 0x40, 0x7, 0x0, 0x7e, 0x60,
    0x1, 0x80, 0x8, 0x0, 0xa0, 0x1f, 0x84, 0x40,
    0x2, 0x0, 0xff, 0xe3, 0x90, 0x1, 0x40, 0x3f,
    0x8, 0x80, 0x6, 0x8, 0x0, 0xe0, 0xf, 0xcc,
    0x0, 0x21, 0xa, 0x0, 0x2a, 0x0, 0x78, 0xa0,
    0x1, 0x40, 0x3, 0x50, 0x5, 0xb0, 0x6, 0x5c,
    0x0, 0x13, 0x80, 0x56, 0x40, 0x9, 0xfc, 0xc7,
    0x50, 0x80, 0xf0, 0x6, 0x1c, 0x40, 0x8, 0xcc,
    0x20, 0x2, 0xc3, 0x0, 0xe1, 0xbb, 0x31, 0x0,
    0x5, 0x6b, 0x48, 0x2,

    /* U+01A1 "ơ" */
    0x0, 0xff, 0x44, 0x8, 0x3, 0xf8, 0x5d, 0xe0,
    0xf, 0xe5, 0x0, 0x8, 0x4, 0xd9, 0xdf, 0xf5,
    0x80, 0xa0, 0xe, 0x49, 0x88, 0x6, 0x4c, 0x0,
    0x51, 0x80, 0xb3, 0x98, 0x1, 0x0, 0x8, 0x80,
    0x1f, 0x98, 0xc5, 0x0, 0x40, 0x68, 0x2, 0x4,
    0x2, 0xb0, 0x2, 0x82, 0x80, 0x14, 0x3, 0x9,
    0x0, 0x4, 0x3, 0xff, 0x82, 0xa0, 0x5, 0x0,
    0xc2, 0x40, 0x1, 0xd0, 0x4, 0x8, 0x5, 0x60,
    0x6, 0x4, 0x40, 0xf, 0xcc, 0x62, 0x80, 0x20,
    0x1, 0x46, 0x2, 0xce, 0x60, 0xb, 0x10, 0x0,
    0xe4, 0x98, 0x81, 0x3f, 0x20, 0x0,

    /* U+01AF "Ư" */
    0x0, 0xff, 0xe9, 0x1f, 0xf9, 0x0, 0x3f, 0xf8,
    0x8e, 0x1, 0xff, 0xc1, 0x50, 0x1, 0x27, 0xfa,
    0xc0, 0x3c, 0x9f, 0xe9, 0x19, 0x10, 0xf, 0xfe,
    0xa, 0xf3, 0x0, 0x7f, 0xff, 0xc0, 0x3f, 0xfe,
    0x4e, 0x0, 0x60, 0xf, 0x10, 0x0, 0xc0, 0x22,
    0x0, 0x11, 0x0, 0x3a, 0x80, 0x1c, 0x1, 0x9,
    0x80, 0x3c, 0xc0, 0x3, 0x26, 0x0, 0x60, 0xd,
    0x0, 0x2, 0xcf, 0xee, 0x30, 0x1, 0xc4, 0x3,
    0x25, 0x0, 0x61, 0x0, 0x9a, 0x0, 0x3c, 0xba,
    0xe4, 0x0, 0x25, 0xb9, 0x0, 0xe0,

    /* U+01B0 "ư" */
    0x0, 0xff, 0x47, 0xf0, 0x7, 0xf8, 0x80, 0xeb,
    0xfc, 0x80, 0x14, 0x7f, 0x94, 0x18, 0x3, 0xfe,
    0x39, 0x0, 0xff, 0x4e, 0x10, 0x7, 0xff, 0xbc,
    0x80, 0x38, 0xc0, 0x18, 0x0, 0x14, 0x0, 0xef,
    0x0, 0x3c, 0xbe, 0x8, 0x7, 0x31, 0x0, 0x1a,
    0xd, 0x40, 0x3d, 0xe8, 0x0, 0x4c, 0x20, 0xe,

    /* U+01E6 "Ǧ" */
    0x0, 0xe7, 0xfd, 0x0, 0x4f, 0xe0, 0x7, 0xf3,
    0x99, 0x42, 0x30, 0x68, 0x7, 0xfb, 0x81, 0xe8,
    0x28, 0x40, 0x3f, 0xc5, 0x20, 0x2a, 0xa0, 0xf,
    0xfe, 0x3, 0x7f, 0xa8, 0x3, 0xff, 0xa0, 0x93,
    0xbf, 0xee, 0xb6, 0x0, 0xf8, 0x6e, 0xcc, 0x40,
    0x1, 0x49, 0xd2, 0x0, 0xc3, 0x88, 0x0, 0x13,
    0x42, 0x0, 0x16, 0x8, 0x5, 0x44, 0x0, 0x9e,
    0xcb, 0xdd, 0x10, 0xc, 0x0, 0xd, 0x0, 0x18,
    0xc0, 0x18, 0xbc, 0x0, 0xc0, 0xa, 0x0, 0x31,
    0x80, 0x78, 0xb7, 0x60, 0x2, 0x0, 0x28, 0x3,
    0xf1, 0x14, 0x0, 0x20, 0x1, 0x0, 0x6f, 0xff,
    0x98, 0x3, 0xff, 0x88, 0x60, 0x40, 0x5, 0x0,
    0xd3, 0x38, 0xc0, 0x2, 0xe, 0x0, 0xd0, 0xc,
    0xcd, 0x80, 0x26, 0xe, 0x0, 0x32, 0x0, 0x79,
    0xc, 0xc, 0x81, 0x10, 0x0, 0xb6, 0x0, 0xc9,
    0x40, 0xa, 0x0, 0xa8, 0x40, 0x13, 0xd9, 0x7b,
    0x62, 0xa, 0xc0, 0x10, 0xf9, 0x80, 0x4, 0xd0,
    0x80, 0xd, 0x40, 0x1c, 0x39, 0x6a, 0x40, 0x2,
    0x6c, 0x90, 0x8,

    /* U+01E7 "ǧ" */
    0x0, 0x2f, 0xf0, 0x84, 0x7e, 0x80, 0x72, 0xb0,
    0xd1, 0xb8, 0x78, 0x7, 0xa4, 0x93, 0x2, 0x48,
    0x3, 0xee, 0x22, 0x33, 0x0, 0x3f, 0x1e, 0xea,
    0x40, 0x3e, 0x19, 0xef, 0xd7, 0xd, 0xff, 0x8,
    0x17, 0xb0, 0x81, 0x45, 0x18, 0x6, 0xf1, 0x1,
    0x89, 0x45, 0x10, 0x9, 0x48, 0x7, 0xdd, 0xad,
    0x80, 0x36, 0x0, 0x24, 0x40, 0x28, 0x0, 0xc4,
    0x0, 0x40, 0xc, 0x22, 0x0, 0xff, 0xe2, 0x10,
    0x1, 0x0, 0x30, 0x88, 0x2, 0xc0, 0x4, 0x88,
    0x5, 0x60, 0x19, 0x48, 0x7, 0xdd, 0xad, 0x40,
    0x3b, 0xc4, 0x6, 0x25, 0x14, 0x80, 0x2, 0x5,
    0xec, 0x20, 0x4f, 0x46, 0x1, 0xb, 0xb6, 0x77,
    0xec, 0x20, 0x81, 0x80, 0xcc, 0x55, 0xbb, 0x4d,
    0x80, 0x20, 0x1, 0x40, 0x4, 0x89, 0x60, 0x3,
    0xa0, 0x1, 0x39, 0xc8, 0x0, 0x2b, 0x90, 0x0,

    /* U+1E20 "Ḡ" */
    0x0, 0xe5, 0xdd, 0xf4, 0x80, 0x7f, 0x19, 0x17,
    0x8c, 0x3, 0xf9, 0xbf, 0xfd, 0x40, 0x1f, 0xfd,
    0xf4, 0x9d, 0xff, 0x75, 0xb0, 0x7, 0xc3, 0x76,
    0x62, 0x0, 0xa, 0x4e, 0x90, 0x6, 0x1c, 0x40,
    0x0, 0x9a, 0x10, 0x0, 0xb0, 0x40, 0x2a, 0x20,
    0x4, 0xf6, 0x5e, 0xe8, 0x80, 0x60, 0x0, 0x68,
    0x0, 0xc6, 0x0, 0xc5, 0xe0, 0x6, 0x0, 0x50,
    0x1, 0x8c, 0x3, 0xc5, 0xbb, 0x0, 0x10, 0x1,
    0x40, 0x1f, 0x88, 0xa0, 0x1, 0x0, 0x8, 0x3,
    0x7f, 0xfc, 0xc0, 0x1f, 0xfc, 0x43, 0x2, 0x0,
    0x28, 0x6, 0x99, 0xc6, 0x0, 0x10, 0x70, 0x6,
    0x80, 0x66, 0x6c, 0x1, 0x30, 0x70, 0x1, 0x90,
    0x3, 0xc8, 0x60, 0x64, 0x8, 0x80, 0x5, 0xb0,
    0x6, 0x4a, 0x0, 0x50, 0x5, 0x42, 0x0, 0x9e,
    0xcb, 0xdb, 0x10, 0x56, 0x0, 0x87, 0xcc, 0x0,
    0x26, 0x84, 0x0, 0x6a, 0x0, 0xe1, 0xcb, 0x52,
    0x0, 0x13, 0x64, 0x80, 0x40,

    /* U+1E21 "ḡ" */
    0x0, 0x27, 0xff, 0xb0, 0x3, 0x9c, 0x8b, 0xcc,
    0x1, 0xc7, 0xbb, 0xea, 0x0, 0xff, 0xe3, 0xc,
    0xf7, 0xeb, 0x86, 0xff, 0x84, 0xb, 0xd8, 0x40,
    0xa2, 0x8c, 0x3, 0x78, 0x80, 0xc4, 0xa2, 0x88,
    0x4, 0xa4, 0x3, 0xee, 0xd6, 0xc0, 0x1b, 0x0,
    0x12, 0x20, 0x14, 0x0, 0x62, 0x0, 0x20, 0x6,
    0x11, 0x0, 0x7f, 0xf1, 0x8, 0x0, 0x80, 0x18,
    0x44, 0x1, 0x60, 0x2, 0x44, 0x2, 0xb0, 0xc,
    0xa4, 0x3, 0xee, 0xd6, 0xa0, 0x1d, 0xe2, 0x3,
    0x12, 0x8a, 0x40, 0x1, 0x2, 0xf6, 0x10, 0x27,
    0xa3, 0x0, 0x85, 0xdb, 0x3b, 0xf6, 0x10, 0x40,
    0xc0, 0x66, 0x2a, 0xdd, 0xa6, 0xc0, 0x10, 0x0,
    0xa0, 0x2, 0x44, 0xb0, 0x1, 0xd0, 0x0, 0x9c,
    0xe4, 0x0, 0x15, 0xc8, 0x0, 0x0,

    /* U+1E80 "Ẁ" */
    0x0, 0xfd, 0xdf, 0x80, 0x1f, 0xfc, 0x7b, 0x3,
    0x30, 0x7, 0xff, 0x19, 0x4c, 0x24, 0x3, 0xff,
    0x8f, 0xc0, 0xa4, 0x1, 0xff, 0xc6, 0x2f, 0xf1,
    0x0, 0x7f, 0xf4, 0xdf, 0xfd, 0x0, 0x1c, 0xff,
    0xec, 0x0, 0xe4, 0xff, 0x5a, 0x0, 0x14, 0x3,
    0xac, 0x0, 0x62, 0x1, 0xb0, 0x1, 0x86, 0x20,
    0x42, 0x1, 0x8c, 0x2, 0x40, 0xc, 0x80, 0x4,
    0x4, 0x0, 0x20, 0x4, 0x80, 0x1b, 0x0, 0x31,
    0x80, 0xc, 0x30, 0x1, 0x80, 0x16, 0x0, 0x64,
    0x0, 0x90, 0x0, 0x80, 0x4, 0x0, 0x20, 0x4,
    0xa0, 0x3, 0x2, 0x10, 0x6, 0x0, 0x30, 0x0,
    0x42, 0x4, 0x20, 0x24, 0x7, 0x60, 0x7, 0x0,
    0x20, 0x1, 0x0, 0x24, 0x0, 0x20, 0x20, 0x1,
    0x10, 0x0, 0xc0, 0x1, 0x80, 0x98, 0x5, 0xe0,
    0xc, 0xc, 0x0, 0x61, 0x80, 0x10, 0x10, 0x0,
    0x80, 0x19, 0x0, 0x8, 0x8, 0x0, 0x40, 0x40,
    0x12, 0xc0, 0x6, 0x0, 0x61, 0x20, 0x23, 0x20,
    0x40, 0x6, 0x80, 0x15, 0x0, 0x8, 0x1, 0xc8,
    0x0, 0x80, 0x6, 0x0, 0x10, 0x1, 0x66, 0x2,
    0x40, 0x1d, 0x80, 0x4, 0x0, 0x20, 0x0, 0x84,
    0xc, 0x0, 0x80, 0x1e, 0x40, 0xc, 0x26, 0x1,
    0x20, 0x6, 0xc0, 0xf, 0x9, 0x0, 0x48, 0x1,
    0xb0, 0x3, 0x38, 0x7, 0xca, 0x1, 0x60, 0x6,
    0x70, 0x8, 0x84, 0x2,

    /* U+1E81 "ẁ" */
    0x0, 0xf3, 0xff, 0x90, 0x3, 0xff, 0x86, 0xe4,
    0x1e, 0x1, 0xff, 0xc4, 0x90, 0x43, 0x0, 0xff,
    0xe1, 0xa2, 0x84, 0x80, 0x7f, 0xf1, 0x2b, 0xe8,
    0x3, 0xf2, 0x7f, 0xa8, 0x3, 0x67, 0xf8, 0x80,
    0x25, 0xff, 0x4a, 0x8, 0x20, 0x4, 0x26, 0x0,
    0x50, 0xb, 0x0, 0x1a, 0x8, 0x2, 0x60, 0x7,
    0x0, 0xac, 0x2, 0x70, 0x2, 0x7, 0x80, 0x2c,
    0x1, 0xa0, 0x11, 0x88, 0x10, 0x82, 0x80, 0x14,
    0x0, 0x80, 0x4, 0x1, 0x0, 0x20, 0x28, 0x3,
    0xc0, 0x24, 0x3, 0x15, 0x0, 0x58, 0x3, 0xc3,
    0x0, 0x8, 0x1, 0x68, 0x1, 0x30, 0x0, 0xaa,
    0x5, 0x14, 0x3, 0x10, 0x9, 0xc0, 0x1e, 0xe0,
    0x81, 0x80, 0x8, 0x0, 0x58, 0x6, 0x12, 0x5,
    0x10, 0xd0, 0x70, 0x3, 0x0, 0x14, 0x3, 0x94,
    0x3, 0x20, 0x9, 0x80, 0x44, 0x40, 0xe, 0xb0,
    0x8, 0x88, 0x0, 0xb0, 0x9, 0x40, 0x3c, 0x62,
    0x0, 0x50, 0x9, 0x40, 0x2b, 0x0, 0x80,

    /* U+1E82 "Ẃ" */
    0x0, 0xff, 0x97, 0xfc, 0xa0, 0x1f, 0xfc, 0x68,
    0x3, 0x50, 0xf, 0xfe, 0x2a, 0x10, 0x70, 0x7,
    0xff, 0x1b, 0xc1, 0x88, 0x3, 0xff, 0x8d, 0x7f,
    0x20, 0x1f, 0xfd, 0x37, 0xff, 0x40, 0x7, 0x3f,
    0xfb, 0x0, 0x39, 0x3f, 0xd6, 0x80, 0x5, 0x0,
    0xeb, 0x0, 0x18, 0x80, 0x6c, 0x0, 0x61, 0x88,
    0x10, 0x80, 0x63, 0x0, 0x90, 0x3, 0x20, 0x1,
    0x1, 0x0, 0x8, 0x1, 0x20, 0x6, 0xc0, 0xc,
    0x60, 0x3, 0xc, 0x0, 0x60, 0x5, 0x80, 0x19,
    0x0, 0x24, 0x0, 0x20, 0x1, 0x0, 0x8, 0x1,
    0x28, 0x0, 0xc0, 0x84, 0x1, 0x80, 0xc, 0x0,
    0x10, 0x81, 0x8, 0x9, 0x1, 0xd8, 0x1, 0xc0,
    0x8, 0x0, 0x40, 0x9, 0x0, 0x8, 0x8, 0x0,
    0x44, 0x0, 0x30, 0x0, 0x60, 0x26, 0x1, 0x78,
    0x3, 0x3, 0x0, 0x18, 0x60, 0x4, 0x4, 0x0,
    0x20, 0x6, 0x40, 0x2, 0x2, 0x0, 0x10, 0x10,
    0x4, 0xb0, 0x1, 0x80, 0x18, 0x48, 0x8, 0xc8,
    0x10, 0x1, 0xa0, 0x5, 0x40, 0x2, 0x0, 0x72,
    0x0, 0x20, 0x1, 0x80, 0x4, 0x0, 0x59, 0x80,
    0x90, 0x7, 0x60, 0x1, 0x0, 0x8, 0x0, 0x21,
    0x3, 0x0, 0x20, 0x7, 0x90, 0x3, 0x9, 0x80,
    0x48, 0x1, 0xb0, 0x3, 0xc2, 0x40, 0x12, 0x0,
    0x6c, 0x0, 0xce, 0x1, 0xf2, 0x80, 0x58, 0x1,
    0x9c, 0x2, 0x21, 0x0, 0x80,

    /* U+1E83 "ẃ" */
    0x0, 0xff, 0x6f, 0xe8, 0x7, 0xff, 0xd, 0x8,
    0x24, 0x3, 0xff, 0x87, 0x0, 0xa8, 0x1, 0xff,
    0xc2, 0x33, 0x4, 0x0, 0x7f, 0xf0, 0xcf, 0xfc,
    0x40, 0x1f, 0x27, 0xfa, 0x80, 0x36, 0x7f, 0x88,
    0x2, 0x5f, 0xf4, 0xa0, 0x82, 0x0, 0x42, 0x60,
    0x5, 0x0, 0xb0, 0x1, 0xa0, 0x80, 0x26, 0x0,
    0x70, 0xa, 0xc0, 0x27, 0x0, 0x20, 0x78, 0x2,
    0xc0, 0x1a, 0x1, 0x18, 0x81, 0x8, 0x28, 0x1,
    0x40, 0x8, 0x0, 0x40, 0x10, 0x2, 0x2, 0x80,
    0x3c, 0x2, 0x40, 0x31, 0x50, 0x5, 0x80, 0x3c,
    0x30, 0x0, 0x80, 0x16, 0x80, 0x13, 0x0, 0xa,
    0xa0, 0x51, 0x40, 0x31, 0x0, 0x9c, 0x1, 0xee,
    0x8, 0x18, 0x0, 0x80, 0x5, 0x80, 0x61, 0x20,
    0x51, 0xd, 0x7, 0x0, 0x30, 0x1, 0x40, 0x39,
    0x40, 0x32, 0x0, 0x98, 0x4, 0x44, 0x0, 0xeb,
    0x0, 0x88, 0x80, 0xb, 0x0, 0x94, 0x3, 0xc6,
    0x20, 0x5, 0x0, 0x94, 0x2, 0xb0, 0x8,

    /* U+1E84 "Ẅ" */
    0x0, 0xfc, 0xa6, 0x0, 0x15, 0x10, 0xf, 0xfe,
    0x15, 0x53, 0x10, 0x3e, 0xbc, 0x3, 0xff, 0x84,
    0xe0, 0x3, 0x21, 0x1, 0x20, 0xf, 0xfe, 0xc,
    0x9, 0xb1, 0x30, 0x31, 0x0, 0x7f, 0xf0, 0x57,
    0xb0, 0x42, 0x7e, 0x40, 0x3f, 0xfa, 0x2f, 0xfe,
    0x80, 0xe, 0x7f, 0xf6, 0x0, 0x72, 0x7f, 0xad,
    0x0, 0xa, 0x1, 0xd6, 0x0, 0x31, 0x0, 0xd8,
    0x0, 0xc3, 0x10, 0x21, 0x0, 0xc6, 0x1, 0x20,
    0x6, 0x40, 0x2, 0x2, 0x0, 0x10, 0x2, 0x40,
    0xd, 0x80, 0x18, 0xc0, 0x6, 0x18, 0x0, 0xc0,
    0xb, 0x0, 0x32, 0x0, 0x48, 0x0, 0x40, 0x2,
    0x0, 0x10, 0x2, 0x50, 0x1, 0x81, 0x8, 0x3,
    0x0, 0x18, 0x0, 0x21, 0x2, 0x10, 0x12, 0x3,
    0xb0, 0x3, 0x80, 0x10, 0x0, 0x80, 0x12, 0x0,
    0x10, 0x10, 0x0, 0x88, 0x0, 0x60, 0x0, 0xc0,
    0x4c, 0x2, 0xf0, 0x6, 0x6, 0x0, 0x30, 0xc0,
    0x8, 0x8, 0x0, 0x40, 0xc, 0x80, 0x4, 0x4,
    0x0, 0x20, 0x20, 0x9, 0x60, 0x3, 0x0, 0x30,
    0x90, 0x11, 0x90, 0x20, 0x3, 0x40, 0xa, 0x80,
    0x4, 0x0, 0xe4, 0x0, 0x40, 0x3, 0x0, 0x8,
    0x0, 0xb3, 0x1, 0x20, 0xe, 0xc0, 0x2, 0x0,
    0x10, 0x0, 0x42, 0x6, 0x0, 0x40, 0xf, 0x20,
    0x6, 0x13, 0x0, 0x90, 0x3, 0x60, 0x7, 0x84,
    0x80, 0x24, 0x0, 0xd8, 0x1, 0x9c, 0x3, 0xe5,
    0x0, 0xb0, 0x3, 0x38, 0x4, 0x42, 0x1, 0x0,

    /* U+1E85 "ẅ" */
    0x0, 0xf6, 0x7b, 0x81, 0xf7, 0xc, 0x3, 0xfc,
    0xa6, 0x10, 0x12, 0x22, 0x80, 0xf, 0xf3, 0x80,
    0xc, 0x30, 0x1, 0x80, 0x1f, 0xe2, 0xda, 0xc0,
    0x6b, 0xb3, 0x80, 0x72, 0x7f, 0xa8, 0x0, 0x4b,
    0x9f, 0xe6, 0x40, 0x2, 0xff, 0xa5, 0x4, 0x10,
    0x2, 0x13, 0x0, 0x28, 0x5, 0x80, 0xd, 0x4,
    0x1, 0x30, 0x3, 0x80, 0x56, 0x1, 0x38, 0x1,
    0x3, 0xc0, 0x16, 0x0, 0xd0, 0x8, 0xc4, 0x8,
    0x41, 0x40, 0xa, 0x0, 0x40, 0x2, 0x0, 0x80,
    0x10, 0x14, 0x1, 0xe0, 0x12, 0x1, 0x8a, 0x80,
    0x2c, 0x1, 0xe1, 0x80, 0x4, 0x0, 0xb4, 0x0,
    0x98, 0x0, 0x55, 0x2, 0x8a, 0x1, 0x88, 0x4,
    0xe0, 0xf, 0x70, 0x40, 0xc0, 0x4, 0x0, 0x2c,
    0x3, 0x9, 0x2, 0x88, 0x68, 0x38, 0x1, 0x80,
    0xa, 0x1, 0xca, 0x1, 0x90, 0x4, 0xc0, 0x22,
    0x20, 0x7, 0x58, 0x4, 0x44, 0x0, 0x58, 0x4,
    0xa0, 0x1e, 0x31, 0x0, 0x28, 0x4, 0xa0, 0x15,
    0x80, 0x40,

    /* U+1E9E "ẞ" */
    0x0, 0x85, 0xf3, 0xbf, 0xdb, 0x4c, 0x20, 0x12,
    0x7c, 0x18, 0x80, 0x9, 0x66, 0xc0, 0x7, 0x62,
    0x2, 0xce, 0xc4, 0x0, 0x20, 0x7, 0x80, 0x17,
    0xa6, 0x20, 0x60, 0x50, 0x4, 0x60, 0x34, 0x1,
    0x50, 0x87, 0x80, 0x1c, 0x0, 0x80, 0x13, 0xa0,
    0x49, 0x0, 0xc, 0x0, 0x40, 0x3, 0x80, 0x46,
    0x0, 0xfe, 0xf0, 0x9, 0x40, 0x3f, 0xf8, 0x9,
    0x5a, 0x20, 0x1f, 0x67, 0xea, 0x81, 0x68, 0x7,
    0xf1, 0x51, 0x1, 0x90, 0x7, 0xf8, 0x40, 0xc,
    0x1, 0xfc, 0x86, 0x0, 0x50, 0xe, 0x88, 0x4e,
    0x58, 0x1, 0x44, 0x3, 0x99, 0xd8, 0xc0, 0x7,
    0x60, 0x1e, 0x30, 0x0, 0xa5, 0x60, 0x80,

    /* U+1EA0 "Ạ" */
    0x0, 0xf6, 0x7f, 0xce, 0x1, 0xfe, 0x23, 0x0,
    0xac, 0x3, 0xfd, 0x40, 0x18, 0xc8, 0x3, 0xf9,
    0x40, 0xa, 0x0, 0xa0, 0xf, 0xc6, 0x40, 0x50,
    0x0, 0x50, 0xf, 0xd6, 0x0, 0xa2, 0x30, 0x23,
    0x0, 0xf9, 0x80, 0xa, 0x16, 0x0, 0xa0, 0xf,
    0x20, 0x81, 0x90, 0x30, 0x1, 0xc0, 0x3d, 0xa0,
    0xb, 0x0, 0x9, 0x80, 0xa0, 0x7, 0x38, 0x1,
    0x80, 0x2a, 0x0, 0x68, 0x6, 0x41, 0x0, 0x77,
    0xfd, 0x20, 0x6, 0x0, 0xdc, 0x1, 0xff, 0x28,
    0x4, 0xa0, 0x5, 0x5f, 0x20, 0x3, 0xc0, 0xa,
    0x0, 0x3a, 0xaf, 0x80, 0xa, 0x0, 0xe0, 0x5,
    0x0, 0x78, 0x50, 0x0, 0xc2, 0x80, 0x7, 0x0,
    0xfb, 0x40, 0x1a, 0x3f, 0xf0, 0x80, 0x7c, 0xdf,
    0xeb, 0x0, 0xff, 0xe5, 0xdf, 0xb0, 0x7, 0xff,
    0x1, 0x10, 0x10, 0x1, 0xff, 0xc0, 0x50, 0x2,
    0x80, 0x7f, 0xf0, 0x7, 0xae, 0xc0, 0x1e,

    /* U+1EA1 "ạ" */
    0x0, 0xc, 0xf7, 0xeb, 0x87, 0x7f, 0x80, 0x5,
    0xec, 0x20, 0x51, 0x40, 0x1d, 0xe2, 0x2, 0xf0,
    0x6a, 0x20, 0x12, 0x10, 0xe, 0x43, 0xe2, 0x80,
    0x6d, 0x0, 0x31, 0x0, 0x50, 0x1, 0x88, 0x1,
    0x80, 0x18, 0x84, 0x3, 0xce, 0x1, 0xfc, 0x40,
    0x5, 0x0, 0xc2, 0x20, 0xb, 0x40, 0x16, 0x1,
    0xa4, 0x3, 0x21, 0x1, 0x62, 0xa4, 0xb8, 0x7,
    0x78, 0x81, 0xd5, 0xb1, 0x88, 0x6, 0x2f, 0x61,
    0x1, 0x7c, 0x0, 0xf0, 0xcf, 0x7f, 0x40, 0x77,
    0xf8, 0x3, 0xff, 0x8f, 0x9e, 0xc0, 0x1f, 0xca,
    0x61, 0x60, 0x1f, 0xce, 0x0, 0x40, 0xf, 0xe2,
    0xeb, 0x90, 0xe,

    /* U+1EA2 "Ả" */
    0x0, 0xf2, 0xef, 0xe1, 0x80, 0x7f, 0x86, 0x89,
    0x4f, 0x40, 0x3f, 0xe8, 0xba, 0x21, 0x10, 0x7,
    0xf0, 0xba, 0x51, 0x18, 0x80, 0x7f, 0xce, 0xaa,
    0xc0, 0xf, 0xfe, 0x2, 0x4d, 0x80, 0x7f, 0xf0,
    0x4d, 0x84, 0x3, 0xff, 0x81, 0x9f, 0xf3, 0x80,
    0x7f, 0x88, 0xc0, 0x2b, 0x0, 0xff, 0x50, 0x6,
    0x32, 0x0, 0xfe, 0x50, 0x2, 0x80, 0x28, 0x3,
    0xf1, 0x90, 0x14, 0x0, 0x14, 0x3, 0xf5, 0x80,
    0x28, 0x8c, 0x8, 0xc0, 0x3e, 0x60, 0x2, 0x85,
    0x80, 0x28, 0x3, 0xc8, 0x20, 0x64, 0xc, 0x0,
    0x70, 0xf, 0x68, 0x2, 0xc0, 0x2, 0x60, 0x28,
    0x1, 0xce, 0x0, 0x60, 0xa, 0x80, 0x1a, 0x1,
    0x90, 0x40, 0x1d, 0xff, 0x48, 0x1, 0x80, 0x37,
    0x0, 0x7f, 0xca, 0x1, 0x28, 0x1, 0x57, 0xc8,
    0x0, 0xf0, 0x2, 0x80, 0xe, 0xab, 0xe0, 0x2,
    0x80, 0x38, 0x1, 0x40, 0x1e, 0x14, 0x0, 0x30,
    0xa0, 0x1, 0xc0, 0x3e, 0xd0, 0x6, 0x80,

    /* U+1EA3 "ả" */
    0x0, 0xc2, 0xf0, 0xa0, 0x1f, 0xd9, 0xf, 0x52,
    0x1, 0xf1, 0x83, 0xf0, 0xb0, 0x7, 0xc7, 0xb0,
    0x82, 0x40, 0x1f, 0xcd, 0x45, 0xe0, 0x1f, 0xe4,
    0xc2, 0x0, 0xfe, 0x6b, 0x10, 0xf, 0x86, 0x7b,
    0xf5, 0xc3, 0xbf, 0xc0, 0x2, 0xf6, 0x10, 0x28,
    0xa0, 0xe, 0xf1, 0x1, 0x78, 0x35, 0x10, 0x9,
    0x8, 0x7, 0x21, 0xf1, 0x40, 0x36, 0x80, 0x18,
    0x80, 0x28, 0x0, 0xc4, 0x0, 0xc0, 0xc, 0x42,
    0x1, 0xe7, 0x0, 0xfe, 0x20, 0x2, 0x80, 0x61,
    0x10, 0x5, 0xa0, 0xb, 0x0, 0xd2, 0x1, 0x90,
    0x80, 0xb1, 0x52, 0x5c, 0x3, 0xbc, 0x40, 0xea,
    0xd8, 0xc4, 0x3, 0x17, 0xb0, 0x80, 0xbe, 0x0,
    0x60,

    /* U+1EA4 "Ấ" */
    0x0, 0xff, 0xe0, 0x37, 0xf9, 0x40, 0x3f, 0xf8,
    0x16, 0x6, 0xa0, 0x1f, 0xf2, 0x10, 0x70, 0x7,
    0xe7, 0x72, 0x87, 0x83, 0x10, 0x7, 0xd3, 0x10,
    0xa4, 0xbf, 0x90, 0xf, 0x91, 0x86, 0x42, 0x84,
    0x3, 0xf0, 0xd0, 0x53, 0x30, 0x68, 0x3, 0xf1,
    0xd6, 0x20, 0x4d, 0xf8, 0x7, 0xe2, 0x43, 0x0,
    0x91, 0x0, 0x1f, 0xec, 0xff, 0x9c, 0x3, 0xfc,
    0x46, 0x1, 0x58, 0x7, 0xfa, 0x80, 0x31, 0x90,
    0x7, 0xf2, 0x80, 0x14, 0x1, 0x40, 0x1f, 0x8c,
    0x80, 0xa0, 0x0, 0xa0, 0x1f, 0xac, 0x1, 0x44,
    0x60, 0x46, 0x1, 0xf3, 0x0, 0x14, 0x2c, 0x1,
    0x40, 0x1e, 0x41, 0x3, 0x20, 0x60, 0x3, 0x80,
    0x7b, 0x40, 0x16, 0x0, 0x13, 0x1, 0x40, 0xe,
    0x70, 0x3, 0x0, 0x54, 0x0, 0xd0, 0xc, 0x82,
    0x0, 0xef, 0xfa, 0x40, 0xc, 0x1, 0xb8, 0x3,
    0xfe, 0x50, 0x9, 0x40, 0xa, 0xbe, 0x40, 0x7,
    0x80, 0x14, 0x0, 0x75, 0x5f, 0x0, 0x14, 0x1,
    0xc0, 0xa, 0x0, 0xf0, 0xa0, 0x1, 0x85, 0x0,
    0xe, 0x1, 0xf6, 0x80, 0x34,

    /* U+1EA5 "ấ" */
    0x0, 0xff, 0xe6, 0x3f, 0xf9, 0x0, 0x3f, 0xd2,
    0xa, 0x80, 0x1f, 0xca, 0x21, 0x60, 0x1c, 0x9f,
    0xec, 0x9, 0x8, 0x10, 0xc, 0x34, 0x0, 0x39,
    0xcf, 0x70, 0xe, 0xd1, 0x4c, 0x6, 0x40, 0xf,
    0x28, 0x2d, 0x9d, 0x1f, 0x0, 0x79, 0x72, 0x80,
    0xb, 0x94, 0x1, 0xe1, 0x9e, 0xfd, 0x70, 0xef,
    0xf0, 0x4, 0x5e, 0xc2, 0x5, 0x14, 0x1, 0xef,
    0x10, 0x17, 0x83, 0x51, 0x0, 0xc8, 0x40, 0x39,
    0xf, 0x8a, 0x1, 0xda, 0x0, 0x62, 0x0, 0xa0,
    0x3, 0x88, 0x1, 0x80, 0x18, 0x84, 0x3, 0xe7,
    0x0, 0xff, 0x10, 0x1, 0x40, 0x30, 0x88, 0x3,
    0x68, 0x2, 0xc0, 0x34, 0x80, 0x72, 0x10, 0x16,
    0x2a, 0x4b, 0x80, 0x7b, 0xc4, 0xe, 0xad, 0x8c,
    0x40, 0x38, 0xbd, 0x84, 0x5, 0xf0, 0x3, 0x80,

    /* U+1EA6 "Ầ" */
    0x0, 0xfe, 0x8f, 0xf1, 0x80, 0x7f, 0xf0, 0x20,
    0x42, 0x40, 0x3f, 0xf8, 0x36, 0xa, 0x20, 0x1f,
    0xce, 0xe5, 0x51, 0x84, 0x80, 0x7e, 0x98, 0x85,
    0x26, 0x7c, 0x0, 0x7c, 0x8c, 0x32, 0x14, 0x20,
    0x1f, 0x86, 0x82, 0x99, 0x83, 0x40, 0x1f, 0x8e,
    0xb1, 0x2, 0x6f, 0xc0, 0x3f, 0x12, 0x18, 0x4,
    0x88, 0x0, 0xff, 0x67, 0xfc, 0xe0, 0x1f, 0xe2,
    0x30, 0xa, 0xc0, 0x3f, 0xd4, 0x1, 0x8c, 0x80,
    0x3f, 0x94, 0x0, 0xa0, 0xa, 0x0, 0xfc, 0x64,
    0x5, 0x0, 0x5, 0x0, 0xfd, 0x60, 0xa, 0x23,
    0x2, 0x30, 0xf, 0x98, 0x0, 0xa1, 0x60, 0xa,
    0x0, 0xf2, 0x8, 0x19, 0x3, 0x0, 0x1c, 0x3,
    0xda, 0x0, 0xb0, 0x0, 0x98, 0xa, 0x0, 0x73,
    0x80, 0x18, 0x2, 0xa0, 0x6, 0x80, 0x64, 0x10,
    0x7, 0x7f, 0xd2, 0x0, 0x60, 0xd, 0xc0, 0x1f,
    0xf2, 0x80, 0x4a, 0x0, 0x55, 0xf2, 0x0, 0x3c,
    0x0, 0xa0, 0x3, 0xaa, 0xf8, 0x0, 0xa0, 0xe,
    0x0, 0x50, 0x7, 0x85, 0x0, 0xc, 0x28, 0x0,
    0x70, 0xf, 0xb4, 0x1, 0xa0,

    /* U+1EA7 "ầ" */
    0x0, 0xff, 0xe4, 0x4f, 0xf8, 0x80, 0x3f, 0xa0,
    0x42, 0xc0, 0x3f, 0x86, 0x1, 0x84, 0x3, 0x93,
    0xfd, 0x8c, 0x60, 0xc0, 0x18, 0x68, 0x0, 0x73,
    0x9e, 0xe0, 0x1b, 0x45, 0x30, 0x19, 0x0, 0x39,
    0x41, 0x2c, 0xe8, 0xf8, 0x3, 0x97, 0x2c, 0x0,
    0xb9, 0x40, 0x1c, 0x33, 0xdf, 0xae, 0x1d, 0xfe,
    0x0, 0x17, 0xb0, 0x81, 0x45, 0x0, 0x77, 0x88,
    0xb, 0xc1, 0xa8, 0x80, 0x48, 0x40, 0x39, 0xf,
    0x8a, 0x1, 0xb4, 0x0, 0xc4, 0x1, 0x40, 0x6,
    0x20, 0x6, 0x0, 0x62, 0x10, 0xf, 0x38, 0x7,
    0xf1, 0x0, 0x14, 0x3, 0x8, 0x80, 0x2d, 0x0,
    0x58, 0x6, 0x90, 0xc, 0x84, 0x5, 0x8a, 0x92,
    0xe0, 0x1d, 0xe2, 0x7, 0x56, 0xc6, 0x20, 0x18,
    0xbd, 0x84, 0x5, 0xf0, 0x3, 0x0,

    /* U+1EA8 "Ẩ" */
    0x0, 0xff, 0x9a, 0x14, 0x3, 0xff, 0x81, 0xb2,
    0xf5, 0x20, 0x1f, 0xe3, 0x33, 0x70, 0xb0, 0x7,
    0xf8, 0xfa, 0x54, 0x44, 0x1, 0xf8, 0x44, 0x0,
    0x6b, 0x2d, 0x0, 0xf9, 0x7b, 0x9a, 0x20, 0x7e,
    0x60, 0x1e, 0x2a, 0x4, 0x2a, 0x6c, 0x20, 0xf,
    0xf, 0x84, 0xd9, 0xa4, 0x0, 0x7e, 0x2b, 0xa6,
    0xd, 0x9e, 0x0, 0xfc, 0x6c, 0xa0, 0x1, 0x66,
    0x0, 0x7f, 0xb3, 0xfe, 0x70, 0xf, 0xf1, 0x18,
    0x5, 0x60, 0x1f, 0xea, 0x0, 0xc6, 0x40, 0x1f,
    0xca, 0x0, 0x50, 0x5, 0x0, 0x7e, 0x32, 0x2,
    0x80, 0x2, 0x80, 0x7e, 0xb0, 0x5, 0x11, 0x81,
    0x18, 0x7, 0xcc, 0x0, 0x50, 0xb0, 0x5, 0x0,
    0x79, 0x4, 0xc, 0x81, 0x80, 0xe, 0x1, 0xed,
    0x0, 0x58, 0x0, 0x4c, 0x5, 0x0, 0x39, 0xc0,
    0xc, 0x1, 0x50, 0x3, 0x40, 0x32, 0x8, 0x3,
    0xbf, 0xe9, 0x0, 0x30, 0x6, 0xe0, 0xf, 0xf9,
    0x40, 0x25, 0x0, 0x2a, 0xf9, 0x0, 0x1e, 0x0,
    0x50, 0x1, 0xd5, 0x7c, 0x0, 0x50, 0x7, 0x0,
    0x28, 0x3, 0xc2, 0x80, 0x6, 0x14, 0x0, 0x38,
    0x7, 0xda, 0x0, 0xd0,

    /* U+1EA9 "ẩ" */
    0x0, 0xfc, 0xdd, 0xf6, 0x40, 0x1f, 0x8a, 0x41,
    0x53, 0xc0, 0x3f, 0xa3, 0x6c, 0xc, 0x3, 0xf1,
    0x3b, 0xbc, 0x2c, 0x3, 0x97, 0xfd, 0x81, 0x87,
    0xaa, 0x1, 0x8a, 0x80, 0x8e, 0x63, 0x48, 0x3,
    0xbc, 0x23, 0x5, 0x94, 0x3, 0xca, 0x8e, 0xe1,
    0xd6, 0xc0, 0xf, 0x2c, 0xc0, 0x0, 0xe6, 0x40,
    0x1e, 0x19, 0xef, 0xd7, 0xe, 0xff, 0x0, 0x45,
    0xec, 0x20, 0x51, 0x40, 0x1e, 0xf1, 0x1, 0x78,
    0x35, 0x10, 0xc, 0x84, 0x3, 0x90, 0xf8, 0xa0,
    0x1d, 0xa0, 0x6, 0x20, 0xa, 0x0, 0x38, 0x80,
    0x18, 0x1, 0x88, 0x40, 0x3e, 0x70, 0xf, 0xf1,
    0x0, 0x14, 0x3, 0x8, 0x80, 0x36, 0x80, 0x2c,
    0x3, 0x48, 0x7, 0x21, 0x1, 0x62, 0xa4, 0xb8,
    0x7, 0xbc, 0x40, 0xea, 0xd8, 0xc4, 0x3, 0x8b,
    0xd8, 0x40, 0x5f, 0x0, 0x38,

    /* U+1EAA "Ẫ" */
    0x0, 0xe4, 0xcb, 0x10, 0x9d, 0x0, 0xfe, 0xa3,
    0x4c, 0x24, 0x30, 0xf, 0xc6, 0x2f, 0x65, 0xa4,
    0x80, 0x1f, 0x9c, 0xb1, 0x2c, 0xd2, 0xc0, 0x3f,
    0x26, 0xa1, 0x87, 0x58, 0x80, 0x7f, 0x9b, 0x2f,
    0x48, 0x3, 0xfc, 0x72, 0xc, 0x1e, 0x1, 0xfc,
    0x3a, 0x13, 0x24, 0x2a, 0x0, 0xfc, 0x77, 0x4c,
    0x15, 0x4f, 0x0, 0xfc, 0x4a, 0xa0, 0x0, 0xaa,
    0x80, 0x3f, 0xd9, 0xff, 0x38, 0x7, 0xf8, 0x8c,
    0x2, 0xb0, 0xf, 0xf5, 0x0, 0x63, 0x20, 0xf,
    0xe5, 0x0, 0x28, 0x2, 0x80, 0x3f, 0x19, 0x1,
    0x40, 0x1, 0x40, 0x3f, 0x58, 0x2, 0x88, 0xc0,
    0x8c, 0x3, 0xe6, 0x0, 0x28, 0x58, 0x2, 0x80,
    0x3c, 0x82, 0x6, 0x40, 0xc0, 0x7, 0x0, 0xf6,
    0x80, 0x2c, 0x0, 0x26, 0x2, 0x80, 0x1c, 0xe0,
    0x6, 0x0, 0xa8, 0x1, 0xa0, 0x19, 0x4, 0x1,
    0xdf, 0xf4, 0x80, 0x18, 0x3, 0x70, 0x7, 0xfc,
    0xa0, 0x12, 0x80, 0x15, 0x7c, 0x80, 0xf, 0x0,
    0x28, 0x0, 0xea, 0xbe, 0x0, 0x28, 0x3, 0x80,
    0x14, 0x1, 0xe1, 0x40, 0x3, 0xa, 0x0, 0x1c,
    0x3, 0xed, 0x0, 0x68,

    /* U+1EAB "ẫ" */
    0x0, 0x97, 0x28, 0x42, 0xb0, 0x3, 0x86, 0x8d,
    0x74, 0x50, 0x3, 0xca, 0x11, 0x47, 0xc2, 0x80,
    0x1c, 0x22, 0x45, 0xa2, 0x49, 0x0, 0xe5, 0xe6,
    0xfa, 0x1b, 0x10, 0xf, 0x15, 0x1, 0x1c, 0x80,
    0x7d, 0xe0, 0xf8, 0x2c, 0xa0, 0x1c, 0x88, 0x78,
    0x1d, 0x6c, 0x0, 0xe4, 0x98, 0x0, 0x1c, 0xc8,
    0x3, 0x86, 0x7b, 0xf5, 0xc3, 0xbf, 0xc0, 0x2,
    0xf6, 0x10, 0x28, 0xa0, 0xe, 0xf1, 0x1, 0x78,
    0x35, 0x10, 0x9, 0x8, 0x7, 0x21, 0xf1, 0x40,
    0x36, 0x80, 0x18, 0x80, 0x28, 0x0, 0xc4, 0x0,
    0xc0, 0xc, 0x42, 0x1, 0xe7, 0x0, 0xfe, 0x20,
    0x2, 0x80, 0x61, 0x10, 0x5, 0xa0, 0xb, 0x0,
    0xd2, 0x1, 0x90, 0x80, 0xb1, 0x52, 0x5c, 0x3,
    0xbc, 0x40, 0xea, 0xd8, 0xc4, 0x3, 0x17, 0xb0,
    0x80, 0xbe, 0x0, 0x60,

    /* U+1EAC "Ậ" */
    0x0, 0xf9, 0xe1, 0x40, 0x3f, 0xf8, 0x15, 0xf,
    0x4a, 0x1, 0xfe, 0x65, 0x2a, 0xa, 0x20, 0xf,
    0xc7, 0x21, 0xeb, 0x1, 0xe0, 0x1f, 0x8f, 0xfc,
    0x40, 0xff, 0xa0, 0x1f, 0xfc, 0xec, 0xff, 0x9c,
    0x3, 0xfc, 0x46, 0x1, 0x58, 0x7, 0xfa, 0x80,
    0x31, 0x90, 0x7, 0xf2, 0x80, 0x14, 0x1, 0x40,
    0x1f, 0x8c, 0x80, 0xa0, 0x0, 0xa0, 0x1f, 0xac,
    0x1, 0x44, 0x60, 0x46, 0x1, 0xf3, 0x0, 0x14,
    0x2c, 0x1, 0x40, 0x1e, 0x41, 0x3, 0x20, 0x60,
    0x3, 0x80, 0x7b, 0x40, 0x16, 0x0, 0x13, 0x1,
    0x40, 0xe, 0x70, 0x3, 0x0, 0x54, 0x0, 0xd0,
    0xc, 0x82, 0x0, 0xef, 0xfa, 0x40, 0xc, 0x1,
    0xb8, 0x3, 0xfe, 0x50, 0x9, 0x40, 0xa, 0xbe,
    0x40, 0x7, 0x80, 0x14, 0x0, 0x75, 0x5f, 0x0,
    0x14, 0x1, 0xc0, 0xa, 0x0, 0xf0, 0xa0, 0x1,
    0x85, 0x0, 0xe, 0x1, 0xf6, 0x80, 0x34, 0x7f,
    0xe1, 0x0, 0xf9, 0xbf, 0xd6, 0x1, 0xff, 0xcb,
    0xbf, 0x60, 0xf, 0xfe, 0x2, 0x20, 0x20, 0x3,
    0xff, 0x80, 0xa0, 0x5, 0x0, 0xff, 0xe0, 0xf,
    0x5d, 0x80, 0x3c,

    /* U+1EAD "ậ" */
    0x0, 0xc9, 0xfe, 0xc0, 0xf, 0xc3, 0x40, 0x47,
    0x20, 0x1f, 0x68, 0xb6, 0xb, 0x20, 0x7, 0x28,
    0x2c, 0x8d, 0x1f, 0x0, 0x72, 0xe5, 0x0, 0x13,
    0x28, 0x3, 0x86, 0x7b, 0xf5, 0xc3, 0xbf, 0xc0,
    0x2, 0xf6, 0x10, 0x28, 0xa0, 0xe, 0xf1, 0x1,
    0x78, 0x35, 0x10, 0x9, 0x8, 0x7, 0x21, 0xf1,
    0x40, 0x36, 0x80, 0x18, 0x80, 0x28, 0x0, 0xc4,
    0x0, 0xc0, 0xc, 0x42, 0x1, 0xe7, 0x0, 0xfe,
    0x20, 0x2, 0x80, 0x61, 0x10, 0x5, 0xa0, 0xb,
    0x0, 0xd2, 0x1, 0x90, 0x80, 0xb1, 0x52, 0x5c,
    0x3, 0xbc, 0x40, 0xea, 0xd8, 0xc4, 0x3, 0x17,
    0xb0, 0x80, 0xbe, 0x0, 0x78, 0x67, 0xbf, 0xa0,
    0x3b, 0xfc, 0x1, 0xff, 0xc7, 0xcf, 0x60, 0xf,
    0xe5, 0x30, 0xb0, 0xf, 0xe7, 0x0, 0x20, 0x7,
    0xf1, 0x75, 0xc8, 0x7, 0x0,

    /* U+1EAE "Ắ" */
    0x0, 0xff, 0xe6, 0x1f, 0xfa, 0x0, 0x3f, 0xf8,
    0x12, 0x3, 0x0, 0x1f, 0xf0, 0xa8, 0x58, 0x7,
    0xff, 0x2, 0x41, 0x14, 0x3, 0xf8, 0x94, 0xa3,
    0xed, 0x14, 0x3, 0xf3, 0xd7, 0x80, 0xa, 0xe8,
    0x3, 0xf2, 0x91, 0x3b, 0x34, 0x1c, 0x3, 0xfb,
    0x14, 0xc, 0xa2, 0x0, 0x1f, 0xc3, 0x5d, 0xfa,
    0xe0, 0x1f, 0xfc, 0xfc, 0xff, 0x9c, 0x3, 0xfc,
    0x46, 0x1, 0x58, 0x7, 0xfa, 0x80, 0x31, 0x90,
    0x7, 0xf2, 0x80, 0x14, 0x1, 0x40, 0x1f, 0x8c,
    0x80, 0xa0, 0x0, 0xa0, 0x1f, 0xac, 0x1, 0x44,
    0x60, 0x46, 0x1, 0xf3, 0x0, 0x14, 0x2c, 0x1,
    0x40, 0x1e, 0x41, 0x3, 0x20, 0x60, 0x3, 0x80,
    0x7b, 0x40, 0x16, 0x0, 0x13, 0x1, 0x40, 0xe,
    0x70, 0x3, 0x0, 0x54, 0x0, 0xd0, 0xc, 0x82,
    0x0, 0xef, 0xfa, 0x40, 0xc, 0x1, 0xb8, 0x3,
    0xfe, 0x50, 0x9, 0x40, 0xa, 0xbe, 0x40, 0x7,
    0x80, 0x14, 0x0, 0x75, 0x5f, 0x0, 0x14, 0x1,
    0xc0, 0xa, 0x0, 0xf0, 0xa0, 0x1, 0x85, 0x0,
    0xe, 0x1, 0xf6, 0x80, 0x34,

    /* U+1EAF "ắ" */
    0x0, 0xf2, 0x7f, 0x9c, 0x3, 0xfb, 0xc0, 0x9c,
    0x3, 0xf1, 0x20, 0x48, 0x7, 0xf5, 0x82, 0xa0,
    0x7, 0x9f, 0xe2, 0x7e, 0xbf, 0xc0, 0x1c, 0x80,
    0xc6, 0x12, 0x8, 0x1, 0xc6, 0xa3, 0x9e, 0xc1,
    0x0, 0x1e, 0xa9, 0x54, 0x6d, 0x30, 0xf, 0x9a,
    0xae, 0x48, 0x3, 0xc3, 0x3d, 0xfa, 0xe1, 0xdf,
    0xe0, 0x1, 0x7b, 0x8, 0x14, 0x50, 0x7, 0x78,
    0x80, 0xbc, 0x1a, 0x88, 0x4, 0x84, 0x3, 0x90,
    0xf8, 0xa0, 0x1b, 0x40, 0xc, 0x40, 0x14, 0x0,
    0x62, 0x0, 0x60, 0x6, 0x21, 0x0, 0xf3, 0x80,
    0x7f, 0x10, 0x1, 0x40, 0x30, 0x88, 0x2, 0xd0,
    0x5, 0x80, 0x69, 0x0, 0xc8, 0x40, 0x58, 0xa9,
    0x2e, 0x1, 0xde, 0x20, 0x75, 0x6c, 0x62, 0x1,
    0x8b, 0xd8, 0x40, 0x5f, 0x0, 0x30,

    /* U+1EB0 "Ằ" */
    0x0, 0xff, 0xe4, 0xe7, 0xf0, 0x7, 0xff, 0x7,
    0xc0, 0x58, 0x3, 0xff, 0x80, 0x6c, 0x16, 0x1,
    0xff, 0xc1, 0x80, 0x24, 0x0, 0xff, 0x12, 0x9f,
    0xf9, 0x10, 0xa0, 0x1f, 0x9e, 0xb8, 0x0, 0x77,
    0x40, 0x1f, 0x94, 0x8f, 0xb3, 0x1, 0x0, 0x1f,
    0xd8, 0xa0, 0x65, 0xe, 0x1, 0xfc, 0x35, 0xdf,
    0xae, 0x1, 0xff, 0xcf, 0xcf, 0xf9, 0xc0, 0x3f,
    0xc4, 0x60, 0x15, 0x80, 0x7f, 0xa8, 0x3, 0x19,
    0x0, 0x7f, 0x28, 0x1, 0x40, 0x14, 0x1, 0xf8,
    0xc8, 0xa, 0x0, 0xa, 0x1, 0xfa, 0xc0, 0x14,
    0x46, 0x4, 0x60, 0x1f, 0x30, 0x1, 0x42, 0xc0,
    0x14, 0x1, 0xe4, 0x10, 0x32, 0x6, 0x0, 0x38,
    0x7, 0xb4, 0x1, 0x60, 0x1, 0x30, 0x14, 0x0,
    0xe7, 0x0, 0x30, 0x5, 0x40, 0xd, 0x0, 0xc8,
    0x20, 0xe, 0xff, 0xa4, 0x0, 0xc0, 0x1b, 0x80,
    0x3f, 0xe5, 0x0, 0x94, 0x0, 0xab, 0xe4, 0x0,
    0x78, 0x1, 0x40, 0x7, 0x55, 0xf0, 0x1, 0x40,
    0x1c, 0x0, 0xa0, 0xf, 0xa, 0x0, 0x18, 0x50,
    0x0, 0xe0, 0x1f, 0x68, 0x3, 0x40,

    /* U+1EB1 "ằ" */
    0x0, 0xb7, 0xf4, 0x3, 0xfd, 0x20, 0x48, 0x1,
    0xfc, 0x88, 0xf, 0x0, 0xff, 0x48, 0x21, 0x80,
    0x7d, 0x1f, 0x5f, 0xe2, 0xff, 0x0, 0x75, 0x83,
    0x10, 0x40, 0x20, 0x7, 0x1a, 0x8e, 0xfb, 0x4,
    0x80, 0x7a, 0xa5, 0x51, 0xf4, 0x80, 0x3e, 0x6a,
    0xb8, 0x20, 0xf, 0xc, 0xf7, 0xeb, 0x87, 0x7f,
    0x80, 0x5, 0xec, 0x20, 0x51, 0x40, 0x1d, 0xe2,
    0x2, 0xf0, 0x6a, 0x20, 0x12, 0x10, 0xe, 0x43,
    0xe2, 0x80, 0x6d, 0x0, 0x31, 0x0, 0x50, 0x1,
    0x88, 0x1, 0x80, 0x18, 0x84, 0x3, 0xce, 0x1,
    0xfc, 0x40, 0x5, 0x0, 0xc2, 0x20, 0xb, 0x40,
    0x16, 0x1, 0xa4, 0x3, 0x21, 0x1, 0x62, 0xa4,
    0xb8, 0x7, 0x78, 0x81, 0xd5, 0xb1, 0x88, 0x6,
    0x2f, 0x61, 0x1, 0x7c, 0x0, 0xc0,

    /* U+1EB2 "Ẳ" */
    0x0, 0xf2, 0xef, 0xe1, 0x80, 0x7f, 0x86, 0x8d,
    0x4f, 0x40, 0x3f, 0xe8, 0xaa, 0x10, 0x80, 0x7f,
    0x85, 0xd6, 0xc9, 0x80, 0x3f, 0xf8, 0x12, 0x91,
    0x20, 0x1f, 0xc4, 0xa5, 0x3a, 0xea, 0xa0, 0xf,
    0xcf, 0x5c, 0x24, 0x75, 0x40, 0xf, 0xca, 0x47,
    0xd9, 0x80, 0x80, 0xf, 0xec, 0x50, 0x32, 0x87,
    0x0, 0xfe, 0x1a, 0xef, 0xd7, 0x0, 0xff, 0xe7,
    0xe7, 0xfc, 0xe0, 0x1f, 0xe2, 0x30, 0xa, 0xc0,
    0x3f, 0xd4, 0x1, 0x8c, 0x80, 0x3f, 0x94, 0x0,
    0xa0, 0xa, 0x0, 0xfc, 0x64, 0x5, 0x0, 0x5,
    0x0, 0xfd, 0x60, 0xa, 0x23, 0x2, 0x30, 0xf,
    0x98, 0x0, 0xa1, 0x60, 0xa, 0x0, 0xf2, 0x8,
    0x19, 0x3, 0x0, 0x1c, 0x3, 0xda, 0x0, 0xb0,
    0x0, 0x98, 0xa, 0x0, 0x73, 0x80, 0x18, 0x2,
    0xa0, 0x6, 0x80, 0x64, 0x10, 0x7, 0x7f, 0xd2,
    0x0, 0x60, 0xd, 0xc0, 0x1f, 0xf2, 0x80, 0x4a,
    0x0, 0x55, 0xf2, 0x0, 0x3c, 0x0, 0xa0, 0x3,
    0xaa, 0xf8, 0x0, 0xa0, 0xe, 0x0, 0x50, 0x7,
    0x85, 0x0, 0xc, 0x28, 0x0, 0x70, 0xf, 0xb4,
    0x1, 0xa0,

    /* U+1EB3 "ẳ" */
    0x0, 0xc2, 0xf0, 0xa0, 0x1f, 0xd9, 0xf, 0x52,
    0x1, 0xf2, 0x1b, 0xf0, 0xb0, 0x7, 0xc9, 0xd0,
    0xe2, 0x60, 0x1f, 0xcf, 0x29, 0xa0, 0x1f, 0xc4,
    0xd4, 0x20, 0x1e, 0x8f, 0x85, 0x90, 0xff, 0x0,
    0x75, 0x83, 0x10, 0x40, 0x20, 0x7, 0x1a, 0x8e,
    0xfb, 0x4, 0x80, 0x7a, 0xa5, 0x51, 0xf4, 0x80,
    0x3e, 0x6a, 0xb8, 0x20, 0xf, 0xc, 0xf7, 0xeb,
    0x87, 0x7f, 0x80, 0x5, 0xec, 0x20, 0x51, 0x40,
    0x1d, 0xe2, 0x2, 0xf0, 0x6a, 0x20, 0x12, 0x10,
    0xe, 0x43, 0xe2, 0x80, 0x6d, 0x0, 0x31, 0x0,
    0x50, 0x1, 0x88, 0x1, 0x80, 0x18, 0x84, 0x3,
    0xce, 0x1, 0xfc, 0x40, 0x5, 0x0, 0xc2, 0x20,
    0xb, 0x40, 0x16, 0x1, 0xa4, 0x3, 0x21, 0x1,
    0x62, 0xa4, 0xb8, 0x7, 0x78, 0x81, 0xd5, 0xb1,
    0x88, 0x6, 0x2f, 0x61, 0x1, 0x7c, 0x0, 0xc0,

    /* U+1EB4 "Ẵ" */
    0x0, 0xe4, 0xcb, 0x10, 0x8d, 0x0, 0xfe, 0xa3,
    0x4f, 0x24, 0x30, 0xf, 0xc4, 0x2f, 0x63, 0xa6,
    0x80, 0x1f, 0x84, 0x5a, 0x96, 0x47, 0x60, 0x1f,
    0x8b, 0x50, 0x13, 0x78, 0x80, 0x3f, 0x26, 0x68,
    0x0, 0xb7, 0x0, 0x3f, 0x29, 0x1f, 0x66, 0x83,
    0x0, 0x7f, 0x7a, 0x81, 0x93, 0xc8, 0x7, 0xf1,
    0x57, 0x7e, 0xc0, 0x7, 0xff, 0x3f, 0x3f, 0xe7,
    0x0, 0xff, 0x11, 0x80, 0x56, 0x1, 0xfe, 0xa0,
    0xc, 0x64, 0x1, 0xfc, 0xa0, 0x5, 0x0, 0x50,
    0x7, 0xe3, 0x20, 0x28, 0x0, 0x28, 0x7, 0xeb,
    0x0, 0x51, 0x18, 0x11, 0x80, 0x7c, 0xc0, 0x5,
    0xb, 0x0, 0x50, 0x7, 0x90, 0x40, 0xc8, 0x18,
    0x0, 0xe0, 0x1e, 0xd0, 0x5, 0x80, 0x4, 0xc0,
    0x50, 0x3, 0x9c, 0x0, 0xc0, 0x15, 0x0, 0x34,
    0x3, 0x20, 0x80, 0x3b, 0xfe, 0x90, 0x3, 0x0,
    0x6e, 0x0, 0xff, 0x94, 0x2, 0x50, 0x2, 0xaf,
    0x90, 0x1, 0xe0, 0x5, 0x0, 0x1d, 0x57, 0xc0,
    0x5, 0x0, 0x70, 0x2, 0x80, 0x3c, 0x28, 0x0,
    0x61, 0x40, 0x3, 0x80, 0x7d, 0xa0, 0xd,

    /* U+1EB5 "ẵ" */
    0x0, 0xa3, 0xf5, 0xc3, 0x38, 0x3, 0x89, 0xc0,
    0xa3, 0xcd, 0x40, 0x39, 0xc2, 0x79, 0x40, 0xa0,
    0x3, 0x97, 0xd8, 0x6b, 0xf4, 0xc0, 0x39, 0xfe,
    0x0, 0x2f, 0xf0, 0x7, 0x20, 0x31, 0x84, 0x82,
    0x0, 0x71, 0xa8, 0xe7, 0xb0, 0x40, 0x7, 0xaa,
    0x55, 0x1b, 0x4c, 0x3, 0xe6, 0xab, 0x92, 0x0,
    0xf0, 0xcf, 0x7e, 0xb8, 0x77, 0xf8, 0x0, 0x5e,
    0xc2, 0x5, 0x14, 0x1, 0xde, 0x20, 0x2f, 0x6,
    0xa2, 0x1, 0x21, 0x0, 0xe4, 0x3e, 0x28, 0x6,
    0xd0, 0x3, 0x10, 0x5, 0x0, 0x18, 0x80, 0x18,
    0x1, 0x88, 0x40, 0x3c, 0xe0, 0x1f, 0xc4, 0x0,
    0x50, 0xc, 0x22, 0x0, 0xb4, 0x1, 0x60, 0x1a,
    0x40, 0x32, 0x10, 0x16, 0x2a, 0x4b, 0x80, 0x77,
    0x88, 0x1d, 0x5b, 0x18, 0x80, 0x62, 0xf6, 0x10,
    0x17, 0xc0, 0xc,

    /* U+1EB6 "Ặ" */
    0x0, 0xc7, 0x8, 0x1, 0x34, 0x8, 0x7, 0xce,
    0xe9, 0x0, 0x1c, 0xb8, 0x80, 0x7c, 0x86, 0x5d,
    0x98, 0x8, 0x0, 0xfe, 0xd5, 0x3, 0x28, 0x70,
    0xf, 0xe1, 0xae, 0xfd, 0x70, 0xf, 0xfe, 0x7e,
    0x7f, 0xce, 0x1, 0xfe, 0x23, 0x0, 0xac, 0x3,
    0xfd, 0x40, 0x18, 0xc8, 0x3, 0xf9, 0x40, 0xa,
    0x0, 0xa0, 0xf, 0xc6, 0x40, 0x50, 0x0, 0x50,
    0xf, 0xd6, 0x0, 0xa2, 0x30, 0x23, 0x0, 0xf9,
    0x80, 0xa, 0x16, 0x0, 0xa0, 0xf, 0x20, 0x81,
    0x90, 0x30, 0x1, 0xc0, 0x3d, 0xa0, 0xb, 0x0,
    0x9, 0x80, 0xa0, 0x7, 0x38, 0x1, 0x80, 0x2a,
    0x0, 0x68, 0x6, 0x41, 0x0, 0x77, 0xfd, 0x20,
    0x6, 0x0, 0xdc, 0x1, 0xff, 0x28, 0x4, 0xa0,
    0x5, 0x5f, 0x20, 0x3, 0xc0, 0xa, 0x0, 0x3a,
    0xaf, 0x80, 0xa, 0x0, 0xe0, 0x5, 0x0, 0x78,
    0x50, 0x0, 0xc2, 0x80, 0x7, 0x0, 0xfb, 0x40,
    0x1a, 0x3f, 0xf0, 0x80, 0x7c, 0xdf, 0xeb, 0x0,
    0xff, 0xe5, 0xdf, 0xb0, 0x7, 0xff, 0x1, 0x10,
    0x10, 0x1, 0xff, 0xc0, 0x50, 0x2, 0x80, 0x7f,
    0xf0, 0x7, 0xae, 0xc0, 0x1e,

    /* U+1EB7 "ặ" */
    0x0, 0x3f, 0xc0, 0x5, 0xfe, 0x0, 0xe4, 0x6,
    0x30, 0x90, 0x40, 0xe, 0x35, 0x1c, 0xf6, 0x8,
    0x0, 0xf5, 0x4a, 0x1b, 0x61, 0x80, 0x7c, 0xd7,
    0x92, 0x60, 0x1e, 0x19, 0xef, 0xd7, 0xe, 0xff,
    0x0, 0xb, 0xd8, 0x40, 0xa2, 0x80, 0x3b, 0xc4,
    0x5, 0xe0, 0xd4, 0x40, 0x24, 0x20, 0x1c, 0x87,
    0xc5, 0x0, 0xda, 0x0, 0x62, 0x0, 0xa0, 0x3,
    0x10, 0x3, 0x0, 0x31, 0x8, 0x7, 0x9c, 0x3,
    0xf8, 0x80, 0xa, 0x1, 0x84, 0x40, 0x16, 0x80,
    0x2c, 0x3, 0x48, 0x6, 0x42, 0x2, 0xc5, 0x49,
    0x70, 0xe, 0xf1, 0x3, 0xab, 0x63, 0x10, 0xc,
    0x5e, 0xc2, 0x2, 0xf8, 0x1, 0xe1, 0x9e, 0xfe,
    0x80, 0xef, 0xf0, 0x7, 0xff, 0x1f, 0x3d, 0x80,
    0x3f, 0x94, 0xc2, 0xc0, 0x3f, 0x9c, 0x0, 0x80,
    0x1f, 0xc5, 0xd7, 0x20, 0x1c,

    /* U+1EB8 "Ẹ" */
    0x4f, 0xff, 0xf5, 0x0, 0x7f, 0xf0, 0xc5, 0x57,
    0xec, 0x0, 0x96, 0xab, 0xe6, 0x0, 0xff, 0xe7,
    0xb4, 0xcf, 0x94, 0x3, 0x13, 0x37, 0xbc, 0x3,
    0xff, 0x88, 0x9f, 0xfe, 0xa0, 0xf, 0xfe, 0xe2,
    0xd5, 0x7c, 0xe0, 0x10, 0xaa, 0xfd, 0x80, 0x1f,
    0xfc, 0x4, 0xff, 0xff, 0x58, 0x7, 0xff, 0x10,
    0xfb, 0x48, 0x3, 0xf4, 0x89, 0x50, 0x7, 0xed,
    0x0, 0x60, 0x7, 0xe7, 0xcd, 0x40, 0xc,

    /* U+1EB9 "ẹ" */
    0x0, 0xa3, 0x7f, 0xb1, 0x40, 0x30, 0xeb, 0x90,
    0x9, 0xd5, 0x0, 0x2d, 0x20, 0x4a, 0x92, 0x5,
    0x60, 0x43, 0x4, 0xb5, 0x6c, 0x10, 0xb0, 0xd0,
    0x7, 0x80, 0x42, 0xe0, 0x45, 0x0, 0x2f, 0xff,
    0x30, 0x0, 0x40, 0x3f, 0xe7, 0x20, 0x5, 0x7f,
    0xfc, 0x9a, 0x0, 0x90, 0xd, 0x3b, 0x80, 0x86,
    0x7, 0x8c, 0xcb, 0x62, 0x60, 0x6, 0x90, 0x1c,
    0xc9, 0x0, 0xac, 0x0, 0x3b, 0x6, 0x0, 0x27,
    0xd1, 0x0, 0xcf, 0x9f, 0xed, 0x80, 0xf, 0xc6,
    0x40, 0x1f, 0xcf, 0x9a, 0x80, 0x1f, 0xb4, 0x1,
    0x80, 0x1f, 0xa4, 0x4a, 0x80, 0x30,

    /* U+1EBA "Ẻ" */
    0x0, 0xcb, 0xbf, 0x84, 0x1, 0xe1, 0xa3, 0x53,
    0xc0, 0xf, 0xa3, 0x68, 0x84, 0x40, 0x1c, 0x2e,
    0x74, 0x48, 0x20, 0x1f, 0x3a, 0xaa, 0xc0, 0x3f,
    0x24, 0xd8, 0x7, 0xf1, 0xb0, 0x80, 0x64, 0xff,
    0xff, 0x50, 0x7, 0xff, 0xc, 0x55, 0x7e, 0xc0,
    0x9, 0x6a, 0xbe, 0x60, 0xf, 0xfe, 0x7b, 0x4c,
    0xf9, 0x40, 0x31, 0x33, 0x7b, 0xc0, 0x3f, 0xf8,
    0x89, 0xff, 0xea, 0x0, 0xff, 0xee, 0x2d, 0x57,
    0xce, 0x1, 0xa, 0xaf, 0xd8, 0x1, 0xff, 0xc0,

    /* U+1EBB "ẻ" */
    0x0, 0xc7, 0x10, 0x30, 0xf, 0x8f, 0x1d, 0xd8,
    0x80, 0x1e, 0xb2, 0xba, 0xe, 0x0, 0xf4, 0x6a,
    0x60, 0x10, 0x7, 0xeb, 0x65, 0x80, 0xf, 0xc2,
    0xd4, 0x1, 0xfd, 0x52, 0x1, 0xfa, 0x37, 0xfb,
    0x14, 0x3, 0xe, 0xb9, 0x0, 0x9d, 0x50, 0x2,
    0xd2, 0x4, 0xa9, 0x20, 0x56, 0x4, 0x30, 0x4b,
    0x56, 0xc1, 0xb, 0xd, 0x0, 0x78, 0x4, 0x2e,
    0x4, 0x50, 0x2, 0xff, 0xf3, 0x0, 0x4, 0x3,
    0xfe, 0x72, 0x0, 0x57, 0xff, 0xc9, 0xa0, 0x9,
    0x0, 0xd3, 0xb8, 0x8, 0x60, 0x78, 0xcc, 0xb6,
    0x26, 0x0, 0x69, 0x1, 0xcc, 0x90, 0xa, 0xc0,
    0x3, 0xb0, 0x60, 0x2, 0x7d, 0x10,

    /* U+1EBC "Ẽ" */
    0x0, 0x93, 0x2c, 0x42, 0x74, 0x3, 0xa8, 0xd3,
    0x9, 0xc, 0x3, 0x18, 0xbd, 0x96, 0x93, 0x80,
    0x67, 0x2c, 0x4b, 0x34, 0x80, 0xc, 0x9a, 0x80,
    0x99, 0x62, 0x1, 0xff, 0xc2, 0x4f, 0xff, 0xf5,
    0x0, 0x7f, 0xf0, 0xc5, 0x57, 0xec, 0x0, 0x96,
    0xab, 0xe6, 0x0, 0xff, 0xe7, 0xb4, 0xcf, 0x94,
    0x3, 0x13, 0x37, 0xbc, 0x3, 0xff, 0x88, 0x9f,
    0xfe, 0xa0, 0xf, 0xfe, 0xe2, 0xd5, 0x7c, 0xe0,
    0x10, 0xaa, 0xfd, 0x80, 0x1f, 0xfc, 0x0,

    /* U+1EBD "ẽ" */
    0x0, 0xe, 0x7e, 0x19, 0x7c, 0x80, 0x66, 0x31,
    0x3c, 0xd0, 0xf0, 0xd, 0xa1, 0xd6, 0x60, 0x8c,
    0x1, 0xab, 0xc1, 0x33, 0xec, 0x3, 0xff, 0x8d,
    0x1b, 0xfd, 0x8a, 0x1, 0x87, 0x5c, 0x80, 0x4e,
    0xa8, 0x1, 0x69, 0x2, 0x54, 0x90, 0x2b, 0x2,
    0x18, 0x25, 0xab, 0x60, 0x85, 0x86, 0x80, 0x3c,
    0x2, 0x17, 0x2, 0x28, 0x1, 0x7f, 0xf9, 0x80,
    0x2, 0x1, 0xff, 0x39, 0x0, 0x2b, 0xff, 0xe4,
    0xd0, 0x4, 0x80, 0x69, 0xdc, 0x4, 0x30, 0x3c,
    0x66, 0x5b, 0x13, 0x0, 0x34, 0x80, 0xe6, 0x48,
    0x5, 0x60, 0x1, 0xd8, 0x30, 0x1, 0x3e, 0x88,
    0x0,

    /* U+1EBE "Ế" */
    0x0, 0xff, 0x37, 0xf9, 0x0, 0x3f, 0xd6, 0x8,
    0x80, 0xf, 0xe4, 0x20, 0x90, 0xf, 0x3b, 0x94,
    0x20, 0x1c, 0x80, 0x3a, 0x62, 0x14, 0x79, 0xf0,
    0x1, 0xca, 0xc3, 0x1, 0xa2, 0x1, 0xe2, 0xa0,
    0xa7, 0x51, 0xa0, 0xf, 0xaf, 0x10, 0x2a, 0xfc,
    0x3, 0xc4, 0x86, 0x1, 0x22, 0x0, 0x32, 0x7f,
    0xff, 0xa8, 0x3, 0xff, 0x8e, 0x2a, 0xbf, 0x60,
    0x7, 0x2d, 0x57, 0xcc, 0x1, 0xff, 0xd5, 0x69,
    0x9f, 0x28, 0x7, 0x89, 0x9b, 0xde, 0x1, 0xff,
    0xc8, 0x4f, 0xff, 0x50, 0x7, 0xff, 0x91, 0x6a,
    0xbe, 0x70, 0xe, 0x15, 0x5f, 0xb0, 0x3, 0xff,
    0x88,

    /* U+1EBF "ế" */
    0x0, 0xff, 0x67, 0xf0, 0x7, 0xf8, 0xcc, 0x16,
    0x1, 0xfe, 0x80, 0x45, 0x0, 0xe9, 0xff, 0x39,
    0x20, 0x48, 0x7, 0x2b, 0x0, 0x20, 0x7f, 0xc4,
    0x1, 0x8a, 0x82, 0x5c, 0x34, 0x40, 0x3d, 0x67,
    0xd, 0xc, 0x4c, 0x1, 0xe9, 0xc7, 0x0, 0x4e,
    0x38, 0x7, 0xd1, 0xbf, 0xd8, 0xa0, 0x1e, 0x1d,
    0x72, 0x1, 0x3a, 0xa0, 0x7, 0x69, 0x2, 0x54,
    0x90, 0x2b, 0x0, 0x48, 0x60, 0x96, 0xad, 0x82,
    0x16, 0x1, 0x68, 0x3, 0xc0, 0x21, 0x70, 0x22,
    0x0, 0x8, 0x1, 0x7f, 0xf9, 0x80, 0x2, 0x1,
    0xff, 0xc1, 0x70, 0x1, 0x0, 0x2b, 0xff, 0xe4,
    0x0, 0x68, 0x2, 0x40, 0x34, 0xee, 0x0, 0x48,
    0x60, 0x78, 0xcc, 0xb6, 0x26, 0x0, 0xda, 0x40,
    0x73, 0x24, 0x2, 0xb0, 0xc, 0x3b, 0x6, 0x0,
    0x27, 0xd1, 0x0, 0x80,

    /* U+1EC0 "Ề" */
    0x0, 0xfa, 0x3f, 0xc4, 0x1, 0xfa, 0x4, 0x2c,
    0x3, 0xfa, 0x1, 0x84, 0x3, 0x9d, 0xca, 0xc6,
    0x12, 0x1, 0xa6, 0x21, 0x47, 0x9f, 0x0, 0x12,
    0xb0, 0xc0, 0x68, 0x80, 0x62, 0xa0, 0xa7, 0x51,
    0xa0, 0xe, 0xbc, 0x40, 0xab, 0xf0, 0xc, 0x48,
    0x60, 0x12, 0x20, 0x0, 0x9f, 0xff, 0xea, 0x0,
    0xff, 0xe1, 0x8a, 0xaf, 0xd8, 0x1, 0x2d, 0x57,
    0xcc, 0x1, 0xff, 0xcf, 0x69, 0x9f, 0x28, 0x6,
    0x26, 0x6f, 0x78, 0x7, 0xff, 0x11, 0x3f, 0xfd,
    0x40, 0x1f, 0xfd, 0xc5, 0xaa, 0xf9, 0xc0, 0x21,
    0x55, 0xfb, 0x0, 0x3f, 0xf8, 0x0,

    /* U+1EC1 "ề" */
    0x0, 0xfb, 0xbf, 0x0, 0x3f, 0xac, 0xc, 0xc0,
    0x1f, 0x95, 0x2, 0x0, 0x3a, 0x7f, 0xcf, 0x20,
    0x84, 0x1, 0x2b, 0x0, 0x20, 0x7f, 0xc4, 0x0,
    0x2a, 0x9, 0x70, 0xd1, 0x0, 0xd6, 0x70, 0xd0,
    0xc4, 0xc0, 0x1a, 0x71, 0xc0, 0x13, 0x8e, 0x1,
    0xd1, 0xbf, 0xd8, 0xa0, 0x18, 0x75, 0xc8, 0x4,
    0xea, 0x80, 0x16, 0x90, 0x25, 0x49, 0x2, 0xb0,
    0x21, 0x82, 0x5a, 0xb6, 0x8, 0x58, 0x68, 0x3,
    0xc0, 0x21, 0x70, 0x22, 0x80, 0x17, 0xff, 0x98,
    0x0, 0x20, 0x1f, 0xf3, 0x90, 0x2, 0xbf, 0xfe,
    0x4d, 0x0, 0x48, 0x6, 0x9d, 0xc0, 0x43, 0x3,
    0xc6, 0x65, 0xb1, 0x30, 0x3, 0x48, 0xe, 0x64,
    0x80, 0x56, 0x0, 0x1d, 0x83, 0x0, 0x13, 0xe8,
    0x80,

    /* U+1EC2 "Ể" */
    0x0, 0xfc, 0x2f, 0x8, 0x1, 0xfe, 0xc8, 0x7b,
    0x90, 0xf, 0xc6, 0x66, 0xe1, 0x60, 0xf, 0xc7,
    0xd2, 0xa2, 0x40, 0x1e, 0x11, 0x0, 0x1a, 0xcb,
    0xc0, 0x39, 0x7b, 0x9a, 0x2, 0x78, 0x40, 0x18,
    0xe8, 0x10, 0xad, 0xf0, 0x40, 0x30, 0xe8, 0x4d,
    0x92, 0x40, 0x7, 0x8a, 0x29, 0x83, 0xe7, 0x80,
    0x3c, 0x6c, 0xa0, 0x2, 0x66, 0x0, 0x64, 0xff,
    0xff, 0x50, 0x7, 0xff, 0x1c, 0x55, 0x7e, 0xc0,
    0xe, 0x5a, 0xaf, 0x98, 0x3, 0xff, 0xaa, 0xd3,
    0x3e, 0x50, 0xf, 0x13, 0x37, 0xbc, 0x3, 0xff,
    0x90, 0x9f, 0xfe, 0xa0, 0xf, 0xff, 0x22, 0xd5,
    0x7c, 0xe0, 0x1c, 0x2a, 0xbf, 0x60, 0x7, 0xff,
    0x10,

    /* U+1EC3 "ể" */
    0x0, 0xfc, 0x70, 0xe4, 0x1, 0xf9, 0x31, 0xe3,
    0x4c, 0x3, 0xed, 0x1c, 0x90, 0xa0, 0xf, 0xa7,
    0x8f, 0xc0, 0x40, 0x3f, 0xb1, 0x92, 0x0, 0x35,
    0x7f, 0x9c, 0x5, 0x2c, 0x3, 0x3a, 0x90, 0x42,
    0x6d, 0x80, 0x63, 0x80, 0xfa, 0xa, 0x10, 0xe,
    0xb6, 0xa2, 0x58, 0x77, 0x0, 0x74, 0x4a, 0x80,
    0x1e, 0x58, 0x3, 0xd1, 0xbf, 0xd8, 0xa0, 0x1c,
    0x3a, 0xe4, 0x2, 0x75, 0x40, 0xd, 0xa4, 0x9,
    0x52, 0x40, 0xac, 0x0, 0x43, 0x4, 0xb5, 0x6c,
    0x10, 0xb0, 0x6, 0x80, 0x3c, 0x2, 0x17, 0x2,
    0x20, 0x10, 0x2, 0xff, 0xf3, 0x0, 0x4, 0x3,
    0xff, 0x80, 0xe0, 0x40, 0xa, 0xff, 0xf9, 0x3,
    0x40, 0x12, 0x1, 0xa7, 0x70, 0x0, 0x86, 0x7,
    0x8c, 0xcb, 0x62, 0x60, 0xb, 0x48, 0xe, 0x64,
    0x80, 0x56, 0x1, 0xe, 0xc1, 0x80, 0x9, 0xf4,
    0x40, 0x0,

    /* U+1EC4 "Ễ" */
    0x0, 0x93, 0x28, 0x42, 0x70, 0x3, 0xac, 0xd7,
    0x5, 0x4, 0x3, 0x18, 0x45, 0x17, 0x12, 0x0,
    0x67, 0x23, 0x5b, 0x34, 0x80, 0xc, 0x9a, 0x86,
    0x1d, 0x62, 0x1, 0xe7, 0xcb, 0xc1, 0x0, 0xf2,
    0x40, 0x28, 0xe8, 0x7, 0xd, 0x5, 0x50, 0xcd,
    0x20, 0x18, 0xae, 0xca, 0x1b, 0x58, 0x1, 0x8d,
    0x50, 0x0, 0x2a, 0xa0, 0x2, 0x7f, 0xff, 0xa8,
    0x3, 0xff, 0x86, 0x2a, 0xbf, 0x60, 0x4, 0xb5,
    0x5f, 0x30, 0x7, 0xff, 0x3d, 0xa6, 0x7c, 0xa0,
    0x18, 0x99, 0xbd, 0xe0, 0x1f, 0xfc, 0x44, 0xff,
    0xf5, 0x0, 0x7f, 0xf7, 0x16, 0xab, 0xe7, 0x0,
    0x85, 0x57, 0xec, 0x0, 0xff, 0xe0, 0x0,

    /* U+1EC5 "ễ" */
    0x0, 0xe, 0x7d, 0x99, 0x7c, 0x0, 0x69, 0x31,
    0x4c, 0xd0, 0xd0, 0xc, 0x61, 0xd6, 0x60, 0x8a,
    0x1, 0xaf, 0xc1, 0x33, 0xec, 0x3, 0xea, 0xff,
    0x38, 0x7, 0xcc, 0xa2, 0x10, 0x80, 0x1c, 0x72,
    0x1b, 0x41, 0x42, 0x1, 0x91, 0xa8, 0xd6, 0x5d,
    0xc0, 0x19, 0xe5, 0x40, 0xd, 0x2c, 0x1, 0xd1,
    0xbf, 0xd8, 0xa0, 0x18, 0x75, 0xc8, 0x4, 0xea,
    0x80, 0x16, 0x90, 0x25, 0x49, 0x2, 0xb0, 0x21,
    0x82, 0x5a, 0xb6, 0x8, 0x58, 0x68, 0x3, 0xc0,
    0x21, 0x70, 0x22, 0x80, 0x17, 0xff, 0x98, 0x0,
    0x20, 0x1f, 0xf3, 0x90, 0x2, 0xbf, 0xfe, 0x4d,
    0x0, 0x48, 0x6, 0x9d, 0xc0, 0x43, 0x3, 0xc6,
    0x65, 0xb1, 0x30, 0x3, 0x48, 0xe, 0x64, 0x80,
    0x56, 0x0, 0x1d, 0x83, 0x0, 0x13, 0xe8, 0x80,

    /* U+1EC6 "Ệ" */
    0x0, 0xe7, 0x85, 0x0, 0xfd, 0x50, 0xf4, 0x80,
    0x1e, 0x75, 0x2a, 0xa, 0x20, 0xc, 0x90, 0x1e,
    0xb0, 0x3e, 0x1, 0x93, 0xfc, 0x40, 0xff, 0xa0,
    0x1f, 0xfc, 0x24, 0xff, 0xff, 0x50, 0x7, 0xff,
    0xc, 0x55, 0x7e, 0xc0, 0x9, 0x6a, 0xbe, 0x60,
    0xf, 0xfe, 0x7b, 0x4c, 0xf9, 0x40, 0x31, 0x33,
    0x7b, 0xc0, 0x3f, 0xf8, 0x89, 0xff, 0xea, 0x0,
    0xff, 0xee, 0x2d, 0x57, 0xce, 0x1, 0xa, 0xaf,
    0xd8, 0x1, 0xff, 0xc0, 0x4f, 0xff, 0xf5, 0x80,
    0x7f, 0xf1, 0xf, 0xb4, 0x80, 0x3f, 0x48, 0x95,
    0x0, 0x7e, 0xd0, 0x6, 0x0, 0x7e, 0x7c, 0xd4,
    0x0, 0xc0,

    /* U+1EC7 "ệ" */
    0x0, 0xd3, 0xfe, 0x70, 0xf, 0x95, 0x84, 0x20,
    0xc0, 0x38, 0xa8, 0x2a, 0x81, 0xa2, 0x1, 0xac,
    0xe1, 0x15, 0xc9, 0x80, 0x34, 0xe3, 0x80, 0x23,
    0x1c, 0x3, 0xa3, 0x7f, 0xb1, 0x40, 0x30, 0xeb,
    0x90, 0x9, 0xd5, 0x0, 0x2d, 0x20, 0x4a, 0x92,
    0x5, 0x60, 0x43, 0x4, 0xb5, 0x6c, 0x10, 0xb0,
    0xd0, 0x7, 0x80, 0x42, 0xe0, 0x45, 0x0, 0x2f,
    0xff, 0x30, 0x0, 0x40, 0x3f, 0xe7, 0x20, 0x5,
    0x7f, 0xfc, 0x9a, 0x0, 0x90, 0xd, 0x3b, 0x80,
    0x86, 0x7, 0x8c, 0xcb, 0x62, 0x60, 0x6, 0x90,
    0x1c, 0xc9, 0x0, 0xac, 0x0, 0x3b, 0x6, 0x0,
    0x27, 0xd1, 0x0, 0xcf, 0x9f, 0xed, 0x80, 0xf,
    0xc6, 0x40, 0x1f, 0xcf, 0x9a, 0x80, 0x1f, 0xb4,
    0x1, 0x80, 0x1f, 0xa4, 0x4a, 0x80, 0x30,

    /* U+1EC8 "Ỉ" */
    0x6, 0xef, 0xb2, 0x24, 0x82, 0x23, 0x82, 0x36,
    0xc0, 0xc9, 0xca, 0xc1, 0x80, 0x10, 0x8f, 0x20,
    0xd, 0x98, 0x0, 0x91, 0x80, 0x24, 0xff, 0x58,
    0x7, 0xff, 0xfc, 0x3, 0xff, 0x88,

    /* U+1EC9 "ỉ" */
    0x1, 0x78, 0x50, 0xb, 0x21, 0xea, 0x41, 0x1,
    0xf8, 0x58, 0x13, 0x61, 0xc4, 0xc0, 0x28, 0x94,
    0xd0, 0xb, 0x5e, 0xc4, 0x2, 0x58, 0x0, 0xc7,
    0xfe, 0xb0, 0xf, 0xff, 0xf8, 0x6,

    /* U+1ECA "Ị" */
    0x4f, 0xf5, 0x80, 0x7f, 0xfc, 0x13, 0xfd, 0x60,
    0x18, 0x73, 0x95, 0xcc, 0x65, 0x0, 0x8, 0x5b,
    0x90,

    /* U+1ECB "ị" */
    0x1c, 0xf6, 0x6, 0x30, 0x90, 0x20, 0x1, 0x82,
    0xdc, 0xe8, 0x1, 0x18, 0x40, 0xff, 0xd6, 0x1,
    0xff, 0xec, 0x3f, 0xf5, 0x80, 0x7d, 0x9c, 0xa0,
    0xa6, 0x32, 0xe, 0x0, 0x50, 0x2e, 0xc9, 0x0,

    /* U+1ECC "Ọ" */
    0x0, 0xe3, 0x9d, 0xff, 0x6d, 0x28, 0x7, 0xe1,
    0xbc, 0x62, 0x0, 0x12, 0xd6, 0x10, 0x7, 0xe,
    0x20, 0x4, 0x46, 0x20, 0x3, 0xc2, 0x0, 0xd6,
    0x40, 0x8, 0xfd, 0xce, 0xa1, 0x1, 0xf0, 0x8,
    0xd4, 0x1, 0x6e, 0x1, 0x97, 0x0, 0x4, 0xc0,
    0xa, 0x0, 0x2a, 0x0, 0x78, 0xa0, 0x1, 0x60,
    0x4, 0x0, 0x70, 0x7, 0xe6, 0x0, 0x10, 0x81,
    0x0, 0x14, 0x3, 0xf0, 0x88, 0x0, 0x60, 0x1f,
    0xfc, 0x72, 0x0, 0x28, 0x7, 0xe1, 0x10, 0x0,
    0xc1, 0x0, 0x1c, 0x1, 0xf9, 0x80, 0x6, 0x21,
    0x40, 0x5, 0x40, 0xf, 0x14, 0x0, 0x28, 0x0,
    0x6a, 0x0, 0xb6, 0x0, 0xcb, 0x80, 0x2, 0x60,
    0xa, 0xc8, 0x1, 0x3f, 0x98, 0xea, 0x10, 0x1f,
    0x0, 0xc3, 0x88, 0x1, 0x19, 0x84, 0x0, 0x58,
    0x40, 0x1c, 0x37, 0x66, 0x20, 0x0, 0xad, 0x69,
    0x0, 0x7e, 0x49, 0xdf, 0xf7, 0x52, 0x80, 0x7f,
    0xf0, 0x48, 0xc0, 0x3f, 0xf8, 0x69, 0xb8, 0xe0,
    0x1f, 0xfc, 0x23, 0x0, 0x68, 0x7, 0xff, 0x9,
    0x48, 0x64, 0x3, 0xe0,

    /* U+1ECD "ọ" */
    0x0, 0x9b, 0x3b, 0xf6, 0x48, 0x3, 0xd, 0xc9,
    0x88, 0x13, 0x6a, 0x0, 0x56, 0x80, 0x6, 0x73,
    0x0, 0x59, 0x1, 0xa8, 0xe, 0xcc, 0x63, 0x0,
    0x20, 0x28, 0x1, 0x24, 0x1, 0x40, 0x1, 0x40,
    0x80, 0x8, 0x1, 0x84, 0xc0, 0x4, 0x1, 0xff,
    0xc1, 0x20, 0x2, 0x0, 0x61, 0x30, 0x1, 0x50,
    0x2, 0x48, 0x2, 0x80, 0x2, 0x81, 0xa8, 0xe,
    0x4c, 0x63, 0x0, 0x20, 0x1, 0x66, 0x2, 0xce,
    0x60, 0xb, 0x20, 0x0, 0xe4, 0x98, 0x81, 0x36,
    0xa0, 0x7, 0x36, 0x77, 0xec, 0x90, 0x7, 0xe2,
    0x30, 0xf, 0xf1, 0x6e, 0x40, 0x7, 0xf2, 0x0,
    0x10, 0x3, 0xf9, 0xcc, 0x64, 0x3, 0x80,

    /* U+1ECE "Ỏ" */
    0x0, 0xf8, 0x5e, 0xc, 0x3, 0xff, 0x82, 0x3f,
    0xf, 0x8a, 0x1, 0xff, 0xc0, 0x40, 0x9d, 0x8,
    0x0, 0xff, 0xe0, 0x2f, 0x30, 0x80, 0x7f, 0xf1,
    0x17, 0x2, 0x0, 0x3f, 0xf8, 0x5c, 0x18, 0xa0,
    0x1f, 0xfc, 0x28, 0xb3, 0x0, 0xff, 0xe1, 0x9a,
    0x0, 0x7f, 0xf0, 0x4e, 0x77, 0xfd, 0xb4, 0xa0,
    0x1f, 0x86, 0xf1, 0x88, 0x0, 0x4b, 0x58, 0x40,
    0x1c, 0x38, 0x80, 0x11, 0x18, 0x80, 0xf, 0x8,
    0x3, 0x59, 0x0, 0x23, 0xf7, 0x3a, 0x84, 0x7,
    0xc0, 0x23, 0x50, 0x5, 0xb8, 0x6, 0x5c, 0x0,
    0x13, 0x0, 0x28, 0x0, 0xa8, 0x1, 0xe2, 0x80,
    0x5, 0x80, 0x10, 0x1, 0xc0, 0x1f, 0x98, 0x0,
    0x42, 0x4, 0x0, 0x50, 0xf, 0xc2, 0x20, 0x1,
    0x80, 0x7f, 0xf1, 0xc8, 0x0, 0xa0, 0x1f, 0x84,
    0x40, 0x3, 0x4, 0x0, 0x70, 0x7, 0xe6, 0x0,
    0x18, 0x85, 0x0, 0x15, 0x0, 0x3c, 0x50, 0x0,
    0xa0, 0x1, 0xa8, 0x2, 0xd8, 0x3, 0x2e, 0x0,
    0x9, 0x80, 0x2b, 0x20, 0x4, 0xfe, 0x63, 0xa8,
    0x40, 0x7c, 0x3, 0xe, 0x20, 0x4, 0x66, 0x10,
    0x1, 0x61, 0x0, 0x70, 0xdd, 0x98, 0x80, 0x2,
    0xb5, 0xa4, 0x1, 0x0,

    /* U+1ECF "ỏ" */
    0x0, 0xc2, 0xf0, 0x80, 0x1f, 0xdf, 0xf, 0x70,
    0x1, 0xf2, 0x3, 0xf0, 0x38, 0x7, 0xc9, 0xd0,
    0x80, 0x60, 0x1f, 0xcf, 0x45, 0xc0, 0x1f, 0xe4,
    0xc2, 0x0, 0xfe, 0x7b, 0x10, 0xf, 0xcd, 0x9d,
    0xfb, 0x24, 0x1, 0x86, 0xe4, 0xc4, 0x9, 0xb5,
    0x0, 0x2b, 0x40, 0x3, 0x39, 0x80, 0x2c, 0x80,
    0xd4, 0x7, 0x66, 0x31, 0x80, 0x10, 0x14, 0x0,
    0x92, 0x0, 0xa0, 0x0, 0xa0, 0x40, 0x4, 0x0,
    0xc2, 0x60, 0x2, 0x0, 0xff, 0xe0, 0x90, 0x1,
    0x0, 0x30, 0x98, 0x0, 0xa8, 0x1, 0x24, 0x1,
    0x40, 0x1, 0x40, 0xd4, 0x7, 0x26, 0x31, 0x80,
    0x10, 0x0, 0xb3, 0x1, 0x67, 0x30, 0x5, 0x90,
    0x0, 0x72, 0x4c, 0x40, 0x9b, 0x50, 0x0,

    /* U+1ED0 "Ố" */
    0x0, 0xff, 0xe9, 0xcf, 0xf8, 0x40, 0x3f, 0xf8,
    0x22, 0xc1, 0x2, 0x1, 0xff, 0xc1, 0x90, 0x17,
    0x0, 0xfe, 0x28, 0x81, 0x83, 0x5, 0x80, 0x7f,
    0xb9, 0xdd, 0xa3, 0xde, 0xa0, 0x1f, 0xd2, 0x66,
    0x61, 0xd0, 0xf, 0xf9, 0x18, 0x3a, 0x48, 0xe0,
    0x3, 0xfc, 0xf7, 0xa4, 0x19, 0x78, 0x1, 0xfe,
    0x34, 0x20, 0x0, 0xa2, 0x0, 0x3f, 0xc7, 0x3b,
    0xfe, 0xda, 0x50, 0xf, 0xc3, 0x78, 0xc4, 0x0,
    0x25, 0xac, 0x20, 0xe, 0x1c, 0x40, 0x8, 0x8c,
    0x40, 0x7, 0x84, 0x1, 0xac, 0x80, 0x11, 0xfb,
    0x9d, 0x42, 0x3, 0xe0, 0x11, 0xa8, 0x2, 0xdc,
    0x3, 0x2e, 0x0, 0x9, 0x80, 0x14, 0x0, 0x54,
    0x0, 0xf1, 0x40, 0x2, 0xc0, 0x8, 0x0, 0xe0,
    0xf, 0xcc, 0x0, 0x21, 0x2, 0x0, 0x28, 0x7,
    0xe1, 0x10, 0x0, 0xc0, 0x3f, 0xf8, 0xe4, 0x0,
    0x50, 0xf, 0xc2, 0x20, 0x1, 0x82, 0x0, 0x38,
    0x3, 0xf3, 0x0, 0xc, 0x42, 0x80, 0xa, 0x80,
    0x1e, 0x28, 0x0, 0x50, 0x0, 0xd4, 0x1, 0x6c,
    0x1, 0x97, 0x0, 0x4, 0xc0, 0x15, 0x90, 0x2,
    0x7f, 0x31, 0xd4, 0x20, 0x3e, 0x1, 0x87, 0x10,
    0x2, 0x33, 0x8, 0x0, 0xb0, 0x80, 0x38, 0x6e,
    0xcc, 0x40, 0x1, 0x5a, 0xd2, 0x0, 0x80,

    /* U+1ED1 "ố" */
    0x0, 0xff, 0x47, 0xf8, 0xc0, 0x3f, 0xcc, 0xc,
    0x60, 0x1f, 0xcc, 0x21, 0x0, 0x1c, 0xbf, 0xeb,
    0xb, 0x9, 0x10, 0xc, 0x54, 0x0, 0x48, 0xdf,
    0x60, 0xe, 0xf0, 0x5b, 0x7, 0x40, 0xf, 0x2b,
    0x2d, 0x25, 0x27, 0x0, 0x79, 0x6e, 0x80, 0xb,
    0x74, 0x1, 0xf3, 0x67, 0x7e, 0xc9, 0x0, 0x70,
    0xdc, 0x98, 0x81, 0x36, 0xa0, 0x6, 0xb4, 0x0,
    0x33, 0x98, 0x2, 0xc8, 0x0, 0x6a, 0x3, 0xb3,
    0x18, 0xc0, 0x8, 0x0, 0x50, 0x2, 0x48, 0x2,
    0x80, 0x2, 0x80, 0x8, 0x0, 0x80, 0x18, 0x4c,
    0x0, 0x40, 0x1f, 0xfc, 0x32, 0x0, 0x20, 0x6,
    0x13, 0x0, 0x10, 0x50, 0x2, 0x48, 0x2, 0x80,
    0x2, 0x80, 0xd, 0x40, 0x72, 0x63, 0x18, 0x1,
    0x0, 0x15, 0x98, 0xb, 0x39, 0x80, 0x2c, 0x80,
    0x21, 0xc9, 0x31, 0x2, 0x6d, 0x40, 0x8,

    /* U+1ED2 "Ồ" */
    0x0, 0xff, 0xe8, 0x67, 0xf0, 0x7, 0xff, 0xf,
    0x80, 0x58, 0x3, 0xff, 0x84, 0x4c, 0x16, 0x1,
    0xff, 0x14, 0x41, 0x20, 0x49, 0x40, 0x3f, 0xdc,
    0xee, 0xa0, 0xef, 0x50, 0xf, 0xe8, 0x33, 0x30,
    0xe8, 0x7, 0xfc, 0x8e, 0x1d, 0x26, 0x68, 0x0,
    0xff, 0x3d, 0xe9, 0x6, 0xde, 0x0, 0x7f, 0x8d,
    0x8, 0x0, 0x28, 0x80, 0xf, 0xf1, 0xce, 0xff,
    0xb6, 0x94, 0x3, 0xf0, 0xde, 0x31, 0x0, 0x9,
    0x6b, 0x8, 0x3, 0x87, 0x10, 0x2, 0x23, 0x10,
    0x1, 0xe1, 0x0, 0x6b, 0x20, 0x4, 0x7e, 0xe7,
    0x50, 0x80, 0xf8, 0x4, 0x6a, 0x0, 0xb7, 0x0,
    0xcb, 0x80, 0x2, 0x60, 0x5, 0x0, 0x15, 0x0,
    0x3c, 0x50, 0x0, 0xb0, 0x2, 0x0, 0x38, 0x3,
    0xf3, 0x0, 0x8, 0x40, 0x80, 0xa, 0x1, 0xf8,
    0x44, 0x0, 0x30, 0xf, 0xfe, 0x39, 0x0, 0x14,
    0x3, 0xf0, 0x88, 0x0, 0x60, 0x80, 0xe, 0x0,
    0xfc, 0xc0, 0x3, 0x10, 0xa0, 0x2, 0xa0, 0x7,
    0x8a, 0x0, 0x14, 0x0, 0x35, 0x0, 0x5b, 0x0,
    0x65, 0xc0, 0x1, 0x30, 0x5, 0x64, 0x0, 0x9f,
    0xcc, 0x75, 0x8, 0xf, 0x80, 0x61, 0xc4, 0x0,
    0x8c, 0xc2, 0x0, 0x2c, 0x20, 0xe, 0x1b, 0xb3,
    0x10, 0x0, 0x56, 0xb4, 0x80, 0x20,

    /* U+1ED3 "ồ" */
    0x0, 0xfa, 0xbf, 0xc2, 0x1, 0xfd, 0x60, 0x9,
    0x0, 0xfe, 0x18, 0x6, 0x0, 0xf2, 0xff, 0xb1,
    0xc8, 0x58, 0x3, 0x15, 0x0, 0xe, 0x37, 0xd8,
    0x3, 0x70, 0x2d, 0x83, 0xa0, 0x7, 0x2b, 0xad,
    0x25, 0x27, 0x0, 0x72, 0xdd, 0x0, 0x16, 0xe8,
    0x3, 0xcd, 0x9d, 0xfb, 0x24, 0x1, 0x86, 0xe4,
    0xc4, 0x9, 0xb5, 0x0, 0x2b, 0x40, 0x3, 0x39,
    0x80, 0x2c, 0x80, 0xd4, 0x7, 0x66, 0x31, 0x80,
    0x10, 0x14, 0x0, 0x92, 0x0, 0xa0, 0x0, 0xa0,
    0x40, 0x4, 0x0, 0xc2, 0x60, 0x2, 0x0, 0xff,
    0xe0, 0x90, 0x1, 0x0, 0x30, 0x98, 0x0, 0xa8,
    0x1, 0x24, 0x1, 0x40, 0x1, 0x40, 0xd4, 0x7,
    0x26, 0x31, 0x80, 0x10, 0x0, 0xb3, 0x1, 0x67,
    0x30, 0x5, 0x90, 0x0, 0x72, 0x4c, 0x40, 0x9b,
    0x50, 0x0,

    /* U+1ED4 "Ổ" */
    0x0, 0xff, 0xa3, 0xb9, 0x40, 0x1f, 0xfc, 0x15,
    0x73, 0x55, 0x48, 0x7, 0xff, 0x1, 0xa3, 0x28,
    0x14, 0x3, 0xff, 0x80, 0x6e, 0x7a, 0x16, 0x1,
    0xfc, 0x2c, 0xc2, 0x9, 0x38, 0x70, 0xf, 0xed,
    0x99, 0x78, 0x6c, 0x38, 0x7, 0xf4, 0x19, 0x90,
    0xa9, 0x9c, 0x3, 0xf9, 0x1c, 0x3a, 0x85, 0x58,
    0x3, 0xfe, 0xac, 0x21, 0xca, 0x20, 0xf, 0xf2,
    0x29, 0x80, 0x9, 0x50, 0x3, 0xfc, 0x73, 0xbf,
    0xed, 0xa5, 0x0, 0xfc, 0x37, 0x8c, 0x40, 0x2,
    0x5a, 0xc2, 0x0, 0xe1, 0xc4, 0x0, 0x88, 0xc4,
    0x0, 0x78, 0x40, 0x1a, 0xc8, 0x1, 0x1f, 0xb9,
    0xd4, 0x20, 0x3e, 0x1, 0x1a, 0x80, 0x2d, 0xc0,
    0x32, 0xe0, 0x0, 0x98, 0x1, 0x40, 0x5, 0x40,
    0xf, 0x14, 0x0, 0x2c, 0x0, 0x80, 0xe, 0x0,
    0xfc, 0xc0, 0x2, 0x10, 0x20, 0x2, 0x80, 0x7e,
    0x11, 0x0, 0xc, 0x3, 0xff, 0x8e, 0x40, 0x5,
    0x0, 0xfc, 0x22, 0x0, 0x18, 0x20, 0x3, 0x80,
    0x3f, 0x30, 0x0, 0xc4, 0x28, 0x0, 0xa8, 0x1,
    0xe2, 0x80, 0x5, 0x0, 0xd, 0x40, 0x16, 0xc0,
    0x19, 0x70, 0x0, 0x4c, 0x1, 0x59, 0x0, 0x27,
    0xf3, 0x1d, 0x42, 0x3, 0xe0, 0x18, 0x71, 0x0,
    0x23, 0x30, 0x80, 0xb, 0x8, 0x3, 0x86, 0xec,
    0xc4, 0x0, 0x15, 0xad, 0x20, 0x8,

    /* U+1ED5 "ổ" */
    0x0, 0xfc, 0x2f, 0x8, 0x1, 0xf8, 0x7e, 0x1e,
    0xdc, 0x3, 0xe4, 0x38, 0xd0, 0x90, 0xf, 0x97,
    0x5d, 0xc0, 0x40, 0x1f, 0xcf, 0x45, 0xc0, 0x19,
    0xbf, 0xd6, 0x1c, 0x5a, 0x40, 0x11, 0xc8, 0x12,
    0x44, 0xe8, 0x6, 0x1d, 0x9, 0xf0, 0x74, 0x0,
    0xe4, 0x78, 0x62, 0xb6, 0xc0, 0xe, 0x59, 0x70,
    0x2, 0x4c, 0x0, 0x79, 0xb3, 0xbf, 0x64, 0x80,
    0x30, 0xdc, 0x98, 0x81, 0x36, 0xa0, 0x5, 0x68,
    0x0, 0x67, 0x30, 0x5, 0x90, 0x1a, 0x80, 0xec,
    0xc6, 0x30, 0x2, 0x2, 0x80, 0x12, 0x40, 0x14,
    0x0, 0x14, 0x8, 0x0, 0x80, 0x18, 0x4c, 0x0,
    0x40, 0x1f, 0xfc, 0x12, 0x0, 0x20, 0x6, 0x13,
    0x0, 0x15, 0x0, 0x24, 0x80, 0x28, 0x0, 0x28,
    0x1a, 0x80, 0xe4, 0xc6, 0x30, 0x2, 0x0, 0x16,
    0x60, 0x2c, 0xe6, 0x0, 0xb2, 0x0, 0xe, 0x49,
    0x88, 0x13, 0x6a, 0x0, 0x0,

    /* U+1ED6 "Ỗ" */
    0x0, 0xf4, 0x6d, 0x20, 0x6c, 0x80, 0x7f, 0x95,
    0xc9, 0x6f, 0xc8, 0x3, 0xfe, 0xd0, 0xcb, 0x30,
    0x38, 0x0, 0xff, 0x47, 0x9a, 0x67, 0xe0, 0x80,
    0x7f, 0xf0, 0x1b, 0xfd, 0x40, 0x1f, 0xfc, 0x12,
    0x90, 0x2, 0xa0, 0x7, 0xff, 0x3, 0x81, 0xa4,
    0x28, 0x40, 0x3f, 0xce, 0x65, 0x2c, 0x83, 0x60,
    0x1f, 0xe6, 0xdc, 0x0, 0x5e, 0xd8, 0x7, 0xf8,
    0x48, 0x40, 0x22, 0x10, 0xf, 0xf1, 0xce, 0xff,
    0xb6, 0x94, 0x3, 0xf0, 0xde, 0x31, 0x0, 0x9,
    0x6b, 0x8, 0x3, 0x87, 0x10, 0x2, 0x23, 0x10,
    0x1, 0xe1, 0x0, 0x6b, 0x20, 0x4, 0x7e, 0xe7,
    0x50, 0x80, 0xf8, 0x4, 0x6a, 0x0, 0xb7, 0x0,
    0xcb, 0x80, 0x2, 0x60, 0x5, 0x0, 0x15, 0x0,
    0x3c, 0x50, 0x0, 0xb0, 0x2, 0x0, 0x38, 0x3,
    0xf3, 0x0, 0x8, 0x40, 0x80, 0xa, 0x1, 0xf8,
    0x44, 0x0, 0x30, 0xf, 0xfe, 0x39, 0x0, 0x14,
    0x3, 0xf0, 0x88, 0x0, 0x60, 0x80, 0xe, 0x0,
    0xfc, 0xc0, 0x3, 0x10, 0xa0, 0x2, 0xa0, 0x7,
    0x8a, 0x0, 0x14, 0x0, 0x35, 0x0, 0x5b, 0x0,
    0x65, 0xc0, 0x1, 0x30, 0x5, 0x64, 0x0, 0x9f,
    0xcc, 0x75, 0x8, 0xf, 0x80, 0x61, 0xc4, 0x0,
    0x8c, 0xc2, 0x0, 0x2c, 0x20, 0xe, 0x1b, 0xb3,
    0x10, 0x0, 0x56, 0xb4, 0x80, 0x20,

    /* U+1ED7 "ỗ" */
    0x0, 0xa7, 0xf5, 0x43, 0xb0, 0x3, 0x8d, 0x80,
    0xab, 0x85, 0x80, 0x39, 0x42, 0xf5, 0x4, 0xa0,
    0x3, 0x9b, 0xd0, 0xaf, 0xf4, 0x80, 0x3e, 0x6f,
    0xf5, 0x80, 0x7e, 0x39, 0x2, 0x48, 0x0, 0xf0,
    0xf0, 0x47, 0x8b, 0xa8, 0x7, 0x22, 0x21, 0xca,
    0x9b, 0x40, 0x39, 0x65, 0xc0, 0x9, 0x30, 0x1,
    0xe6, 0xce, 0xfd, 0x92, 0x0, 0xc3, 0x72, 0x62,
    0x4, 0xda, 0x80, 0x15, 0xa0, 0x1, 0x9c, 0xc0,
    0x16, 0x40, 0x6a, 0x3, 0xb3, 0x18, 0xc0, 0x8,
    0xa, 0x0, 0x49, 0x0, 0x50, 0x0, 0x50, 0x20,
    0x2, 0x0, 0x61, 0x30, 0x1, 0x0, 0x7f, 0xf0,
    0x48, 0x0, 0x80, 0x18, 0x4c, 0x0, 0x54, 0x0,
    0x92, 0x0, 0xa0, 0x0, 0xa0, 0x6a, 0x3, 0x93,
    0x18, 0xc0, 0x8, 0x0, 0x59, 0x80, 0xb3, 0x98,
    0x2, 0xc8, 0x0, 0x39, 0x26, 0x20, 0x4d, 0xa8,
    0x0,

    /* U+1ED8 "Ộ" */
    0x0, 0xf9, 0xff, 0xd6, 0x1, 0xff, 0xc1, 0x48,
    0x2, 0x47, 0x0, 0xff, 0x8a, 0x82, 0xfc, 0x61,
    0x0, 0x3f, 0xce, 0xd4, 0x85, 0xae, 0x60, 0x1f,
    0xe5, 0x85, 0x0, 0x1c, 0x38, 0x7, 0xff, 0x40,
    0xe7, 0x7f, 0xdb, 0x4a, 0x1, 0xf8, 0x6f, 0x18,
    0x80, 0x4, 0xb5, 0x84, 0x1, 0xc3, 0x88, 0x1,
    0x11, 0x88, 0x0, 0xf0, 0x80, 0x35, 0x90, 0x2,
    0x3f, 0x73, 0xa8, 0x40, 0x7c, 0x2, 0x35, 0x0,
    0x5b, 0x80, 0x65, 0xc0, 0x1, 0x30, 0x2, 0x80,
    0xa, 0x80, 0x1e, 0x28, 0x0, 0x58, 0x1, 0x0,
    0x1c, 0x1, 0xf9, 0x80, 0x4, 0x20, 0x40, 0x5,
    0x0, 0xfc, 0x22, 0x0, 0x18, 0x7, 0xff, 0x1c,
    0x80, 0xa, 0x1, 0xf8, 0x44, 0x0, 0x30, 0x40,
    0x7, 0x0, 0x7e, 0x60, 0x1, 0x88, 0x50, 0x1,
    0x50, 0x3, 0xc5, 0x0, 0xa, 0x0, 0x1a, 0x80,
    0x2d, 0x80, 0x32, 0xe0, 0x0, 0x98, 0x2, 0xb2,
    0x0, 0x4f, 0xe6, 0x3a, 0x84, 0x7, 0xc0, 0x30,
    0xe2, 0x0, 0x46, 0x61, 0x0, 0x16, 0x10, 0x7,
    0xd, 0xd9, 0x88, 0x0, 0x2b, 0x5a, 0x40, 0x1f,
    0x92, 0x77, 0xfd, 0xd4, 0xa0, 0x1f, 0xfc, 0x12,
    0x30, 0xf, 0xfe, 0x1a, 0x6e, 0x38, 0x7, 0xff,
    0x8, 0xc0, 0x1a, 0x1, 0xff, 0xc2, 0x52, 0x19,
    0x0, 0xf8,

    /* U+1ED9 "ộ" */
    0x0, 0xcb, 0xfe, 0xc0, 0xf, 0xc5, 0x40, 0x47,
    0x0, 0x1f, 0x70, 0x3f, 0x83, 0xa0, 0x7, 0x2b,
    0xb4, 0x15, 0x27, 0x0, 0x72, 0xdc, 0x80, 0x16,
    0xe8, 0x3, 0xcd, 0x9d, 0xfb, 0x24, 0x1, 0x86,
    0xe4, 0xc4, 0x9, 0xb5, 0x0, 0x2b, 0x40, 0x3,
    0x39, 0x80, 0x2c, 0x80, 0xd4, 0x7, 0x66, 0x31,
    0x80, 0x10, 0x14, 0x0, 0x92, 0x0, 0xa0, 0x0,
    0xa0, 0x40, 0x4, 0x0, 0xc2, 0x60, 0x2, 0x0,
    0xff, 0xe0, 0x90, 0x1, 0x0, 0x30, 0x98, 0x0,
    0xa8, 0x1, 0x24, 0x1, 0x40, 0x1, 0x40, 0xd4,
    0x7, 0x26, 0x31, 0x80, 0x10, 0x0, 0xb3, 0x1,
    0x67, 0x30, 0x5, 0x90, 0x0, 0x72, 0x4c, 0x40,
    0x9b, 0x50, 0x3, 0x9b, 0x3b, 0xf6, 0x48, 0x3,
    0xf1, 0x18, 0x7, 0xf8, 0xb7, 0x20, 0x3, 0xf9,
    0x0, 0x8, 0x1, 0xfc, 0xe6, 0x32, 0x1, 0xc0,

    /* U+1EDA "Ớ" */
    0x0, 0xfe, 0x8f, 0xf1, 0x80, 0x7f, 0xf0, 0x98,
    0x18, 0xc0, 0x3f, 0xf8, 0x2c, 0x21, 0x0, 0x1f,
    0xfc, 0x2b, 0x9, 0x10, 0x2e, 0xe3, 0x0, 0x7f,
    0x6f, 0xb0, 0x4, 0x22, 0x0, 0xff, 0xe1, 0xa0,
    0x0, 0xc0, 0x3c, 0x73, 0xbf, 0xfd, 0x20, 0x4,
    0x0, 0xc3, 0x78, 0xc4, 0x1, 0xe3, 0xc1, 0x0,
    0x87, 0x10, 0x2, 0x23, 0x10, 0x8, 0x84, 0x3,
    0x59, 0x0, 0x23, 0xf7, 0x3a, 0x84, 0x7, 0xc0,
    0x23, 0x50, 0x5, 0xb8, 0x6, 0x5c, 0x0, 0x13,
    0x0, 0x28, 0x0, 0xa8, 0x1, 0xe2, 0x80, 0x5,
    0x0, 0x10, 0x1, 0xc0, 0x1f, 0x98, 0x0, 0x60,
    0x2, 0x0, 0x28, 0x7, 0xe1, 0x10, 0x0, 0x80,
    0x3f, 0xf8, 0xe4, 0x0, 0x50, 0xf, 0xc2, 0x20,
    0x1, 0x82, 0x0, 0x38, 0x3, 0xf3, 0x0, 0x8,
    0x42, 0x80, 0xa, 0x80, 0x1e, 0x28, 0x0, 0x50,
    0x0, 0xd4, 0x1, 0x6c, 0x1, 0x97, 0x0, 0x4,
    0xe0, 0x15, 0x90, 0x2, 0x7f, 0x31, 0xd4, 0x20,
    0x3c, 0x1, 0x87, 0x10, 0x2, 0x33, 0x8, 0x0,
    0xb0, 0xc0, 0x38, 0x6e, 0xcc, 0x40, 0x1, 0x5a,
    0xd2, 0x0, 0x80,

    /* U+1EDB "ớ" */
    0x0, 0xf2, 0x7f, 0x98, 0x3, 0xfa, 0x0, 0x98,
    0x3, 0xf1, 0x98, 0x38, 0x3, 0xfa, 0x41, 0x4c,
    0x3f, 0xca, 0x1, 0xd5, 0xf4, 0x2, 0x1, 0xff,
    0xc0, 0x20, 0x0, 0x80, 0x4d, 0x9d, 0xff, 0x60,
    0xa, 0x0, 0xdc, 0x98, 0x80, 0x63, 0xc0, 0x5,
    0xa0, 0x1, 0x9c, 0xc0, 0x6, 0x0, 0x35, 0x1,
    0xd9, 0x8c, 0x60, 0x4, 0x5, 0x0, 0x24, 0x80,
    0x28, 0x0, 0x28, 0x10, 0x1, 0x0, 0x30, 0x98,
    0x0, 0x80, 0x3f, 0xf8, 0x24, 0x0, 0x40, 0xc,
    0x26, 0x0, 0x2a, 0x0, 0x49, 0x0, 0x50, 0x0,
    0x50, 0x35, 0x1, 0xc9, 0x8c, 0x60, 0x4, 0x0,
    0x2c, 0xc0, 0x59, 0xcc, 0x1, 0x64, 0x0, 0x1c,
    0x93, 0x10, 0x26, 0xd4, 0x0, 0x0,

    /* U+1EDC "Ờ" */
    0x0, 0xe2, 0xff, 0x50, 0x7, 0xff, 0x8, 0x9c,
    0x14, 0x40, 0x3f, 0xf8, 0x50, 0x21, 0x20, 0x1f,
    0xfc, 0x3b, 0x6, 0x0, 0x8b, 0xb8, 0xc0, 0x1f,
    0x97, 0xf8, 0x3, 0x8, 0x80, 0x3f, 0xf8, 0x68,
    0x0, 0x30, 0xf, 0x1c, 0xef, 0xff, 0x48, 0x1,
    0x0, 0x30, 0xde, 0x31, 0x0, 0x78, 0xf0, 0x40,
    0x21, 0xc4, 0x0, 0x88, 0xc4, 0x2, 0x21, 0x0,
    0xd6, 0x40, 0x8, 0xfd, 0xce, 0xa1, 0x1, 0xf0,
    0x8, 0xd4, 0x1, 0x6e, 0x1, 0x97, 0x0, 0x4,
    0xc0, 0xa, 0x0, 0x2a, 0x0, 0x78, 0xa0, 0x1,
    0x40, 0x4, 0x0, 0x70, 0x7, 0xe6, 0x0, 0x18,
    0x0, 0x80, 0xa, 0x1, 0xf8, 0x44, 0x0, 0x20,
    0xf, 0xfe, 0x39, 0x0, 0x14, 0x3, 0xf0, 0x88,
    0x0, 0x60, 0x80, 0xe, 0x0, 0xfc, 0xc0, 0x2,
    0x10, 0xa0, 0x2, 0xa0, 0x7, 0x8a, 0x0, 0x14,
    0x0, 0x35, 0x0, 0x5b, 0x0, 0x65, 0xc0, 0x1,
    0x38, 0x5, 0x64, 0x0, 0x9f, 0xcc, 0x75, 0x8,
    0xf, 0x0, 0x61, 0xc4, 0x0, 0x8c, 0xc2, 0x0,
    0x2c, 0x30, 0xe, 0x1b, 0xb3, 0x10, 0x0, 0x56,
    0xb4, 0x80, 0x20,

    /* U+1EDD "ờ" */
    0x0, 0xb7, 0xf4, 0x3, 0xfd, 0x0, 0x48, 0x1,
    0xfc, 0xa8, 0x1e, 0x1, 0xfe, 0x90, 0x42, 0x0,
    0x7f, 0x94, 0x3, 0x17, 0xf8, 0x80, 0x40, 0x3f,
    0xf8, 0x4, 0x0, 0x10, 0x9, 0xb3, 0xbf, 0xec,
    0x1, 0x40, 0x1b, 0x93, 0x10, 0xc, 0x78, 0x0,
    0xb4, 0x0, 0x33, 0x98, 0x0, 0xc0, 0x6, 0xa0,
    0x3b, 0x31, 0x8c, 0x0, 0x80, 0xa0, 0x4, 0x90,
    0x5, 0x0, 0x5, 0x2, 0x0, 0x20, 0x6, 0x13,
    0x0, 0x10, 0x7, 0xff, 0x4, 0x80, 0x8, 0x1,
    0x84, 0xc0, 0x5, 0x40, 0x9, 0x20, 0xa, 0x0,
    0xa, 0x6, 0xa0, 0x39, 0x31, 0x8c, 0x0, 0x80,
    0x5, 0x98, 0xb, 0x39, 0x80, 0x2c, 0x80, 0x3,
    0x92, 0x62, 0x4, 0xda, 0x80, 0x0,

    /* U+1EDE "Ở" */
    0x0, 0xf8, 0xa2, 0x6, 0x1, 0xff, 0xc1, 0x2d,
    0x77, 0x62, 0x0, 0x7f, 0xf0, 0x14, 0xab, 0x3,
    0xc0, 0x3f, 0xf8, 0xf, 0xaa, 0xe0, 0x1f, 0xfc,
    0x45, 0xb0, 0xe0, 0xf, 0xfe, 0x14, 0x5, 0x28,
    0x17, 0xf9, 0x80, 0x3f, 0xae, 0x54, 0x3, 0xff,
    0x86, 0xcc, 0x0, 0x90, 0x0, 0x60, 0x1e, 0x39,
    0xdf, 0xfe, 0x90, 0x2, 0x0, 0x61, 0xbc, 0x62,
    0x0, 0xf1, 0xe0, 0x80, 0x43, 0x88, 0x1, 0x11,
    0x88, 0x4, 0x42, 0x1, 0xac, 0x80, 0x11, 0xfb,
    0x9d, 0x42, 0x3, 0xe0, 0x11, 0xa8, 0x2, 0xdc,
    0x3, 0x2e, 0x0, 0x9, 0x80, 0x14, 0x0, 0x54,
    0x0, 0xf1, 0x40, 0x2, 0x80, 0x8, 0x0, 0xe0,
    0xf, 0xcc, 0x0, 0x30, 0x1, 0x0, 0x14, 0x3,
    0xf0, 0x88, 0x0, 0x40, 0x1f, 0xfc, 0x72, 0x0,
    0x28, 0x7, 0xe1, 0x10, 0x0, 0xc1, 0x0, 0x1c,
    0x1, 0xf9, 0x80, 0x4, 0x21, 0x40, 0x5, 0x40,
    0xf, 0x14, 0x0, 0x28, 0x0, 0x6a, 0x0, 0xb6,
    0x0, 0xcb, 0x80, 0x2, 0x70, 0xa, 0xc8, 0x1,
    0x3f, 0x98, 0xea, 0x10, 0x1e, 0x0, 0xc3, 0x88,
    0x1, 0x19, 0x84, 0x0, 0x58, 0x60, 0x1c, 0x37,
    0x66, 0x20, 0x0, 0xad, 0x69, 0x0, 0x40,

    /* U+1EDF "ở" */
    0x0, 0xc5, 0x10, 0x40, 0xf, 0xc5, 0xae, 0xeb,
    0x60, 0xf, 0x90, 0xa7, 0x2, 0xc0, 0x3e, 0x6d,
    0x64, 0x7, 0x0, 0xfe, 0x98, 0x4b, 0x7, 0x71,
    0x0, 0x70, 0xad, 0x88, 0xa2, 0xe, 0x1, 0xd1,
    0x40, 0x5, 0x0, 0x8, 0x4, 0xd9, 0xdf, 0xf5,
    0x80, 0x14, 0x6, 0xe4, 0xc4, 0x3, 0x1e, 0x88,
    0x5a, 0x0, 0x19, 0xcc, 0x0, 0x60, 0x3, 0x50,
    0x1d, 0x98, 0xc6, 0x0, 0x40, 0x50, 0x2, 0x48,
    0x2, 0x80, 0x2, 0x81, 0x0, 0x10, 0x3, 0x9,
    0x80, 0x8, 0x3, 0xff, 0x82, 0x40, 0x4, 0x0,
    0xc2, 0x60, 0x2, 0xa0, 0x4, 0x90, 0x5, 0x0,
    0x5, 0x3, 0x50, 0x1c, 0x98, 0xc6, 0x0, 0x40,
    0x2, 0xcc, 0x5, 0x9c, 0xc0, 0x16, 0x40, 0x1,
    0xc9, 0x31, 0x2, 0x6d, 0x40, 0x0,

    /* U+1EE0 "Ỡ" */
    0x0, 0xf4, 0x6c, 0x0, 0x36, 0x40, 0x3f, 0xc6,
    0xe4, 0xf4, 0x44, 0x0, 0xff, 0x90, 0x2d, 0x97,
    0x43, 0x0, 0x44, 0x1, 0xf7, 0x92, 0x4c, 0x13,
    0x29, 0x77, 0x1c, 0x3, 0xd1, 0xa0, 0x7, 0xd9,
    0x0, 0xc2, 0x1, 0xff, 0xc2, 0x40, 0x1, 0x80,
    0x78, 0xe7, 0x7f, 0xfa, 0x40, 0x8, 0x1, 0x86,
    0xf1, 0x88, 0x3, 0xc7, 0x82, 0x1, 0xe, 0x20,
    0x4, 0x46, 0x20, 0x11, 0x8, 0x6, 0xb2, 0x0,
    0x47, 0xee, 0x75, 0x8, 0xf, 0x80, 0x46, 0xa0,
    0xb, 0x70, 0xc, 0xb8, 0x0, 0x26, 0x0, 0x50,
    0x1, 0x50, 0x3, 0xc5, 0x0, 0xa, 0x0, 0x20,
    0x3, 0x80, 0x3f, 0x30, 0x0, 0xc0, 0x4, 0x0,
    0x50, 0xf, 0xc2, 0x20, 0x1, 0x0, 0x7f, 0xf1,
    0xc8, 0x0, 0xa0, 0x1f, 0x84, 0x40, 0x3, 0x4,
    0x0, 0x70, 0x7, 0xe6, 0x0, 0x10, 0x85, 0x0,
    0x15, 0x0, 0x3c, 0x50, 0x0, 0xa0, 0x1, 0xa8,
    0x2, 0xd8, 0x3, 0x2e, 0x0, 0x9, 0xc0, 0x2b,
    0x20, 0x4, 0xfe, 0x63, 0xa8, 0x40, 0x78, 0x3,
    0xe, 0x20, 0x4, 0x66, 0x10, 0x1, 0x61, 0x80,
    0x70, 0xdd, 0x98, 0x80, 0x2, 0xb5, 0xa4, 0x1,
    0x0,

    /* U+1EE1 "ỡ" */
    0x0, 0xab, 0xf1, 0x3, 0xe0, 0x3, 0x91, 0x44,
    0xef, 0x83, 0x80, 0x38, 0x83, 0x34, 0xc5, 0x1e,
    0x64, 0x60, 0x6, 0xf2, 0x26, 0x7d, 0x83, 0x34,
    0x1, 0xfc, 0xa0, 0x1, 0x0, 0x9b, 0x3b, 0xfe,
    0xb0, 0x15, 0x1, 0xb9, 0x31, 0x0, 0xc7, 0x82,
    0x16, 0x80, 0x6, 0x73, 0x0, 0x18, 0x0, 0xd4,
    0x7, 0x66, 0x31, 0x80, 0x10, 0x14, 0x0, 0x92,
    0x0, 0xa0, 0x0, 0xa0, 0x40, 0x4, 0x0, 0xc2,
    0x60, 0x2, 0x0, 0xff, 0xe0, 0x90, 0x1, 0x0,
    0x30, 0x98, 0x0, 0xa8, 0x1, 0x24, 0x1, 0x40,
    0x1, 0x40, 0xd4, 0x7, 0x26, 0x31, 0x80, 0x10,
    0x0, 0xb3, 0x1, 0x67, 0x30, 0x5, 0x90, 0x0,
    0x72, 0x4c, 0x40, 0x9b, 0x50, 0x0,

    /* U+1EE2 "Ợ" */
    0x0, 0xff, 0xe0, 0x8c, 0x40, 0xc0, 0x3f, 0xf8,
    0x46, 0xee, 0x40, 0xf, 0xfe, 0x28, 0x80, 0x7f,
    0xf0, 0x94, 0x0, 0x60, 0x1e, 0x39, 0xdf, 0xfe,
    0x80, 0x2, 0x80, 0x61, 0xbc, 0x62, 0x0, 0xf1,
    0xe0, 0x6, 0x1c, 0x40, 0x8, 0x8c, 0x40, 0x22,
    0x10, 0xd, 0x64, 0x0, 0x8f, 0xdc, 0xea, 0x10,
    0x1f, 0x0, 0x8d, 0x40, 0x16, 0xe0, 0x19, 0x70,
    0x0, 0x4c, 0x0, 0xa0, 0x2, 0xa0, 0x7, 0x8a,
    0x0, 0x14, 0x0, 0x40, 0x7, 0x0, 0x7e, 0x60,
    0x1, 0x80, 0x8, 0x0, 0xa0, 0x1f, 0x84, 0x40,
    0x2, 0x0, 0xff, 0xe3, 0x90, 0x1, 0x40, 0x3f,
    0x8, 0x80, 0x6, 0x8, 0x0, 0xe0, 0xf, 0xcc,
    0x0, 0x21, 0xa, 0x0, 0x2a, 0x0, 0x78, 0xa0,
    0x1, 0x40, 0x3, 0x50, 0x5, 0xb0, 0x6, 0x5c,
    0x0, 0x13, 0x80, 0x56, 0x40, 0x9, 0xfc, 0xc7,
    0x50, 0x80, 0xf0, 0x6, 0x1c, 0x40, 0x8, 0xcc,
    0x20, 0x2, 0xc3, 0x0, 0xe1, 0xbb, 0x31, 0x0,
    0x5, 0x6b, 0x48, 0x3, 0xf2, 0x4e, 0xff, 0xba,
    0x94, 0x3, 0xff, 0x82, 0x46, 0x1, 0xff, 0xc3,
    0x5d, 0xc5, 0x0, 0xff, 0xe1, 0x60, 0x3, 0x0,
    0x3f, 0xf8, 0x56, 0x43, 0x60, 0x1f, 0x0,

    /* U+1EE3 "ợ" */
    0x0, 0xff, 0x44, 0x8, 0x3, 0xf8, 0x5d, 0xe0,
    0xf, 0xe5, 0x0, 0x8, 0x4, 0xd9, 0xdf, 0xf5,
    0x80, 0x14, 0x6, 0xe4, 0xc4, 0x3, 0x1e, 0x88,
    0x5a, 0x0, 0x19, 0xcc, 0x0, 0x60, 0x3, 0x50,
    0x1d, 0x98, 0xc6, 0x0, 0x40, 0x50, 0x2, 0x48,
    0x2, 0x80, 0x2, 0x81, 0x0, 0x10, 0x3, 0x9,
    0x80, 0x8, 0x3, 0xff, 0x82, 0x40, 0x4, 0x0,
    0xc2, 0x60, 0x2, 0xa0, 0x4, 0x90, 0x5, 0x0,
    0x5, 0x3, 0x50, 0x1c, 0x98, 0xc6, 0x0, 0x40,
    0x2, 0xcc, 0x5, 0x9c, 0xc0, 0x16, 0x40, 0x1,
    0xc9, 0x31, 0x2, 0x6d, 0x40, 0xe, 0x6c, 0xef,
    0xd9, 0x20, 0xf, 0xe4, 0x10, 0xf, 0xf5, 0x5f,
    0x8, 0x7, 0xf3, 0x80, 0x14, 0x3, 0xfa, 0xc1,
    0x10, 0x1, 0x80,

    /* U+1EE4 "Ụ" */
    0x4f, 0xf5, 0x80, 0x79, 0x3f, 0xd4, 0x1, 0xff,
    0xff, 0x0, 0xff, 0xf3, 0xb8, 0x1, 0x80, 0x3c,
    0x40, 0x3, 0x20, 0x1, 0x10, 0x3, 0xa8, 0x1,
    0xc2, 0x60, 0xf, 0x30, 0x0, 0xc9, 0x80, 0x14,
    0x20, 0x0, 0x59, 0xfd, 0xc6, 0x0, 0x31, 0x2,
    0x50, 0x6, 0x10, 0x9, 0x64, 0x2, 0x5d, 0x72,
    0x0, 0xa, 0xdd, 0x0, 0x71, 0x46, 0xff, 0xba,
    0x90, 0x3, 0xf8, 0x8c, 0x3, 0xfe, 0x5d, 0xc6,
    0x0, 0xff, 0x68, 0x3, 0x0, 0x3f, 0xd4, 0x43,
    0x20, 0x1c,

    /* U+1EE5 "ụ" */
    0x6f, 0xf4, 0x0, 0x49, 0xfe, 0xa0, 0xf, 0xff,
    0xe9, 0x0, 0x46, 0x0, 0x40, 0xb, 0x40, 0x27,
    0x0, 0x1d, 0xbd, 0xa0, 0x4, 0x4a, 0x0, 0x48,
    0x46, 0x0, 0xd4, 0xc2, 0x5, 0x7a, 0x1, 0xd3,
    0xdf, 0xa8, 0x8f, 0xf5, 0x0, 0x72, 0x8, 0x7,
    0xec, 0xbf, 0x0, 0xfc, 0x60, 0x24, 0x1, 0xf3,
    0x82, 0x90, 0x4,

    /* U+1EE6 "Ủ" */
    0x0, 0xe1, 0x78, 0x40, 0xf, 0xe1, 0xf8, 0x7b,
    0x60, 0xf, 0xc8, 0x71, 0xa1, 0x60, 0x1f, 0x97,
    0x5c, 0x40, 0x3f, 0xf8, 0xb, 0x81, 0x0, 0x1f,
    0xee, 0xb, 0x50, 0xf, 0xf4, 0x5a, 0x0, 0x7f,
    0xc6, 0x80, 0x1e, 0x4f, 0xf5, 0x80, 0x79, 0x3f,
    0xd4, 0x1, 0xff, 0xff, 0x0, 0xff, 0xf3, 0xb8,
    0x1, 0x80, 0x3c, 0x40, 0x3, 0x20, 0x1, 0x10,
    0x3, 0xa8, 0x1, 0xc2, 0x60, 0xf, 0x30, 0x0,
    0xc9, 0x80, 0x14, 0x20, 0x0, 0x59, 0xfd, 0xc6,
    0x0, 0x31, 0x2, 0x50, 0x6, 0x10, 0x9, 0x64,
    0x2, 0x5d, 0x72, 0x0, 0xa, 0xdd, 0x0, 0x0,

    /* U+1EE7 "ủ" */
    0x0, 0xcb, 0xe, 0x20, 0x1e, 0x8a, 0x78, 0xf1,
    0x0, 0xe4, 0x3e, 0x51, 0x40, 0xe, 0xcc, 0x13,
    0x83, 0x80, 0x78, 0xb0, 0xec, 0x80, 0x3e, 0x7a,
    0x40, 0xf, 0x8a, 0x10, 0x3, 0x37, 0xfa, 0x0,
    0x24, 0xff, 0x50, 0x7, 0xff, 0xf4, 0x80, 0x23,
    0x0, 0x20, 0x5, 0xa0, 0x13, 0x80, 0xe, 0xde,
    0xd0, 0x2, 0x25, 0x0, 0x24, 0x23, 0x0, 0x6a,
    0x61, 0x2, 0xbd, 0x0, 0x80,

    /* U+1EE8 "Ứ" */
    0x0, 0xf8, 0xbf, 0xd0, 0x1, 0xff, 0xc1, 0x80,
    0x18, 0x0, 0xff, 0xe0, 0xa, 0x85, 0x80, 0x7f,
    0xf0, 0x64, 0xd, 0x40, 0x23, 0xff, 0x20, 0x7,
    0xa3, 0xf0, 0x3, 0xe7, 0x0, 0xff, 0xe0, 0xa8,
    0x0, 0x93, 0xfd, 0x60, 0x1e, 0x4f, 0xf4, 0x8c,
    0x88, 0x7, 0xff, 0x5, 0x79, 0x80, 0x3f, 0xff,
    0xe0, 0x1f, 0xff, 0x27, 0x0, 0x30, 0x7, 0x88,
    0x0, 0x60, 0x11, 0x0, 0x8, 0x80, 0x1d, 0x40,
    0xe, 0x0, 0x84, 0xc0, 0x1e, 0x60, 0x1, 0x93,
    0x0, 0x30, 0x6, 0x80, 0x1, 0x67, 0xf7, 0x18,
    0x0, 0xe2, 0x1, 0x92, 0x80, 0x30, 0x80, 0x4d,
    0x0, 0x1e, 0x5d, 0x72, 0x0, 0x12, 0xdc, 0x80,
    0x70,

    /* U+1EE9 "ứ" */
    0x0, 0xe1, 0xff, 0x50, 0x7, 0xfa, 0x40, 0x16,
    0x1, 0xfe, 0x60, 0x81, 0x0, 0xfe, 0x61, 0x27,
    0x0, 0xff, 0x37, 0xe8, 0x4, 0x9f, 0xe2, 0x0,
    0xff, 0x10, 0x0, 0xdb, 0xfd, 0x0, 0x12, 0x7f,
    0xa4, 0x0, 0x20, 0x1f, 0xf0, 0xd0, 0x7, 0xfc,
    0xbc, 0xa0, 0x1f, 0xff, 0x42, 0x0, 0xf1, 0x80,
    0x10, 0x2, 0xd0, 0xf, 0x38, 0x0, 0xed, 0xed,
    0x0, 0x3c, 0x4a, 0x0, 0x48, 0x46, 0x0, 0xfa,
    0x98, 0x40, 0xaf, 0x40, 0x3c,

    /* U+1EEA "Ừ" */
    0x0, 0xd9, 0xfc, 0x1, 0xff, 0xc2, 0xf0, 0x16,
    0x0, 0xff, 0xe0, 0x9b, 0x5, 0x80, 0x7f, 0xf0,
    0xa0, 0x49, 0x0, 0x31, 0xff, 0x90, 0x3, 0x87,
    0xbd, 0x0, 0x3e, 0x70, 0xf, 0xfe, 0xa, 0x80,
    0x9, 0x3f, 0xd6, 0x1, 0xe4, 0xff, 0x48, 0xc8,
    0x80, 0x7f, 0xf0, 0x57, 0x98, 0x3, 0xff, 0xfe,
    0x1, 0xff, 0xf2, 0x70, 0x3, 0x0, 0x78, 0x80,
    0x6, 0x1, 0x10, 0x0, 0x88, 0x1, 0xd4, 0x0,
    0xe0, 0x8, 0x4c, 0x1, 0xe6, 0x0, 0x19, 0x30,
    0x3, 0x0, 0x68, 0x0, 0x16, 0x7f, 0x71, 0x80,
    0xe, 0x20, 0x19, 0x28, 0x3, 0x8, 0x4, 0xd0,
    0x1, 0xe5, 0xd7, 0x20, 0x1, 0x2d, 0xc8, 0x7,
    0x0,

    /* U+1EEB "ừ" */
    0x0, 0x57, 0xf8, 0x40, 0x3f, 0xd6, 0x0, 0x90,
    0xf, 0xf0, 0xc0, 0x30, 0x7, 0xfc, 0xe4, 0x2c,
    0x1, 0xff, 0x6f, 0xb0, 0x4, 0x9f, 0xe2, 0x0,
    0xff, 0x10, 0x0, 0xdb, 0xfd, 0x0, 0x12, 0x7f,
    0xa4, 0x0, 0x20, 0x1f, 0xf0, 0xd0, 0x7, 0xfc,
    0xbc, 0xa0, 0x1f, 0xff, 0x42, 0x0, 0xf1, 0x80,
    0x10, 0x2, 0xd0, 0xf, 0x38, 0x0, 0xed, 0xed,
    0x0, 0x3c, 0x4a, 0x0, 0x48, 0x46, 0x0, 0xfa,
    0x98, 0x40, 0xaf, 0x40, 0x3c,

    /* U+1EEC "Ử" */
    0x0, 0xf3, 0x42, 0x80, 0x7f, 0xf0, 0x72, 0x5e,
    0xa4, 0x3, 0xfe, 0x21, 0x6e, 0x26, 0x0, 0xff,
    0x8b, 0x64, 0xcc, 0x1, 0xff, 0xc2, 0x3d, 0x18,
    0x0, 0xff, 0xe0, 0xd8, 0x4b, 0x80, 0x47, 0xfe,
    0x40, 0xf, 0x4e, 0xb0, 0x7, 0xce, 0x1, 0xe1,
    0x20, 0xe, 0x50, 0x1, 0x27, 0xfa, 0xc0, 0x3c,
    0x9f, 0xe9, 0x19, 0x10, 0xf, 0xfe, 0xa, 0xf3,
    0x0, 0x7f, 0xff, 0xc0, 0x3f, 0xfe, 0x4e, 0x0,
    0x60, 0xf, 0x10, 0x0, 0xc0, 0x22, 0x0, 0x11,
    0x0, 0x3a, 0x80, 0x1c, 0x1, 0x9, 0x80, 0x3c,
    0xc0, 0x3, 0x26, 0x0, 0x60, 0xd, 0x0, 0x2,
    0xcf, 0xee, 0x30, 0x1, 0xc4, 0x3, 0x25, 0x0,
    0x61, 0x0, 0x9a, 0x0, 0x3c, 0xba, 0xe4, 0x0,
    0x25, 0xb9, 0x0, 0xe0,

    /* U+1EED "ử" */
    0x0, 0xcd, 0xc, 0x1, 0xfe, 0xa9, 0x79, 0xc0,
    0xf, 0xe7, 0x4e, 0x33, 0x80, 0x3f, 0x6d, 0x99,
    0x1, 0x0, 0x7f, 0x1e, 0x8d, 0x8, 0x7, 0xf3,
    0x9d, 0xa8, 0x1, 0x3f, 0xc4, 0x1, 0x93, 0x10,
    0x2, 0x20, 0x1, 0xb7, 0xfa, 0x0, 0x24, 0xff,
    0x48, 0x0, 0x40, 0x3f, 0xe1, 0xa0, 0xf, 0xf9,
    0x79, 0x40, 0x3f, 0xfe, 0x84, 0x1, 0xe3, 0x0,
    0x20, 0x5, 0xa0, 0x1e, 0x70, 0x1, 0xdb, 0xda,
    0x0, 0x78, 0x94, 0x0, 0x90, 0x8c, 0x1, 0xf5,
    0x30, 0x81, 0x5e, 0x80, 0x78,

    /* U+1EEE "Ữ" */
    0x0, 0xc9, 0x96, 0x41, 0x1a, 0x1, 0xfe, 0xa3,
    0x4c, 0x24, 0x30, 0xf, 0xe2, 0x17, 0xb1, 0xd3,
    0x40, 0xf, 0xe1, 0x2d, 0x4c, 0x34, 0xb0, 0x1,
    0xff, 0x90, 0x2, 0x3d, 0x50, 0x3c, 0xb1, 0x0,
    0xe7, 0x0, 0xff, 0xe0, 0xa8, 0x0, 0x93, 0xfd,
    0x60, 0x1e, 0x4f, 0xf4, 0x8c, 0x88, 0x7, 0xff,
    0x5, 0x79, 0x80, 0x3f, 0xff, 0xe0, 0x1f, 0xff,
    0x27, 0x0, 0x30, 0x7, 0x88, 0x0, 0x60, 0x11,
    0x0, 0x8, 0x80, 0x1d, 0x40, 0xe, 0x0, 0x84,
    0xc0, 0x1e, 0x60, 0x1, 0x93, 0x0, 0x30, 0x6,
    0x80, 0x1, 0x67, 0xf7, 0x18, 0x0, 0xe2, 0x1,
    0x92, 0x80, 0x30, 0x80, 0x4d, 0x0, 0x1e, 0x5d,
    0x72, 0x0, 0x12, 0xdc, 0x80, 0x70,

    /* U+1EEF "ữ" */
    0x0, 0x2f, 0x72, 0x2, 0x7c, 0x40, 0x3d, 0x62,
    0x27, 0xf6, 0x11, 0x0, 0x71, 0xb, 0x7b, 0x88,
    0xac, 0x3, 0xc5, 0xf2, 0x11, 0xdc, 0x50, 0x4f,
    0xf1, 0x0, 0x7f, 0x88, 0x0, 0x6d, 0xfe, 0x80,
    0x9, 0x3f, 0xd2, 0x0, 0x10, 0xf, 0xf8, 0x68,
    0x3, 0xfe, 0x5e, 0x50, 0xf, 0xff, 0xa1, 0x0,
    0x78, 0xc0, 0x8, 0x1, 0x68, 0x7, 0x9c, 0x0,
    0x76, 0xf6, 0x80, 0x1e, 0x25, 0x0, 0x24, 0x23,
    0x0, 0x7d, 0x4c, 0x20, 0x57, 0xa0, 0x1e,

    /* U+1EF0 "Ự" */
    0x0, 0xff, 0xe9, 0x1f, 0xf9, 0x0, 0x3f, 0xf8,
    0x8e, 0x1, 0xff, 0xc1, 0x50, 0x1, 0x27, 0xfa,
    0xc0, 0x3c, 0x9f, 0xe9, 0x19, 0x10, 0xf, 0xfe,
    0xa, 0xf3, 0x0, 0x7f, 0xff, 0xc0, 0x3f, 0xfe,
    0x4e, 0x0, 0x60, 0xf, 0x10, 0x0, 0xc0, 0x22,
    0x0, 0x11, 0x0, 0x3a, 0x80, 0x1c, 0x1, 0x9,
    0x80, 0x3c, 0xc0, 0x3, 0x26, 0x0, 0x60, 0xd,
    0x0, 0x2, 0xcf, 0xee, 0x30, 0x1, 0xc4, 0x3,
    0x25, 0x0, 0x61, 0x0, 0x9a, 0x0, 0x3c, 0xba,
    0xe4, 0x0, 0x25, 0xb9, 0x0, 0xfc, 0x51, 0xbf,
    0xed, 0xa4, 0x0, 0xff, 0xe0, 0xa, 0x0, 0x7f,
    0xf0, 0x87, 0xee, 0x80, 0x3f, 0xf8, 0x2a, 0x20,
    0x80, 0x1f, 0xfc, 0x14, 0x40, 0x40, 0x7, 0xe0,

    /* U+1EF1 "ự" */
    0x0, 0xff, 0x27, 0xf8, 0x80, 0x3f, 0xc4, 0x0,
    0x36, 0xff, 0x40, 0x4, 0x9f, 0xe9, 0x0, 0x8,
    0x7, 0xfc, 0x34, 0x1, 0xff, 0x2f, 0x28, 0x7,
    0xff, 0xd0, 0x80, 0x3c, 0x60, 0x4, 0x0, 0xb4,
    0x3, 0xce, 0x0, 0x3b, 0x7b, 0x40, 0xf, 0x12,
    0x80, 0x12, 0x11, 0x80, 0x3e, 0xa6, 0x10, 0x2b,
    0xd0, 0xf, 0xd3, 0xdf, 0xa8, 0x8f, 0xf5, 0x0,
    0x7c, 0x28, 0x1, 0xff, 0xc0, 0xcb, 0xc0, 0xf,
    0xf1, 0x10, 0xc, 0x3, 0xfc, 0x4a, 0xe, 0x1,
    0xf0,

    /* U+1EF2 "Ỳ" */
    0x0, 0xcd, 0xfe, 0x50, 0xf, 0xf9, 0x8c, 0x24,
    0x3, 0xff, 0x81, 0xe0, 0x68, 0x1, 0xff, 0x1b,
    0x7, 0x80, 0x7f, 0xf0, 0x27, 0xec, 0x3, 0xff,
    0x92, 0x7f, 0xf0, 0x80, 0x7a, 0xbf, 0xd4, 0x6a,
    0x0, 0x90, 0xe, 0x25, 0x0, 0x40, 0x40, 0x1,
    0xc4, 0x3, 0x40, 0x1, 0xc8, 0x9, 0x80, 0x10,
    0x1, 0x1a, 0x80, 0xc8, 0x5, 0x0, 0x6, 0x20,
    0x4, 0x0, 0x24, 0x40, 0x21, 0x80, 0x4, 0x2,
    0x20, 0x5, 0xc0, 0x39, 0xc4, 0x14, 0xe0, 0x1,
    0x60, 0x1f, 0x40, 0x3, 0x4c, 0xd, 0x40, 0x3e,
    0x62, 0x1, 0x0, 0x40, 0x7, 0xf4, 0x80, 0x48,
    0x80, 0xf, 0xe4, 0x20, 0x7, 0x80, 0x7f, 0xc2,
    0x0, 0x70, 0xf, 0xff, 0xa8,

    /* U+1EF3 "ỳ" */
    0x0, 0xab, 0xfc, 0x20, 0x1f, 0xd6, 0x0, 0x90,
    0xf, 0xe1, 0x80, 0x60, 0xf, 0xf3, 0x90, 0xb0,
    0x7, 0xfb, 0x7d, 0x80, 0x3f, 0xf8, 0xc5, 0xfe,
    0xd0, 0xe, 0xbf, 0xf1, 0x91, 0x81, 0x10, 0x2,
    0x14, 0x2, 0x30, 0xa0, 0x5, 0x0, 0x4e, 0x0,
    0x50, 0x3, 0x0, 0x18, 0x2, 0xa0, 0x5, 0x0,
    0x4a, 0x2, 0x60, 0x26, 0x6, 0x40, 0x17, 0x0,
    0x28, 0x18, 0x1, 0x40, 0x19, 0x4, 0x1c, 0x2c,
    0x0, 0xc0, 0x1c, 0xc0, 0x2c, 0x60, 0xa0, 0x1e,
    0xa0, 0x4, 0x80, 0x38, 0x3, 0xc4, 0x60, 0x11,
    0x20, 0x7, 0xd4, 0x1, 0x28, 0x7, 0xe7, 0x0,
    0xa8, 0x3, 0xf3, 0x80, 0x14, 0x80, 0x30, 0xbb,
    0xae, 0x40, 0x10, 0x1, 0xc7, 0x10, 0x40, 0x5,
    0x90, 0x7, 0xe1, 0x6d, 0x40, 0xf, 0x0,

    /* U+1EF4 "Ỵ" */
    0x3f, 0xf8, 0x40, 0x3d, 0x5f, 0xea, 0x35, 0x0,
    0x48, 0x7, 0x12, 0x80, 0x20, 0x20, 0x0, 0xe2,
    0x1, 0xa0, 0x0, 0xe4, 0x4, 0xc0, 0x8, 0x0,
    0x8d, 0x40, 0x64, 0x2, 0x80, 0x3, 0x10, 0x2,
    0x0, 0x12, 0x20, 0x10, 0xc0, 0x2, 0x1, 0x10,
    0x2, 0xe0, 0x1c, 0xe2, 0xa, 0x70, 0x0, 0xb0,
    0xf, 0xa0, 0x1, 0xa6, 0x6, 0xa0, 0x1f, 0x31,
    0x0, 0x80, 0x20, 0x3, 0xfa, 0x40, 0x24, 0x40,
    0x7, 0xf2, 0x10, 0x3, 0xc0, 0x3f, 0xe1, 0x0,
    0x38, 0x7, 0xff, 0xef, 0x3f, 0xc6, 0x1, 0xff,
    0xce, 0x5f, 0xc0, 0xf, 0xfe, 0x4, 0x1, 0xa8,
    0x7, 0xfc, 0x80, 0x7, 0x0, 0xff, 0xa6, 0xf8,
    0x80, 0x38,

    /* U+1EF5 "ỵ" */
    0x2f, 0xf6, 0x80, 0x75, 0xff, 0x8c, 0x8c, 0x8,
    0x80, 0x10, 0xa0, 0x11, 0x85, 0x0, 0x28, 0x2,
    0x70, 0x2, 0x80, 0x18, 0x0, 0xc0, 0x15, 0x0,
    0x28, 0x2, 0x50, 0x13, 0x1, 0x30, 0x32, 0x0,
    0xb8, 0x1, 0x40, 0xc0, 0xa, 0x0, 0xc8, 0x20,
    0xe1, 0x60, 0x6, 0x0, 0xe6, 0x1, 0x63, 0x5,
    0x0, 0xf5, 0x0, 0x24, 0x1, 0xc0, 0x1e, 0x23,
    0x0, 0x89, 0x0, 0x3e, 0xa0, 0x9, 0x40, 0x3f,
    0x38, 0x5, 0x40, 0x1f, 0x9c, 0x0, 0xa4, 0x1,
    0x85, 0xdd, 0x72, 0x0, 0x80, 0x45, 0x0, 0x1c,
    0x41, 0x0, 0x16, 0x4b, 0x74, 0xe0, 0x18, 0x5b,
    0x50, 0x34, 0x1, 0xa0, 0x5f, 0xee, 0x92, 0x0,
    0x51, 0xc, 0x80,

    /* U+1EF6 "Ỷ" */
    0x0, 0xe1, 0xbf, 0xe7, 0x0, 0xff, 0x5a, 0x20,
    0xe1, 0x40, 0x3f, 0xbe, 0x6e, 0xc1, 0xa0, 0x1f,
    0xca, 0xcb, 0x1, 0x60, 0x1f, 0xe1, 0xa0, 0xc3,
    0x0, 0xff, 0xc, 0x51, 0x80, 0x7f, 0xf0, 0x1d,
    0x0, 0x3c, 0x7f, 0xf0, 0x80, 0x7a, 0xbf, 0xd4,
    0x6a, 0x0, 0x90, 0xe, 0x25, 0x0, 0x40, 0x40,
    0x1, 0xc4, 0x3, 0x40, 0x1, 0xc8, 0x9, 0x80,
    0x10, 0x1, 0x1a, 0x80, 0xc8, 0x5, 0x0, 0x6,
    0x20, 0x4, 0x0, 0x24, 0x40, 0x21, 0x80, 0x4,
    0x2, 0x20, 0x5, 0xc0, 0x39, 0xc4, 0x14, 0xe0,
    0x1, 0x60, 0x1f, 0x40, 0x3, 0x4c, 0xd, 0x40,
    0x3e, 0x62, 0x1, 0x0, 0x40, 0x7, 0xf4, 0x80,
    0x48, 0x80, 0xf, 0xe4, 0x20, 0x7, 0x80, 0x7f,
    0xc2, 0x0, 0x70, 0xf, 0xff, 0xa8,

    /* U+1EF7 "ỷ" */
    0x0, 0xe6, 0x86, 0x0, 0xfe, 0xa9, 0x79, 0xd0,
    0xf, 0xce, 0x9c, 0x84, 0x60, 0x1f, 0x6d, 0xaa,
    0x80, 0x80, 0x3f, 0x25, 0x9e, 0x8, 0x7, 0xe7,
    0x77, 0x18, 0x7, 0xf1, 0xc1, 0x80, 0x71, 0x7f,
    0xb4, 0x3, 0xaf, 0xfc, 0x64, 0x60, 0x44, 0x0,
    0x85, 0x0, 0x8c, 0x28, 0x1, 0x40, 0x13, 0x80,
    0x14, 0x0, 0xc0, 0x6, 0x0, 0xa8, 0x1, 0x40,
    0x12, 0x80, 0x98, 0x9, 0x81, 0x90, 0x5, 0xc0,
    0xa, 0x6, 0x0, 0x50, 0x6, 0x41, 0x7, 0xb,
    0x0, 0x30, 0x7, 0x30, 0xb, 0x18, 0x28, 0x7,
    0xa8, 0x1, 0x20, 0xe, 0x0, 0xf1, 0x18, 0x4,
    0x48, 0x1, 0xf5, 0x0, 0x4a, 0x1, 0xf9, 0xc0,
    0x2a, 0x0, 0xfc, 0xe0, 0x5, 0x20, 0xc, 0x2e,
    0xeb, 0x90, 0x4, 0x0, 0x71, 0xc4, 0x10, 0x1,
    0x64, 0x1, 0xf8, 0x5b, 0x50, 0x3, 0xc0,

    /* U+1EF8 "Ỹ" */
    0x0, 0xea, 0xc5, 0x3, 0xd5, 0x0, 0xfa, 0x14,
    0xe9, 0x94, 0x80, 0x3f, 0x20, 0xf1, 0xcc, 0x81,
    0x0, 0x3f, 0x28, 0xe2, 0x94, 0x88, 0x7, 0xd9,
    0x60, 0xa, 0xd6, 0x0, 0xff, 0xe3, 0x9f, 0xfc,
    0x20, 0x1e, 0xaf, 0xf5, 0x1a, 0x80, 0x24, 0x3,
    0x89, 0x40, 0x10, 0x10, 0x0, 0x71, 0x0, 0xd0,
    0x0, 0x72, 0x2, 0x60, 0x4, 0x0, 0x46, 0xa0,
    0x32, 0x1, 0x40, 0x1, 0x88, 0x1, 0x0, 0x9,
    0x10, 0x8, 0x60, 0x1, 0x0, 0x88, 0x1, 0x70,
    0xe, 0x71, 0x5, 0x38, 0x0, 0x58, 0x7, 0xd0,
    0x0, 0xd3, 0x3, 0x50, 0xf, 0x98, 0x80, 0x40,
    0x10, 0x1, 0xfd, 0x20, 0x12, 0x20, 0x3, 0xf9,
    0x8, 0x1, 0xe0, 0x1f, 0xf0, 0x80, 0x1c, 0x3,
    0xff, 0xea,

    /* U+1EF9 "ỹ" */
    0x0, 0x97, 0xb9, 0x1, 0x3e, 0x20, 0x1d, 0x62,
    0x27, 0xf6, 0x11, 0x0, 0x62, 0x16, 0xf7, 0x11,
    0x58, 0x7, 0x17, 0xc8, 0x47, 0x71, 0x40, 0x3f,
    0xf8, 0x85, 0xfe, 0xd0, 0xe, 0xbf, 0xf1, 0x91,
    0x81, 0x10, 0x2, 0x14, 0x2, 0x30, 0xa0, 0x5,
    0x0, 0x4e, 0x0, 0x50, 0x3, 0x0, 0x18, 0x2,
    0xa0, 0x5, 0x0, 0x4a, 0x2, 0x60, 0x26, 0x6,
    0x40, 0x17, 0x0, 0x28, 0x18, 0x1, 0x40, 0x19,
    0x4, 0x1c, 0x2c, 0x0, 0xc0, 0x1c, 0xc0, 0x2c,
    0x60, 0xa0, 0x1e, 0xa0, 0x4, 0x80, 0x38, 0x3,
    0xc4, 0x60, 0x11, 0x20, 0x7, 0xd4, 0x1, 0x28,
    0x7, 0xe7, 0x0, 0xa8, 0x3, 0xf3, 0x80, 0x14,
    0x80, 0x30, 0xbb, 0xae, 0x40, 0x10, 0x1, 0xc7,
    0x10, 0x40, 0x5, 0x90, 0x7, 0xe1, 0x6d, 0x40,
    0xf, 0x0,

    /* U+2013 "–" */
    0x26, 0x6f, 0xe4, 0x59, 0x9f, 0xe8, 0x0, 0xff,
    0x80,

    /* U+2014 "—" */
    0x26, 0x6f, 0xfe, 0x9, 0xac, 0xcf, 0xff, 0x6,
    0xc0, 0x3f, 0xf8, 0x60,

    /* U+2018 "‘" */
    0x0, 0xb9, 0x80, 0x12, 0x4c, 0x8, 0xde, 0x0,
    0x80, 0xd2, 0x3, 0x1, 0x50, 0x40, 0x2, 0x5,
    0xdb, 0x4c,

    /* U+2019 "’" */
    0x6, 0xfc, 0x10, 0x80, 0x39, 0x5, 0x0, 0x78,
    0x52, 0x3, 0x0, 0x16, 0x44, 0x20, 0x98, 0x1,
    0xfc, 0x0,

    /* U+201A "‚" */
    0x1, 0x53, 0x0, 0x6d, 0x61, 0x81, 0x80, 0x10,
    0x1c, 0x0, 0x81, 0x8, 0x83, 0x5, 0x49, 0x0,
    0x5c, 0x90, 0x0,

    /* U+201C "“" */
    0x0, 0xf, 0x20, 0x2, 0x30, 0x2, 0xa5, 0x40,
    0x37, 0xf0, 0x2, 0xa4, 0x80, 0x39, 0x8c, 0x1,
    0x1, 0xe2, 0xa4, 0xce, 0x2, 0x40, 0x4f, 0x80,
    0x9, 0x1, 0x30, 0x2, 0x60, 0x1, 0x0, 0x19,
    0x7a, 0x4b, 0xb7, 0x40,

    /* U+201D "”" */
    0x3d, 0xe4, 0x9, 0xfa, 0x9, 0x21, 0x82, 0x60,
    0x54, 0xd0, 0x3, 0x90, 0x4, 0xee, 0x80, 0xf0,
    0xd2, 0x33, 0x6, 0x22, 0x1, 0x8b, 0xc1, 0x55,
    0x40, 0x9, 0x73, 0x1, 0xd1, 0x1, 0xb8, 0x0,
    0x0,

    /* U+2022 "•" */
    0x0, 0x47, 0x7d, 0x98, 0x2, 0xdc, 0x41, 0x30,
    0x8d, 0x0, 0x3a, 0xd4, 0x3, 0xca, 0x40, 0x1e,
    0x74, 0x10, 0xe, 0xe0, 0xd1, 0x0, 0xa1, 0x40,
    0xfa, 0xed, 0xce, 0x0,

    /* U+2026 "…" */
    0x2, 0x62, 0x0, 0x91, 0x80, 0x33, 0x20, 0xe,
    0x4e, 0x88, 0x35, 0xcd, 0x0, 0x2e, 0x6d, 0xc,
    0x40, 0x6, 0x1c, 0x0, 0x70, 0x2, 0x80, 0xc,
    0x98, 0x14, 0x82, 0x88, 0x60, 0x1, 0x62, 0x6c
};


/*---------------------
 *  GLYPH DESCRIPTION
 *--------------------*/

static const lv_font_fmt_txt_glyph_dsc_t glyph_dsc[] = {
    {.bitmap_index = 0, .adv_w = 0, .box_w = 0, .box_h = 0, .ofs_x = 0, .ofs_y = 0} /* id = 0 reserved */,
    {.bitmap_index = 0, .adv_w = 81, .box_w = 0, .box_h = 0, .ofs_x = 0, .ofs_y = 0},
    {.bitmap_index = 0, .adv_w = 113, .box_w = 5, .box_h = 16, .ofs_x = 1, .ofs_y = 0},
    {.bitmap_index = 29, .adv_w = 129, .box_w = 7, .box_h = 5, .ofs_x = 1, .ofs_y = 11},
    {.bitmap_index = 47, .adv_w = 293, .box_w = 17, .box_h = 16, .ofs_x = 1, .ofs_y = 0},
    {.bitmap_index = 166, .adv_w = 228, .box_w = 14, .box_h = 21, .ofs_x = 0, .ofs_y = -2},
    {.bitmap_index = 291, .adv_w = 304, .box_w = 17, .box_h = 16, .ofs_x = 1, .ofs_y = 0},
    {.bitmap_index = 410, .adv_w = 266, .box_w = 15, .box_h = 16, .ofs_x = 1, .ofs_y = 0},
    {.bitmap_index = 522, .adv_w = 73, .box_w = 4, .box_h = 5, .ofs_x = 1, .ofs_y = 11},
    {.bitmap_index = 532, .adv_w = 158, .box_w = 9, .box_h = 24, .ofs_x = 0, .ofs_y = -5},
    {.bitmap_index = 619, .adv_w = 158, .box_w = 9, .box_h = 24, .ofs_x = 0, .ofs_y = -5},
    {.bitmap_index = 710, .adv_w = 179, .box_w = 11, .box_h = 10, .ofs_x = 0, .ofs_y = 6},
    {.bitmap_index = 759, .adv_w = 224, .box_w = 10, .box_h = 9, .ofs_x = 2, .ofs_y = 3},
    {.bitmap_index = 789, .adv_w = 117, .box_w = 5, .box_h = 7, .ofs_x = 1, .ofs_y = -3},
    {.bitmap_index = 808, .adv_w = 214, .box_w = 9, .box_h = 3, .ofs_x = 2, .ofs_y = 6},
    {.bitmap_index = 816, .adv_w = 112, .box_w = 5, .box_h = 4, .ofs_x = 1, .ofs_y = 0},
    {.bitmap_index = 827, .adv_w = 186, .box_w = 12, .box_h = 22, .ofs_x = 0, .ofs_y = -4},
    {.bitmap_index = 913, .adv_w = 244, .box_w = 15, .box_h = 16, .ofs_x = 0, .ofs_y = 0},
    {.bitmap_index = 1019, .adv_w = 146, .box_w = 7, .box_h = 16, .ofs_x = 0, .ofs_y = 0},
    {.bitmap_index = 1039, .adv_w = 232, .box_w = 13, .box_h = 16, .ofs_x = 1, .ofs_y = 0},
    {.bitmap_index = 1126, .adv_w = 237, .box_w = 13, .box_h = 16, .ofs_x = 1, .ofs_y = 0},
    {.bitmap_index = 1221, .adv_w = 252, .box_w = 14, .box_h = 16, .ofs_x = 1, .ofs_y = 0},
    {.bitmap_index = 1289, .adv_w = 237, .box_w = 13, .box_h = 16, .ofs_x = 1, .ofs_y = 0},
    {.bitmap_index = 1381, .adv_w = 244, .box_w = 13, .box_h = 16, .ofs_x = 1, .ofs_y = 0},
    {.bitmap_index = 1481, .adv_w = 210, .box_w = 13, .box_h = 16, .ofs_x = 0, .ofs_y = 0},
    {.bitmap_index = 1548, .adv_w = 231, .box_w = 13, .box_h = 16, .ofs_x = 1, .ofs_y = 0},
    {.bitmap_index = 1651, .adv_w = 244, .box_w = 13, .box_h = 16, .ofs_x = 1, .ofs_y = 0},
    {.bitmap_index = 1751, .adv_w = 112, .box_w = 5, .box_h = 12, .ofs_x = 1, .ofs_y = 0},
    {.bitmap_index = 1776, .adv_w = 117, .box_w = 5, .box_h = 15, .ofs_x = 1, .ofs_y = -3},
    {.bitmap_index = 1809, .adv_w = 200, .box_w = 10, .box_h = 11, .ofs_x = 1, .ofs_y = 2},
    {.bitmap_index = 1857, .adv_w = 262, .box_w = 12, .box_h = 8, .ofs_x = 2, .ofs_y = 3},
    {.bitmap_index = 1883, .adv_w = 200, .box_w = 10, .box_h = 11, .ofs_x = 1, .ofs_y = 2},
    {.bitmap_index = 1930, .adv_w = 213, .box_w = 12, .box_h = 16, .ofs_x = 1, .ofs_y = 0},
    {.bitmap_index = 2009, .adv_w = 357, .box_w = 22, .box_h = 19, .ofs_x = 0, .ofs_y = -3},
    {.bitmap_index = 2196, .adv_w = 267, .box_w = 16, .box_h = 16, .ofs_x = 0, .ofs_y = 0},
    {.bitmap_index = 2295, .adv_w = 246, .box_w = 14, .box_h = 16, .ofs_x = 1, .ofs_y = 0},
    {.bitmap_index = 2376, .adv_w = 274, .box_w = 17, .box_h = 16, .ofs_x = 0, .ofs_y = 0},
    {.bitmap_index = 2487, .adv_w = 262, .box_w = 15, .box_h = 16, .ofs_x = 1, .ofs_y = 0},
    {.bitmap_index = 2568, .adv_w = 223, .box_w = 12, .box_h = 16, .ofs_x = 1, .ofs_y = 0},
    {.bitmap_index = 2610, .adv_w = 225, .box_w = 12, .box_h = 16, .ofs_x = 1, .ofs_y = 0},
    {.bitmap_index = 2642, .adv_w = 277, .box_w = 17, .box_h = 16, .ofs_x = 0, .ofs_y = 0},
    {.bitmap_index = 2760, .adv_w = 255, .box_w = 14, .box_h = 16, .ofs_x = 1, .ofs_y = 0},
    {.bitmap_index = 2788, .adv_w = 99, .box_w = 4, .box_h = 16, .ofs_x = 1, .ofs_y = 0},
    {.bitmap_index = 2794, .adv_w = 170, .box_w = 10, .box_h = 16, .ofs_x = 0, .ofs_y = 0},
    {.bitmap_index = 2826, .adv_w = 247, .box_w = 14, .box_h = 16, .ofs_x = 1, .ofs_y = 0},
    {.bitmap_index = 2906, .adv_w = 224, .box_w = 12, .box_h = 16, .ofs_x = 1, .ofs_y = 0},
    {.bitmap_index = 2926, .adv_w = 309, .box_w = 17, .box_h = 16, .ofs_x = 1, .ofs_y = 0},
    {.bitmap_index = 3011, .adv_w = 262, .box_w = 14, .box_h = 16, .ofs_x = 1, .ofs_y = 0},
    {.bitmap_index = 3081, .adv_w = 291, .box_w = 18, .box_h = 16, .ofs_x = 0, .ofs_y = 0},
    {.bitmap_index = 3203, .adv_w = 235, .box_w = 13, .box_h = 16, .ofs_x = 1, .ofs_y = 0},
    {.bitmap_index = 3263, .adv_w = 290, .box_w = 18, .box_h = 16, .ofs_x = 0, .ofs_y = 0},
    {.bitmap_index = 3391, .adv_w = 245, .box_w = 13, .box_h = 16, .ofs_x = 1, .ofs_y = 0},
    {.bitmap_index = 3468, .adv_w = 231, .box_w = 14, .box_h = 16, .ofs_x = 0, .ofs_y = 0},
    {.bitmap_index = 3576, .adv_w = 237, .box_w = 14, .box_h = 16, .ofs_x = 0, .ofs_y = 0},
    {.bitmap_index = 3604, .adv_w = 258, .box_w = 14, .box_h = 16, .ofs_x = 1, .ofs_y = 0},
    {.bitmap_index = 3657, .adv_w = 258, .box_w = 16, .box_h = 16, .ofs_x = 0, .ofs_y = 0},
    {.bitmap_index = 3762, .adv_w = 366, .box_w = 23, .box_h = 16, .ofs_x = 0, .ofs_y = 0},
    {.bitmap_index = 3927, .adv_w = 265, .box_w = 15, .box_h = 16, .ofs_x = 1, .ofs_y = 0},
    {.bitmap_index = 4028, .adv_w = 247, .box_w = 15, .box_h = 16, .ofs_x = 0, .ofs_y = 0},
    {.bitmap_index = 4104, .adv_w = 234, .box_w = 13, .box_h = 16, .ofs_x = 1, .ofs_y = 0},
    {.bitmap_index = 4174, .adv_w = 172, .box_w = 8, .box_h = 24, .ofs_x = 1, .ofs_y = -4},
    {.bitmap_index = 4198, .adv_w = 181, .box_w = 11, .box_h = 22, .ofs_x = 0, .ofs_y = -4},
    {.bitmap_index = 4281, .adv_w = 172, .box_w = 9, .box_h = 24, .ofs_x = 1, .ofs_y = -4},
    {.bitmap_index = 4308, .adv_w = 209, .box_w = 9, .box_h = 4, .ofs_x = 2, .ofs_y = 13},
    {.bitmap_index = 4326, .adv_w = 255, .box_w = 12, .box_h = 3, .ofs_x = 2, .ofs_y = -2},
    {.bitmap_index = 4336, .adv_w = 92, .box_w = 6, .box_h = 4, .ofs_x = 0, .ofs_y = 13},
    {.bitmap_index = 4349, .adv_w = 230, .box_w = 12, .box_h = 12, .ofs_x = 1, .ofs_y = 0},
    {.bitmap_index = 4413, .adv_w = 233, .box_w = 13, .box_h = 17, .ofs_x = 1, .ofs_y = 0},
    {.bitmap_index = 4482, .adv_w = 220, .box_w = 12, .box_h = 12, .ofs_x = 1, .ofs_y = 0},
    {.bitmap_index = 4551, .adv_w = 233, .box_w = 12, .box_h = 17, .ofs_x = 1, .ofs_y = 0},
    {.bitmap_index = 4619, .adv_w = 215, .box_w = 12, .box_h = 12, .ofs_x = 1, .ofs_y = 0},
    {.bitmap_index = 4685, .adv_w = 141, .box_w = 9, .box_h = 17, .ofs_x = 0, .ofs_y = 0},
    {.bitmap_index = 4726, .adv_w = 230, .box_w = 13, .box_h = 16, .ofs_x = 1, .ofs_y = -4},
    {.bitmap_index = 4821, .adv_w = 211, .box_w = 11, .box_h = 17, .ofs_x = 1, .ofs_y = 0},
    {.bitmap_index = 4858, .adv_w = 100, .box_w = 4, .box_h = 17, .ofs_x = 1, .ofs_y = 0},
    {.bitmap_index = 4874, .adv_w = 103, .box_w = 7, .box_h = 21, .ofs_x = -1, .ofs_y = -4},
    {.bitmap_index = 4912, .adv_w = 206, .box_w = 12, .box_h = 17, .ofs_x = 1, .ofs_y = 0},
    {.bitmap_index = 4969, .adv_w = 98, .box_w = 4, .box_h = 17, .ofs_x = 1, .ofs_y = 0},
    {.bitmap_index = 4975, .adv_w = 315, .box_w = 18, .box_h = 12, .ofs_x = 1, .ofs_y = 0},
    {.bitmap_index = 5029, .adv_w = 208, .box_w = 11, .box_h = 12, .ofs_x = 1, .ofs_y = 0},
    {.bitmap_index = 5060, .adv_w = 230, .box_w = 13, .box_h = 12, .ofs_x = 1, .ofs_y = 0},
    {.bitmap_index = 5134, .adv_w = 233, .box_w = 13, .box_h = 16, .ofs_x = 1, .ofs_y = -4},
    {.bitmap_index = 5208, .adv_w = 233, .box_w = 12, .box_h = 16, .ofs_x = 1, .ofs_y = -4},
    {.bitmap_index = 5278, .adv_w = 146, .box_w = 8, .box_h = 12, .ofs_x = 1, .ofs_y = 0},
    {.bitmap_index = 5303, .adv_w = 186, .box_w = 10, .box_h = 12, .ofs_x = 1, .ofs_y = 0},
    {.bitmap_index = 5365, .adv_w = 153, .box_w = 9, .box_h = 15, .ofs_x = 0, .ofs_y = 0},
    {.bitmap_index = 5408, .adv_w = 205, .box_w = 11, .box_h = 12, .ofs_x = 1, .ofs_y = 0},
    {.bitmap_index = 5440, .adv_w = 207, .box_w = 13, .box_h = 12, .ofs_x = 0, .ofs_y = 0},
    {.bitmap_index = 5509, .adv_w = 309, .box_w = 19, .box_h = 12, .ofs_x = 0, .ofs_y = 0},
    {.bitmap_index = 5618, .adv_w = 208, .box_w = 13, .box_h = 12, .ofs_x = 0, .ofs_y = 0},
    {.bitmap_index = 5687, .adv_w = 208, .box_w = 13, .box_h = 16, .ofs_x = 0, .ofs_y = -4},
    {.bitmap_index = 5775, .adv_w = 181, .box_w = 11, .box_h = 12, .ofs_x = 0, .ofs_y = 0},
    {.bitmap_index = 5825, .adv_w = 163, .box_w = 10, .box_h = 24, .ofs_x = 0, .ofs_y = -4},
    {.bitmap_index = 5889, .adv_w = 150, .box_w = 3, .box_h = 27, .ofs_x = 3, .ofs_y = -5},
    {.bitmap_index = 5896, .adv_w = 163, .box_w = 10, .box_h = 24, .ofs_x = 0, .ofs_y = -4},
    {.bitmap_index = 5963, .adv_w = 170, .box_w = 9, .box_h = 3, .ofs_x = 1, .ofs_y = 7},
    {.bitmap_index = 5977, .adv_w = 81, .box_w = 0, .box_h = 0, .ofs_x = 0, .ofs_y = 0},
    {.bitmap_index = 5977, .adv_w = 113, .box_w = 5, .box_h = 17, .ofs_x = 1, .ofs_y = -5},
    {.bitmap_index = 6009, .adv_w = 220, .box_w = 12, .box_h = 16, .ofs_x = 1, .ofs_y = -2},
    {.bitmap_index = 6091, .adv_w = 228, .box_w = 12, .box_h = 16, .ofs_x = 1, .ofs_y = 0},
    {.bitmap_index = 6171, .adv_w = 226, .box_w = 13, .box_h = 13, .ofs_x = 1, .ofs_y = 2},
    {.bitmap_index = 6246, .adv_w = 247, .box_w = 15, .box_h = 16, .ofs_x = 0, .ofs_y = 0},
    {.bitmap_index = 6337, .adv_w = 150, .box_w = 3, .box_h = 27, .ofs_x = 3, .ofs_y = -5},
    {.bitmap_index = 6354, .adv_w = 248, .box_w = 15, .box_h = 24, .ofs_x = 0, .ofs_y = -5},
    {.bitmap_index = 6520, .adv_w = 136, .box_w = 10, .box_h = 4, .ofs_x = 0, .ofs_y = 13},
    {.bitmap_index = 6541, .adv_w = 285, .box_w = 17, .box_h = 16, .ofs_x = 0, .ofs_y = 0},
    {.bitmap_index = 6667, .adv_w = 150, .box_w = 8, .box_h = 8, .ofs_x = 1, .ofs_y = 9},
    {.bitmap_index = 6698, .adv_w = 249, .box_w = 15, .box_h = 10, .ofs_x = 0, .ofs_y = 2},
    {.bitmap_index = 6769, .adv_w = 231, .box_w = 12, .box_h = 6, .ofs_x = 1, .ofs_y = 6},
    {.bitmap_index = 6787, .adv_w = 211, .box_w = 9, .box_h = 3, .ofs_x = 2, .ofs_y = 6},
    {.bitmap_index = 6795, .adv_w = 152, .box_w = 9, .box_h = 8, .ofs_x = 0, .ofs_y = 8},
    {.bitmap_index = 6832, .adv_w = 128, .box_w = 8, .box_h = 2, .ofs_x = 0, .ofs_y = 14},
    {.bitmap_index = 6838, .adv_w = 166, .box_w = 9, .box_h = 9, .ofs_x = 1, .ofs_y = 9},
    {.bitmap_index = 6876, .adv_w = 233, .box_w = 10, .box_h = 12, .ofs_x = 2, .ofs_y = 0},
    {.bitmap_index = 6911, .adv_w = 158, .box_w = 8, .box_h = 9, .ofs_x = 1, .ofs_y = 9},
    {.bitmap_index = 6947, .adv_w = 163, .box_w = 8, .box_h = 9, .ofs_x = 1, .ofs_y = 9},
    {.bitmap_index = 6984, .adv_w = 92, .box_w = 5, .box_h = 4, .ofs_x = 0, .ofs_y = 13},
    {.bitmap_index = 6995, .adv_w = 221, .box_w = 14, .box_h = 16, .ofs_x = 0, .ofs_y = -4},
    {.bitmap_index = 7051, .adv_w = 192, .box_w = 11, .box_h = 16, .ofs_x = 0, .ofs_y = 0},
    {.bitmap_index = 7087, .adv_w = 101, .box_w = 5, .box_h = 4, .ofs_x = 1, .ofs_y = 7},
    {.bitmap_index = 7097, .adv_w = 88, .box_w = 6, .box_h = 6, .ofs_x = -1, .ofs_y = -6},
    {.bitmap_index = 7116, .adv_w = 116, .box_w = 6, .box_h = 9, .ofs_x = 0, .ofs_y = 9},
    {.bitmap_index = 7130, .adv_w = 161, .box_w = 8, .box_h = 8, .ofs_x = 1, .ofs_y = 9},
    {.bitmap_index = 7163, .adv_w = 249, .box_w = 15, .box_h = 10, .ofs_x = 0, .ofs_y = 2},
    {.bitmap_index = 7235, .adv_w = 281, .box_w = 19, .box_h = 16, .ofs_x = 0, .ofs_y = 0},
    {.bitmap_index = 7347, .adv_w = 282, .box_w = 19, .box_h = 16, .ofs_x = 0, .ofs_y = 0},
    {.bitmap_index = 7459, .adv_w = 288, .box_w = 21, .box_h = 16, .ofs_x = 0, .ofs_y = 0},
    {.bitmap_index = 7590, .adv_w = 213, .box_w = 12, .box_h = 16, .ofs_x = 1, .ofs_y = -4},
    {.bitmap_index = 7669, .adv_w = 267, .box_w = 16, .box_h = 22, .ofs_x = 0, .ofs_y = 0},
    {.bitmap_index = 7793, .adv_w = 267, .box_w = 16, .box_h = 22, .ofs_x = 0, .ofs_y = 0},
    {.bitmap_index = 7917, .adv_w = 267, .box_w = 16, .box_h = 22, .ofs_x = 0, .ofs_y = 0},
    {.bitmap_index = 8044, .adv_w = 267, .box_w = 16, .box_h = 22, .ofs_x = 0, .ofs_y = 0},
    {.bitmap_index = 8173, .adv_w = 267, .box_w = 16, .box_h = 22, .ofs_x = 0, .ofs_y = 0},
    {.bitmap_index = 8304, .adv_w = 267, .box_w = 16, .box_h = 24, .ofs_x = 0, .ofs_y = 0},
    {.bitmap_index = 8439, .adv_w = 364, .box_w = 22, .box_h = 16, .ofs_x = 0, .ofs_y = 0},
    {.bitmap_index = 8547, .adv_w = 274, .box_w = 17, .box_h = 22, .ofs_x = 0, .ofs_y = -6},
    {.bitmap_index = 8691, .adv_w = 225, .box_w = 12, .box_h = 22, .ofs_x = 1, .ofs_y = 0},
    {.bitmap_index = 8755, .adv_w = 225, .box_w = 12, .box_h = 22, .ofs_x = 1, .ofs_y = 0},
    {.bitmap_index = 8819, .adv_w = 225, .box_w = 12, .box_h = 22, .ofs_x = 1, .ofs_y = 0},
    {.bitmap_index = 8887, .adv_w = 225, .box_w = 12, .box_h = 22, .ofs_x = 1, .ofs_y = 0},
    {.bitmap_index = 8960, .adv_w = 103, .box_w = 6, .box_h = 22, .ofs_x = -1, .ofs_y = 0},
    {.bitmap_index = 8986, .adv_w = 103, .box_w = 6, .box_h = 22, .ofs_x = 1, .ofs_y = 0},
    {.bitmap_index = 9011, .adv_w = 103, .box_w = 9, .box_h = 22, .ofs_x = -1, .ofs_y = 0},
    {.bitmap_index = 9044, .adv_w = 103, .box_w = 9, .box_h = 22, .ofs_x = -1, .ofs_y = 0},
    {.bitmap_index = 9078, .adv_w = 277, .box_w = 17, .box_h = 16, .ofs_x = 0, .ofs_y = 0},
    {.bitmap_index = 9178, .adv_w = 266, .box_w = 14, .box_h = 22, .ofs_x = 1, .ofs_y = 0},
    {.bitmap_index = 9277, .adv_w = 291, .box_w = 18, .box_h = 23, .ofs_x = 0, .ofs_y = 0},
    {.bitmap_index = 9425, .adv_w = 291, .box_w = 18, .box_h = 23, .ofs_x = 0, .ofs_y = 0},
    {.bitmap_index = 9573, .adv_w = 291, .box_w = 18, .box_h = 22, .ofs_x = 0, .ofs_y = 0},
    {.bitmap_index = 9725, .adv_w = 291, .box_w = 18, .box_h = 22, .ofs_x = 0, .ofs_y = 0},
    {.bitmap_index = 9872, .adv_w = 291, .box_w = 18, .box_h = 22, .ofs_x = 0, .ofs_y = 0},
    {.bitmap_index = 10026, .adv_w = 215, .box_w = 9, .box_h = 10, .ofs_x = 2, .ofs_y = 2},
    {.bitmap_index = 10069, .adv_w = 291, .box_w = 18, .box_h = 18, .ofs_x = 0, .ofs_y = -1},
    {.bitmap_index = 10218, .adv_w = 262, .box_w = 14, .box_h = 22, .ofs_x = 1, .ofs_y = 0},
    {.bitmap_index = 10294, .adv_w = 262, .box_w = 14, .box_h = 22, .ofs_x = 1, .ofs_y = 0},
    {.bitmap_index = 10370, .adv_w = 262, .box_w = 14, .box_h = 22, .ofs_x = 1, .ofs_y = 0},
    {.bitmap_index = 10451, .adv_w = 262, .box_w = 14, .box_h = 22, .ofs_x = 1, .ofs_y = 0},
    {.bitmap_index = 10535, .adv_w = 247, .box_w = 15, .box_h = 22, .ofs_x = 0, .ofs_y = 0},
    {.bitmap_index = 10635, .adv_w = 235, .box_w = 13, .box_h = 16, .ofs_x = 1, .ofs_y = 0},
    {.bitmap_index = 10700, .adv_w = 247, .box_w = 13, .box_h = 17, .ofs_x = 1, .ofs_y = 0},
    {.bitmap_index = 10794, .adv_w = 232, .box_w = 13, .box_h = 17, .ofs_x = 1, .ofs_y = 0},
    {.bitmap_index = 10882, .adv_w = 232, .box_w = 13, .box_h = 17, .ofs_x = 1, .ofs_y = 0},
    {.bitmap_index = 10970, .adv_w = 232, .box_w = 13, .box_h = 17, .ofs_x = 1, .ofs_y = 0},
    {.bitmap_index = 11063, .adv_w = 232, .box_w = 13, .box_h = 17, .ofs_x = 1, .ofs_y = 0},
    {.bitmap_index = 11154, .adv_w = 232, .box_w = 13, .box_h = 16, .ofs_x = 1, .ofs_y = 0},
    {.bitmap_index = 11245, .adv_w = 232, .box_w = 13, .box_h = 19, .ofs_x = 1, .ofs_y = 0},
    {.bitmap_index = 11346, .adv_w = 338, .box_w = 19, .box_h = 12, .ofs_x = 1, .ofs_y = 0},
    {.bitmap_index = 11457, .adv_w = 221, .box_w = 12, .box_h = 18, .ofs_x = 1, .ofs_y = -6},
    {.bitmap_index = 11553, .adv_w = 216, .box_w = 12, .box_h = 18, .ofs_x = 1, .ofs_y = 0},
    {.bitmap_index = 11639, .adv_w = 216, .box_w = 12, .box_h = 18, .ofs_x = 1, .ofs_y = 0},
    {.bitmap_index = 11725, .adv_w = 216, .box_w = 12, .box_h = 17, .ofs_x = 1, .ofs_y = 0},
    {.bitmap_index = 11816, .adv_w = 216, .box_w = 12, .box_h = 16, .ofs_x = 1, .ofs_y = 0},
    {.bitmap_index = 11905, .adv_w = 103, .box_w = 6, .box_h = 17, .ofs_x = -1, .ofs_y = 0},
    {.bitmap_index = 11927, .adv_w = 103, .box_w = 6, .box_h = 17, .ofs_x = 1, .ofs_y = 0},
    {.bitmap_index = 11949, .adv_w = 103, .box_w = 9, .box_h = 17, .ofs_x = -1, .ofs_y = 0},
    {.bitmap_index = 11981, .adv_w = 103, .box_w = 9, .box_h = 16, .ofs_x = -1, .ofs_y = 0},
    {.bitmap_index = 12010, .adv_w = 230, .box_w = 13, .box_h = 19, .ofs_x = 1, .ofs_y = 0},
    {.bitmap_index = 12122, .adv_w = 214, .box_w = 11, .box_h = 17, .ofs_x = 1, .ofs_y = 0},
    {.bitmap_index = 12177, .adv_w = 231, .box_w = 13, .box_h = 18, .ofs_x = 1, .ofs_y = 0},
    {.bitmap_index = 12272, .adv_w = 231, .box_w = 13, .box_h = 18, .ofs_x = 1, .ofs_y = 0},
    {.bitmap_index = 12367, .adv_w = 231, .box_w = 13, .box_h = 17, .ofs_x = 1, .ofs_y = 0},
    {.bitmap_index = 12466, .adv_w = 231, .box_w = 13, .box_h = 17, .ofs_x = 1, .ofs_y = 0},
    {.bitmap_index = 12563, .adv_w = 231, .box_w = 13, .box_h = 16, .ofs_x = 1, .ofs_y = 0},
    {.bitmap_index = 12661, .adv_w = 246, .box_w = 11, .box_h = 12, .ofs_x = 2, .ofs_y = 1},
    {.bitmap_index = 12706, .adv_w = 230, .box_w = 13, .box_h = 14, .ofs_x = 1, .ofs_y = -1},
    {.bitmap_index = 12793, .adv_w = 210, .box_w = 11, .box_h = 18, .ofs_x = 1, .ofs_y = 0},
    {.bitmap_index = 12846, .adv_w = 210, .box_w = 11, .box_h = 18, .ofs_x = 1, .ofs_y = 0},
    {.bitmap_index = 12899, .adv_w = 210, .box_w = 11, .box_h = 17, .ofs_x = 1, .ofs_y = 0},
    {.bitmap_index = 12956, .adv_w = 210, .box_w = 11, .box_h = 16, .ofs_x = 1, .ofs_y = 0},
    {.bitmap_index = 13010, .adv_w = 208, .box_w = 13, .box_h = 22, .ofs_x = 0, .ofs_y = -4},
    {.bitmap_index = 13121, .adv_w = 233, .box_w = 13, .box_h = 21, .ofs_x = 1, .ofs_y = -4},
    {.bitmap_index = 13197, .adv_w = 208, .box_w = 13, .box_h = 20, .ofs_x = 0, .ofs_y = -4},
    {.bitmap_index = 13311, .adv_w = 267, .box_w = 16, .box_h = 20, .ofs_x = 0, .ofs_y = 0},
    {.bitmap_index = 13424, .adv_w = 232, .box_w = 13, .box_h = 16, .ofs_x = 1, .ofs_y = 0},
    {.bitmap_index = 13505, .adv_w = 267, .box_w = 16, .box_h = 22, .ofs_x = 0, .ofs_y = 0},
    {.bitmap_index = 13634, .adv_w = 232, .box_w = 13, .box_h = 17, .ofs_x = 1, .ofs_y = 0},
    {.bitmap_index = 13728, .adv_w = 267, .box_w = 17, .box_h = 20, .ofs_x = 0, .ofs_y = -4},
    {.bitmap_index = 13853, .adv_w = 232, .box_w = 13, .box_h = 16, .ofs_x = 1, .ofs_y = -4},
    {.bitmap_index = 13939, .adv_w = 274, .box_w = 17, .box_h = 22, .ofs_x = 0, .ofs_y = 0},
    {.bitmap_index = 14076, .adv_w = 221, .box_w = 12, .box_h = 18, .ofs_x = 1, .ofs_y = 0},
    {.bitmap_index = 14166, .adv_w = 274, .box_w = 17, .box_h = 22, .ofs_x = 0, .ofs_y = 0},
    {.bitmap_index = 14302, .adv_w = 221, .box_w = 12, .box_h = 17, .ofs_x = 1, .ofs_y = 0},
    {.bitmap_index = 14391, .adv_w = 274, .box_w = 17, .box_h = 22, .ofs_x = 0, .ofs_y = 0},
    {.bitmap_index = 14532, .adv_w = 221, .box_w = 12, .box_h = 17, .ofs_x = 1, .ofs_y = 0},
    {.bitmap_index = 14626, .adv_w = 264, .box_w = 15, .box_h = 22, .ofs_x = 1, .ofs_y = 0},
    {.bitmap_index = 14736, .adv_w = 259, .box_w = 17, .box_h = 17, .ofs_x = 1, .ofs_y = 0},
    {.bitmap_index = 14831, .adv_w = 277, .box_w = 17, .box_h = 16, .ofs_x = 0, .ofs_y = 0},
    {.bitmap_index = 14931, .adv_w = 238, .box_w = 14, .box_h = 17, .ofs_x = 1, .ofs_y = 0},
    {.bitmap_index = 15014, .adv_w = 225, .box_w = 12, .box_h = 20, .ofs_x = 1, .ofs_y = 0},
    {.bitmap_index = 15071, .adv_w = 216, .box_w = 12, .box_h = 16, .ofs_x = 1, .ofs_y = 0},
    {.bitmap_index = 15151, .adv_w = 225, .box_w = 12, .box_h = 22, .ofs_x = 1, .ofs_y = 0},
    {.bitmap_index = 15214, .adv_w = 216, .box_w = 12, .box_h = 17, .ofs_x = 1, .ofs_y = 0},
    {.bitmap_index = 15299, .adv_w = 225, .box_w = 13, .box_h = 20, .ofs_x = 1, .ofs_y = -4},
    {.bitmap_index = 15359, .adv_w = 216, .box_w = 12, .box_h = 16, .ofs_x = 1, .ofs_y = -4},
    {.bitmap_index = 15443, .adv_w = 225, .box_w = 12, .box_h = 22, .ofs_x = 1, .ofs_y = 0},
    {.bitmap_index = 15512, .adv_w = 216, .box_w = 12, .box_h = 17, .ofs_x = 1, .ofs_y = 0},
    {.bitmap_index = 15602, .adv_w = 277, .box_w = 17, .box_h = 22, .ofs_x = 0, .ofs_y = 0},
    {.bitmap_index = 15750, .adv_w = 233, .box_w = 13, .box_h = 21, .ofs_x = 1, .ofs_y = -4},
    {.bitmap_index = 15869, .adv_w = 277, .box_w = 17, .box_h = 22, .ofs_x = 0, .ofs_y = 0},
    {.bitmap_index = 16012, .adv_w = 233, .box_w = 13, .box_h = 21, .ofs_x = 1, .ofs_y = -4},
    {.bitmap_index = 16127, .adv_w = 275, .box_w = 17, .box_h = 16, .ofs_x = 0, .ofs_y = 0},
    {.bitmap_index = 16182, .adv_w = 222, .box_w = 13, .box_h = 17, .ofs_x = 0, .ofs_y = 0},
    {.bitmap_index = 16235, .adv_w = 103, .box_w = 8, .box_h = 22, .ofs_x = -1, .ofs_y = 0},
    {.bitmap_index = 16266, .adv_w = 103, .box_w = 8, .box_h = 17, .ofs_x = -1, .ofs_y = 0},
    {.bitmap_index = 16293, .adv_w = 103, .box_w = 8, .box_h = 20, .ofs_x = -1, .ofs_y = 0},
    {.bitmap_index = 16311, .adv_w = 103, .box_w = 8, .box_h = 16, .ofs_x = -1, .ofs_y = 0},
    {.bitmap_index = 16330, .adv_w = 103, .box_w = 5, .box_h = 20, .ofs_x = 1, .ofs_y = -4},
    {.bitmap_index = 16346, .adv_w = 103, .box_w = 5, .box_h = 21, .ofs_x = 1, .ofs_y = -4},
    {.bitmap_index = 16374, .adv_w = 103, .box_w = 4, .box_h = 22, .ofs_x = 1, .ofs_y = 0},
    {.bitmap_index = 16391, .adv_w = 103, .box_w = 4, .box_h = 12, .ofs_x = 1, .ofs_y = 0},
    {.bitmap_index = 16397, .adv_w = 226, .box_w = 12, .box_h = 22, .ofs_x = 1, .ofs_y = 0},
    {.bitmap_index = 16438, .adv_w = 102, .box_w = 6, .box_h = 23, .ofs_x = 1, .ofs_y = 0},
    {.bitmap_index = 16463, .adv_w = 226, .box_w = 14, .box_h = 22, .ofs_x = -1, .ofs_y = 0},
    {.bitmap_index = 16512, .adv_w = 126, .box_w = 8, .box_h = 17, .ofs_x = 1, .ofs_y = 0},
    {.bitmap_index = 16537, .adv_w = 231, .box_w = 14, .box_h = 16, .ofs_x = 0, .ofs_y = 0},
    {.bitmap_index = 16579, .adv_w = 147, .box_w = 9, .box_h = 17, .ofs_x = 0, .ofs_y = 0},
    {.bitmap_index = 16610, .adv_w = 266, .box_w = 14, .box_h = 22, .ofs_x = 1, .ofs_y = 0},
    {.bitmap_index = 16702, .adv_w = 214, .box_w = 11, .box_h = 17, .ofs_x = 1, .ofs_y = 0},
    {.bitmap_index = 16753, .adv_w = 266, .box_w = 14, .box_h = 22, .ofs_x = 1, .ofs_y = 0},
    {.bitmap_index = 16850, .adv_w = 214, .box_w = 11, .box_h = 17, .ofs_x = 1, .ofs_y = 0},
    {.bitmap_index = 16906, .adv_w = 291, .box_w = 18, .box_h = 21, .ofs_x = 0, .ofs_y = 0},
    {.bitmap_index = 17043, .adv_w = 231, .box_w = 13, .box_h = 16, .ofs_x = 1, .ofs_y = 0},
    {.bitmap_index = 17130, .adv_w = 291, .box_w = 18, .box_h = 23, .ofs_x = 0, .ofs_y = 0},
    {.bitmap_index = 17283, .adv_w = 231, .box_w = 13, .box_h = 18, .ofs_x = 1, .ofs_y = 0},
    {.bitmap_index = 17386, .adv_w = 362, .box_w = 22, .box_h = 16, .ofs_x = 0, .ofs_y = 0},
    {.bitmap_index = 17499, .adv_w = 358, .box_w = 21, .box_h = 12, .ofs_x = 1, .ofs_y = 0},
    {.bitmap_index = 17613, .adv_w = 247, .box_w = 14, .box_h = 22, .ofs_x = 1, .ofs_y = 0},
    {.bitmap_index = 17715, .adv_w = 154, .box_w = 8, .box_h = 17, .ofs_x = 1, .ofs_y = 0},
    {.bitmap_index = 17757, .adv_w = 247, .box_w = 14, .box_h = 22, .ofs_x = 1, .ofs_y = 0},
    {.bitmap_index = 17864, .adv_w = 154, .box_w = 9, .box_h = 17, .ofs_x = 0, .ofs_y = 0},
    {.bitmap_index = 17912, .adv_w = 231, .box_w = 14, .box_h = 22, .ofs_x = 0, .ofs_y = 0},
    {.bitmap_index = 18041, .adv_w = 188, .box_w = 10, .box_h = 18, .ofs_x = 1, .ofs_y = 0},
    {.bitmap_index = 18123, .adv_w = 231, .box_w = 14, .box_h = 22, .ofs_x = 0, .ofs_y = -6},
    {.bitmap_index = 18257, .adv_w = 188, .box_w = 10, .box_h = 18, .ofs_x = 1, .ofs_y = -6},
    {.bitmap_index = 18344, .adv_w = 231, .box_w = 14, .box_h = 22, .ofs_x = 0, .ofs_y = 0},
    {.bitmap_index = 18480, .adv_w = 188, .box_w = 10, .box_h = 16, .ofs_x = 1, .ofs_y = 0},
    {.bitmap_index = 18560, .adv_w = 237, .box_w = 14, .box_h = 22, .ofs_x = 0, .ofs_y = -6},
    {.bitmap_index = 18616, .adv_w = 153, .box_w = 9, .box_h = 21, .ofs_x = 0, .ofs_y = -6},
    {.bitmap_index = 18682, .adv_w = 237, .box_w = 14, .box_h = 22, .ofs_x = 0, .ofs_y = 0},
    {.bitmap_index = 18740, .adv_w = 150, .box_w = 10, .box_h = 18, .ofs_x = 0, .ofs_y = 0},
    {.bitmap_index = 18801, .adv_w = 237, .box_w = 14, .box_h = 16, .ofs_x = 0, .ofs_y = 0},
    {.bitmap_index = 18847, .adv_w = 153, .box_w = 9, .box_h = 15, .ofs_x = 0, .ofs_y = 0},
    {.bitmap_index = 18902, .adv_w = 262, .box_w = 14, .box_h = 22, .ofs_x = 1, .ofs_y = 0},
    {.bitmap_index = 18984, .adv_w = 210, .box_w = 11, .box_h = 17, .ofs_x = 1, .ofs_y = 0},
    {.bitmap_index = 19039, .adv_w = 262, .box_w = 14, .box_h = 21, .ofs_x = 1, .ofs_y = 0},
    {.bitmap_index = 19107, .adv_w = 210, .box_w = 11, .box_h = 16, .ofs_x = 1, .ofs_y = 0},
    {.bitmap_index = 19152, .adv_w = 262, .box_w = 14, .box_h = 24, .ofs_x = 1, .ofs_y = 0},
    {.bitmap_index = 19236, .adv_w = 210, .box_w = 11, .box_h = 19, .ofs_x = 1, .ofs_y = 0},
    {.bitmap_index = 19300, .adv_w = 262, .box_w = 14, .box_h = 22, .ofs_x = 1, .ofs_y = 0},
    {.bitmap_index = 19383, .adv_w = 210, .box_w = 11, .box_h = 18, .ofs_x = 1, .ofs_y = 0},
    {.bitmap_index = 19443, .adv_w = 262, .box_w = 14, .box_h = 20, .ofs_x = 1, .ofs_y = -4},
    {.bitmap_index = 19515, .adv_w = 210, .box_w = 12, .box_h = 16, .ofs_x = 1, .ofs_y = -4},
    {.bitmap_index = 19567, .adv_w = 357, .box_w = 22, .box_h = 22, .ofs_x = 0, .ofs_y = 0},
    {.bitmap_index = 19763, .adv_w = 309, .box_w = 19, .box_h = 17, .ofs_x = 0, .ofs_y = 0},
    {.bitmap_index = 19904, .adv_w = 247, .box_w = 15, .box_h = 22, .ofs_x = 0, .ofs_y = 0},
    {.bitmap_index = 20013, .adv_w = 208, .box_w = 13, .box_h = 21, .ofs_x = 0, .ofs_y = -4},
    {.bitmap_index = 20128, .adv_w = 247, .box_w = 15, .box_h = 22, .ofs_x = 0, .ofs_y = 0},
    {.bitmap_index = 20237, .adv_w = 234, .box_w = 13, .box_h = 22, .ofs_x = 1, .ofs_y = 0},
    {.bitmap_index = 20329, .adv_w = 181, .box_w = 11, .box_h = 17, .ofs_x = 0, .ofs_y = 0},
    {.bitmap_index = 20398, .adv_w = 234, .box_w = 13, .box_h = 22, .ofs_x = 1, .ofs_y = 0},
    {.bitmap_index = 20490, .adv_w = 181, .box_w = 11, .box_h = 17, .ofs_x = 0, .ofs_y = 0},
    {.bitmap_index = 20559, .adv_w = 234, .box_w = 13, .box_h = 22, .ofs_x = 1, .ofs_y = 0},
    {.bitmap_index = 20657, .adv_w = 181, .box_w = 11, .box_h = 17, .ofs_x = 0, .ofs_y = 0},
    {.bitmap_index = 20730, .adv_w = 291, .box_w = 18, .box_h = 20, .ofs_x = 0, .ofs_y = 0},
    {.bitmap_index = 20870, .adv_w = 232, .box_w = 13, .box_h = 15, .ofs_x = 1, .ofs_y = 0},
    {.bitmap_index = 20956, .adv_w = 262, .box_w = 17, .box_h = 20, .ofs_x = 1, .ofs_y = 0},
    {.bitmap_index = 21034, .adv_w = 207, .box_w = 13, .box_h = 14, .ofs_x = 1, .ofs_y = 0},
    {.bitmap_index = 21082, .adv_w = 277, .box_w = 17, .box_h = 22, .ofs_x = 0, .ofs_y = 0},
    {.bitmap_index = 21229, .adv_w = 233, .box_w = 13, .box_h = 21, .ofs_x = 1, .ofs_y = -4},
    {.bitmap_index = 21349, .adv_w = 277, .box_w = 17, .box_h = 21, .ofs_x = 0, .ofs_y = 0},
    {.bitmap_index = 21482, .adv_w = 233, .box_w = 13, .box_h = 20, .ofs_x = 1, .ofs_y = -4},
    {.bitmap_index = 21592, .adv_w = 357, .box_w = 22, .box_h = 22, .ofs_x = 0, .ofs_y = 0},
    {.bitmap_index = 21780, .adv_w = 309, .box_w = 19, .box_h = 17, .ofs_x = 0, .ofs_y = 0},
    {.bitmap_index = 21915, .adv_w = 357, .box_w = 22, .box_h = 22, .ofs_x = 0, .ofs_y = 0},
    {.bitmap_index = 22104, .adv_w = 309, .box_w = 19, .box_h = 17, .ofs_x = 0, .ofs_y = 0},
    {.bitmap_index = 22239, .adv_w = 357, .box_w = 22, .box_h = 22, .ofs_x = 0, .ofs_y = 0},
    {.bitmap_index = 22439, .adv_w = 309, .box_w = 19, .box_h = 16, .ofs_x = 0, .ofs_y = 0},
    {.bitmap_index = 22577, .adv_w = 246, .box_w = 14, .box_h = 16, .ofs_x = 1, .ofs_y = 0},
    {.bitmap_index = 22672, .adv_w = 267, .box_w = 16, .box_h = 22, .ofs_x = 0, .ofs_y = -6},
    {.bitmap_index = 22799, .adv_w = 232, .box_w = 13, .box_h = 18, .ofs_x = 1, .ofs_y = -6},
    {.bitmap_index = 22890, .adv_w = 267, .box_w = 16, .box_h = 23, .ofs_x = 0, .ofs_y = 0},
    {.bitmap_index = 23025, .adv_w = 232, .box_w = 13, .box_h = 19, .ofs_x = 1, .ofs_y = 0},
    {.bitmap_index = 23122, .adv_w = 267, .box_w = 16, .box_h = 25, .ofs_x = 0, .ofs_y = 0},
    {.bitmap_index = 23271, .adv_w = 232, .box_w = 14, .box_h = 21, .ofs_x = 1, .ofs_y = 0},
    {.bitmap_index = 23383, .adv_w = 267, .box_w = 16, .box_h = 25, .ofs_x = 0, .ofs_y = 0},
    {.bitmap_index = 23532, .adv_w = 232, .box_w = 13, .box_h = 21, .ofs_x = 1, .ofs_y = 0},
    {.bitmap_index = 23642, .adv_w = 267, .box_w = 16, .box_h = 26, .ofs_x = 0, .ofs_y = 0},
    {.bitmap_index = 23798, .adv_w = 232, .box_w = 14, .box_h = 21, .ofs_x = 1, .ofs_y = 0},
    {.bitmap_index = 23915, .adv_w = 267, .box_w = 16, .box_h = 26, .ofs_x = 0, .ofs_y = 0},
    {.bitmap_index = 24071, .adv_w = 232, .box_w = 13, .box_h = 21, .ofs_x = 1, .ofs_y = 0},
    {.bitmap_index = 24187, .adv_w = 267, .box_w = 16, .box_h = 28, .ofs_x = 0, .ofs_y = -6},
    {.bitmap_index = 24342, .adv_w = 232, .box_w = 13, .box_h = 23, .ofs_x = 1, .ofs_y = -6},
    {.bitmap_index = 24459, .adv_w = 267, .box_w = 16, .box_h = 27, .ofs_x = 0, .ofs_y = 0},
    {.bitmap_index = 24608, .adv_w = 232, .box_w = 13, .box_h = 21, .ofs_x = 1, .ofs_y = 0},
    {.bitmap_index = 24718, .adv_w = 267, .box_w = 16, .box_h = 27, .ofs_x = 0, .ofs_y = 0},
    {.bitmap_index = 24868, .adv_w = 232, .box_w = 13, .box_h = 21, .ofs_x = 1, .ofs_y = 0},
    {.bitmap_index = 24978, .adv_w = 267, .box_w = 16, .box_h = 27, .ofs_x = 0, .ofs_y = 0},
    {.bitmap_index = 25132, .adv_w = 232, .box_w = 13, .box_h = 23, .ofs_x = 1, .ofs_y = 0},
    {.bitmap_index = 25252, .adv_w = 267, .box_w = 16, .box_h = 26, .ofs_x = 0, .ofs_y = 0},
    {.bitmap_index = 25403, .adv_w = 232, .box_w = 13, .box_h = 21, .ofs_x = 1, .ofs_y = 0},
    {.bitmap_index = 25518, .adv_w = 267, .box_w = 16, .box_h = 28, .ofs_x = 0, .ofs_y = -6},
    {.bitmap_index = 25675, .adv_w = 232, .box_w = 13, .box_h = 23, .ofs_x = 1, .ofs_y = -6},
    {.bitmap_index = 25792, .adv_w = 225, .box_w = 12, .box_h = 22, .ofs_x = 1, .ofs_y = -6},
    {.bitmap_index = 25855, .adv_w = 216, .box_w = 12, .box_h = 17, .ofs_x = 1, .ofs_y = -5},
    {.bitmap_index = 25941, .adv_w = 225, .box_w = 12, .box_h = 23, .ofs_x = 1, .ofs_y = 0},
    {.bitmap_index = 26013, .adv_w = 216, .box_w = 12, .box_h = 19, .ofs_x = 1, .ofs_y = 0},
    {.bitmap_index = 26107, .adv_w = 225, .box_w = 12, .box_h = 22, .ofs_x = 1, .ofs_y = 0},
    {.bitmap_index = 26178, .adv_w = 216, .box_w = 12, .box_h = 17, .ofs_x = 1, .ofs_y = 0},
    {.bitmap_index = 26267, .adv_w = 225, .box_w = 14, .box_h = 25, .ofs_x = 1, .ofs_y = 0},
    {.bitmap_index = 26356, .adv_w = 216, .box_w = 14, .box_h = 20, .ofs_x = 1, .ofs_y = 0},
    {.bitmap_index = 26472, .adv_w = 225, .box_w = 12, .box_h = 25, .ofs_x = 1, .ofs_y = 0},
    {.bitmap_index = 26558, .adv_w = 216, .box_w = 12, .box_h = 20, .ofs_x = 1, .ofs_y = 0},
    {.bitmap_index = 26663, .adv_w = 225, .box_w = 14, .box_h = 26, .ofs_x = 1, .ofs_y = 0},
    {.bitmap_index = 26760, .adv_w = 216, .box_w = 13, .box_h = 22, .ofs_x = 1, .ofs_y = 0},
    {.bitmap_index = 26882, .adv_w = 225, .box_w = 12, .box_h = 26, .ofs_x = 1, .ofs_y = 0},
    {.bitmap_index = 26977, .adv_w = 216, .box_w = 12, .box_h = 21, .ofs_x = 1, .ofs_y = 0},
    {.bitmap_index = 27089, .adv_w = 225, .box_w = 12, .box_h = 28, .ofs_x = 1, .ofs_y = -6},
    {.bitmap_index = 27179, .adv_w = 216, .box_w = 12, .box_h = 22, .ofs_x = 1, .ofs_y = -5},
    {.bitmap_index = 27290, .adv_w = 103, .box_w = 6, .box_h = 23, .ofs_x = 0, .ofs_y = 0},
    {.bitmap_index = 27320, .adv_w = 103, .box_w = 7, .box_h = 19, .ofs_x = 0, .ofs_y = 0},
    {.bitmap_index = 27350, .adv_w = 103, .box_w = 4, .box_h = 22, .ofs_x = 1, .ofs_y = -6},
    {.bitmap_index = 27367, .adv_w = 103, .box_w = 5, .box_h = 23, .ofs_x = 1, .ofs_y = -6},
    {.bitmap_index = 27399, .adv_w = 291, .box_w = 18, .box_h = 21, .ofs_x = 0, .ofs_y = -5},
    {.bitmap_index = 27547, .adv_w = 231, .box_w = 13, .box_h = 17, .ofs_x = 1, .ofs_y = -5},
    {.bitmap_index = 27642, .adv_w = 291, .box_w = 18, .box_h = 24, .ofs_x = 0, .ofs_y = 0},
    {.bitmap_index = 27806, .adv_w = 231, .box_w = 13, .box_h = 19, .ofs_x = 1, .ofs_y = 0},
    {.bitmap_index = 27909, .adv_w = 291, .box_w = 18, .box_h = 26, .ofs_x = 0, .ofs_y = 0},
    {.bitmap_index = 28084, .adv_w = 231, .box_w = 14, .box_h = 20, .ofs_x = 1, .ofs_y = 0},
    {.bitmap_index = 28203, .adv_w = 291, .box_w = 18, .box_h = 26, .ofs_x = 0, .ofs_y = 0},
    {.bitmap_index = 28377, .adv_w = 231, .box_w = 13, .box_h = 20, .ofs_x = 1, .ofs_y = 0},
    {.bitmap_index = 28491, .adv_w = 291, .box_w = 18, .box_h = 26, .ofs_x = 0, .ofs_y = 0},
    {.bitmap_index = 28673, .adv_w = 231, .box_w = 13, .box_h = 22, .ofs_x = 1, .ofs_y = 0},
    {.bitmap_index = 28798, .adv_w = 291, .box_w = 18, .box_h = 26, .ofs_x = 0, .ofs_y = 0},
    {.bitmap_index = 28980, .adv_w = 231, .box_w = 13, .box_h = 21, .ofs_x = 1, .ofs_y = 0},
    {.bitmap_index = 29101, .adv_w = 291, .box_w = 18, .box_h = 27, .ofs_x = 0, .ofs_y = -5},
    {.bitmap_index = 29279, .adv_w = 231, .box_w = 13, .box_h = 22, .ofs_x = 1, .ofs_y = -5},
    {.bitmap_index = 29399, .adv_w = 291, .box_w = 18, .box_h = 22, .ofs_x = 0, .ofs_y = 0},
    {.bitmap_index = 29554, .adv_w = 231, .box_w = 13, .box_h = 18, .ofs_x = 1, .ofs_y = 0},
    {.bitmap_index = 29656, .adv_w = 291, .box_w = 18, .box_h = 22, .ofs_x = 0, .ofs_y = 0},
    {.bitmap_index = 29811, .adv_w = 231, .box_w = 13, .box_h = 18, .ofs_x = 1, .ofs_y = 0},
    {.bitmap_index = 29913, .adv_w = 291, .box_w = 18, .box_h = 24, .ofs_x = 0, .ofs_y = 0},
    {.bitmap_index = 30080, .adv_w = 231, .box_w = 13, .box_h = 19, .ofs_x = 1, .ofs_y = 0},
    {.bitmap_index = 30190, .adv_w = 291, .box_w = 18, .box_h = 22, .ofs_x = 0, .ofs_y = 0},
    {.bitmap_index = 30351, .adv_w = 229, .box_w = 13, .box_h = 17, .ofs_x = 1, .ofs_y = 0},
    {.bitmap_index = 30453, .adv_w = 291, .box_w = 18, .box_h = 25, .ofs_x = 0, .ofs_y = -5},
    {.bitmap_index = 30620, .adv_w = 231, .box_w = 13, .box_h = 20, .ofs_x = 1, .ofs_y = -5},
    {.bitmap_index = 30727, .adv_w = 262, .box_w = 14, .box_h = 21, .ofs_x = 1, .ofs_y = -5},
    {.bitmap_index = 30801, .adv_w = 210, .box_w = 11, .box_h = 17, .ofs_x = 1, .ofs_y = -5},
    {.bitmap_index = 30852, .adv_w = 262, .box_w = 14, .box_h = 24, .ofs_x = 1, .ofs_y = 0},
    {.bitmap_index = 30940, .adv_w = 210, .box_w = 11, .box_h = 19, .ofs_x = 1, .ofs_y = 0},
    {.bitmap_index = 31001, .adv_w = 262, .box_w = 17, .box_h = 22, .ofs_x = 1, .ofs_y = 0},
    {.bitmap_index = 31098, .adv_w = 210, .box_w = 14, .box_h = 18, .ofs_x = 1, .ofs_y = 0},
    {.bitmap_index = 31167, .adv_w = 262, .box_w = 17, .box_h = 22, .ofs_x = 1, .ofs_y = 0},
    {.bitmap_index = 31264, .adv_w = 210, .box_w = 14, .box_h = 18, .ofs_x = 1, .ofs_y = 0},
    {.bitmap_index = 31333, .adv_w = 262, .box_w = 17, .box_h = 24, .ofs_x = 1, .ofs_y = 0},
    {.bitmap_index = 31441, .adv_w = 210, .box_w = 14, .box_h = 19, .ofs_x = 1, .ofs_y = 0},
    {.bitmap_index = 31518, .adv_w = 262, .box_w = 17, .box_h = 22, .ofs_x = 1, .ofs_y = 0},
    {.bitmap_index = 31620, .adv_w = 210, .box_w = 14, .box_h = 17, .ofs_x = 1, .ofs_y = 0},
    {.bitmap_index = 31691, .adv_w = 262, .box_w = 17, .box_h = 25, .ofs_x = 1, .ofs_y = -5},
    {.bitmap_index = 31795, .adv_w = 210, .box_w = 14, .box_h = 19, .ofs_x = 1, .ofs_y = -5},
    {.bitmap_index = 31868, .adv_w = 247, .box_w = 15, .box_h = 22, .ofs_x = 0, .ofs_y = 0},
    {.bitmap_index = 31969, .adv_w = 208, .box_w = 13, .box_h = 22, .ofs_x = 0, .ofs_y = -4},
    {.bitmap_index = 32080, .adv_w = 247, .box_w = 15, .box_h = 22, .ofs_x = 0, .ofs_y = -6},
    {.bitmap_index = 32178, .adv_w = 208, .box_w = 13, .box_h = 17, .ofs_x = 0, .ofs_y = -5},
    {.bitmap_index = 32277, .adv_w = 247, .box_w = 15, .box_h = 23, .ofs_x = 0, .ofs_y = 0},
    {.bitmap_index = 32387, .adv_w = 208, .box_w = 13, .box_h = 23, .ofs_x = 0, .ofs_y = -4},
    {.bitmap_index = 32506, .adv_w = 247, .box_w = 15, .box_h = 22, .ofs_x = 0, .ofs_y = 0},
    {.bitmap_index = 32612, .adv_w = 208, .box_w = 13, .box_h = 21, .ofs_x = 0, .ofs_y = -4},
    {.bitmap_index = 32726, .adv_w = 245, .box_w = 11, .box_h = 3, .ofs_x = 2, .ofs_y = 6},
    {.bitmap_index = 32735, .adv_w = 306, .box_w = 15, .box_h = 3, .ofs_x = 2, .ofs_y = 6},
    {.bitmap_index = 32747, .adv_w = 95, .box_w = 5, .box_h = 7, .ofs_x = 0, .ofs_y = 9},
    {.bitmap_index = 32765, .adv_w = 80, .box_w = 5, .box_h = 7, .ofs_x = 0, .ofs_y = 9},
    {.bitmap_index = 32783, .adv_w = 106, .box_w = 5, .box_h = 7, .ofs_x = 1, .ofs_y = -3},
    {.bitmap_index = 32802, .adv_w = 148, .box_w = 10, .box_h = 7, .ofs_x = -1, .ofs_y = 9},
    {.bitmap_index = 32838, .adv_w = 155, .box_w = 9, .box_h = 7, .ofs_x = 1, .ofs_y = 9},
    {.bitmap_index = 32871, .adv_w = 199, .box_w = 8, .box_h = 8, .ofs_x = 2, .ofs_y = 4},
    {.bitmap_index = 32899, .adv_w = 288, .box_w = 16, .box_h = 4, .ofs_x = 1, .ofs_y = 0}
};

/*---------------------
 *  CHARACTER MAPPING
 *--------------------*/

static const uint8_t glyph_id_ofs_list_2[] = {
    0, 1, 2, 3, 4, 5, 6, 7,
    8, 9, 0, 0, 10, 11, 12, 13,
    14, 15, 0, 0, 16, 17, 18, 19,
    0, 0, 0, 0, 20, 21, 22, 23,
    24, 25, 0, 0, 26, 27, 28, 29,
    0, 0, 0, 0, 0, 0, 0, 30,
    31, 0, 0, 32, 33, 0, 0, 34,
    35, 36, 37, 0, 0, 38, 39, 0,
    0, 0, 40, 41, 0, 0, 42, 43,
    44, 45, 46, 47, 0, 0, 48, 49,
    50, 51, 0, 0, 52, 53, 54, 55,
    56, 57, 58, 59, 60, 61, 62, 63,
    64, 65
};

static const uint16_t unicode_list_4[] = {
    0x0, 0x1, 0xf, 0x10, 0x46, 0x47, 0x1c80, 0x1c81,
    0x1ce0, 0x1ce1, 0x1ce2, 0x1ce3, 0x1ce4, 0x1ce5, 0x1cfe
};

static const uint16_t unicode_list_6[] = {
    0x0, 0x1, 0x5, 0x6, 0x7, 0x9, 0xa, 0xf,
    0x13
};

/*Collect the unicode lists and glyph_id offsets*/
static const lv_font_fmt_txt_cmap_t cmaps[] =
{
    {
        .range_start = 32, .range_length = 95, .glyph_id_start = 1,
        .unicode_list = NULL, .glyph_id_ofs_list = NULL, .list_length = 0, .type = LV_FONT_FMT_TXT_CMAP_FORMAT0_TINY
    },
    {
        .range_start = 160, .range_length = 104, .glyph_id_start = 96,
        .unicode_list = NULL, .glyph_id_ofs_list = NULL, .list_length = 0, .type = LV_FONT_FMT_TXT_CMAP_FORMAT0_TINY
    },
    {
        .range_start = 266, .range_length = 98, .glyph_id_start = 200,
        .unicode_list = NULL, .glyph_id_ofs_list = glyph_id_ofs_list_2, .list_length = 98, .type = LV_FONT_FMT_TXT_CMAP_FORMAT0_FULL
    },
    {
        .range_start = 366, .range_length = 17, .glyph_id_start = 266,
        .unicode_list = NULL, .glyph_id_ofs_list = NULL, .list_length = 0, .type = LV_FONT_FMT_TXT_CMAP_FORMAT0_TINY
    },
    {
        .range_start = 416, .range_length = 7423, .glyph_id_start = 283,
        .unicode_list = unicode_list_4, .glyph_id_ofs_list = NULL, .list_length = 15, .type = LV_FONT_FMT_TXT_CMAP_SPARSE_TINY
    },
    {
        .range_start = 7840, .range_length = 90, .glyph_id_start = 298,
        .unicode_list = NULL, .glyph_id_ofs_list = NULL, .list_length = 0, .type = LV_FONT_FMT_TXT_CMAP_FORMAT0_TINY
    },
    {
        .range_start = 8211, .range_length = 20, .glyph_id_start = 388,
        .unicode_list = unicode_list_6, .glyph_id_ofs_list = NULL, .list_length = 9, .type = LV_FONT_FMT_TXT_CMAP_SPARSE_TINY
    }
};

/*-----------------
 *    KERNING
 *----------------*/


/*Map glyph_ids to kern left classes*/
static const uint8_t kern_left_class_mapping[] =
{
    0, 0, 0, 1, 2, 3, 4, 0,
    1, 0, 4, 0, 0, 5, 0, 5,
    6, 7, 0, 8, 9, 10, 11, 12,
    13, 14, 15, 0, 0, 0, 0, 16,
    0, 0, 17, 9, 18, 4, 19, 20,
    0, 21, 21, 22, 23, 24, 21, 21,
    4, 25, 0, 26, 3, 27, 22, 28,
    28, 29, 30, 31, 0, 32, 0, 0,
    0, 0, 33, 34, 35, 21, 34, 36,
    37, 38, 39, 40, 41, 21, 38, 38,
    34, 34, 42, 43, 44, 45, 46, 47,
    47, 48, 49, 50, 0, 0, 0, 0,
    0, 0, 0, 3, 0, 30, 0, 3,
    0, 0, 0, 0, 0, 0, 0, 0,
    0, 0, 0, 0, 0, 51, 0, 0,
    0, 0, 0, 0, 0, 0, 0, 0,
    17, 17, 17, 17, 17, 17, 19, 4,
    19, 19, 19, 19, 21, 21, 21, 21,
    4, 21, 4, 4, 4, 4, 4, 0,
    4, 22, 22, 22, 22, 30, 0, 9,
    33, 33, 33, 33, 33, 33, 34, 52,
    34, 34, 34, 34, 39, 39, 39, 39,
    53, 38, 34, 34, 34, 34, 34, 0,
    0, 46, 46, 46, 46, 49, 34, 49,
    17, 33, 17, 33, 17, 33, 4, 52,
    4, 52, 4, 52, 4, 0, 4, 53,
    19, 34, 19, 34, 19, 34, 19, 34,
    0, 37, 0, 37, 0, 38, 21, 39,
    21, 39, 21, 39, 21, 39, 24, 21,
    24, 0, 24, 0, 21, 38, 21, 38,
    4, 0, 4, 0, 19, 34, 26, 43,
    26, 43, 3, 44, 3, 44, 3, 44,
    27, 51, 27, 51, 27, 51, 22, 46,
    22, 46, 22, 46, 22, 46, 22, 46,
    28, 47, 30, 49, 30, 31, 50, 31,
    50, 31, 50, 4, 54, 55, 56, 0,
    37, 0, 37, 28, 47, 28, 47, 28,
    47, 9, 17, 33, 17, 33, 17, 33,
    17, 33, 17, 33, 17, 33, 17, 33,
    17, 33, 17, 33, 17, 33, 17, 33,
    17, 33, 19, 34, 19, 34, 19, 34,
    19, 34, 19, 34, 19, 34, 19, 34,
    19, 34, 21, 39, 21, 39, 4, 34,
    4, 34, 4, 34, 4, 34, 4, 34,
    4, 34, 4, 34, 4, 54, 4, 54,
    4, 54, 4, 54, 4, 54, 22, 46,
    22, 46, 55, 56, 55, 56, 55, 56,
    55, 56, 55, 56, 30, 49, 30, 49,
    30, 49, 30, 49, 0, 0, 0, 57,
    0, 0, 0, 0, 0
};

/*Map glyph_ids to kern right classes*/
static const uint8_t kern_right_class_mapping[] =
{
    0, 0, 1, 2, 3, 4, 5, 0,
    6, 5, 7, 8, 0, 9, 0, 9,
    10, 11, 12, 13, 14, 15, 16, 17,
    18, 19, 20, 0, 0, 0, 0, 21,
    22, 0, 23, 24, 5, 25, 24, 24,
    5, 24, 24, 26, 24, 24, 24, 24,
    5, 24, 5, 24, 4, 27, 28, 29,
    29, 30, 31, 32, 0, 33, 0, 0,
    0, 0, 17, 24, 17, 17, 17, 34,
    17, 24, 35, 36, 24, 24, 37, 37,
    17, 37, 17, 38, 39, 40, 41, 42,
    42, 43, 44, 45, 0, 0, 46, 0,
    0, 0, 0, 4, 0, 31, 0, 4,
    0, 0, 0, 0, 0, 0, 0, 0,
    0, 0, 0, 0, 0, 41, 0, 0,
    0, 0, 0, 0, 0, 0, 0, 0,
    23, 23, 23, 23, 23, 23, 23, 5,
    24, 24, 24, 24, 24, 24, 24, 24,
    0, 24, 5, 5, 5, 5, 5, 0,
    5, 28, 28, 28, 28, 31, 24, 24,
    17, 17, 17, 17, 17, 17, 47, 17,
    17, 17, 17, 17, 48, 35, 35, 35,
    17, 35, 17, 17, 17, 17, 17, 0,
    0, 41, 41, 41, 41, 44, 24, 44,
    23, 17, 23, 17, 23, 17, 5, 17,
    5, 17, 5, 17, 25, 17, 0, 17,
    24, 17, 24, 17, 24, 17, 24, 17,
    5, 17, 5, 17, 0, 0, 24, 49,
    24, 35, 24, 35, 24, 35, 24, 24,
    24, 24, 0, 0, 24, 35, 24, 35,
    5, 0, 5, 0, 5, 17, 24, 38,
    24, 38, 4, 39, 4, 39, 4, 39,
    27, 40, 27, 40, 27, 40, 28, 41,
    28, 41, 28, 41, 28, 41, 28, 41,
    29, 42, 31, 44, 31, 50, 45, 50,
    45, 50, 45, 5, 17, 28, 41, 5,
    17, 5, 17, 29, 42, 29, 42, 29,
    42, 24, 23, 17, 23, 17, 23, 17,
    23, 17, 23, 17, 23, 17, 23, 17,
    23, 17, 23, 17, 23, 17, 23, 17,
    23, 17, 24, 17, 24, 17, 24, 17,
    24, 17, 24, 17, 24, 17, 24, 17,
    24, 17, 24, 35, 24, 35, 5, 17,
    5, 17, 5, 17, 5, 17, 5, 17,
    5, 17, 5, 17, 5, 17, 5, 17,
    5, 17, 5, 17, 5, 17, 28, 41,
    28, 41, 28, 41, 28, 41, 28, 41,
    28, 41, 28, 41, 31, 44, 31, 44,
    31, 44, 31, 44, 0, 0, 0, 0,
    0, 0, 0, 0, 0
};

/*Kern values between classes*/
static const int8_t kern_class_values[] =
{
    0, 0, 0, 0, 0, 0, 0, 0,
    0, 0, 0, 0, 0, 0, 0, 0,
    0, 11, 0, 0, 0, 0, -14, 0,
    0, 0, 0, 0, 0, 0, 13, 0,
    0, 0, 0, 0, 0, 0, 0, 0,
    0, 0, 0, 0, 0, 0, 0, 0,
    0, 0, 0, 0, 0, 0, 0, 0,
    0, 0, 0, 0, 0, 0, 0, 0,
    0, 0, 0, 0, 0, 0, 0, 0,
    -20, 0, 0, 0, 0, 0, 0, 0,
    0, 0, 0, 0, 0, 0, 0, 0,
    0, 0, 0, 0, 0, 0, 0, 0,
    0, 0, 0, 0, 0, 0, 0, 3,
    5, 0, 0, 0, 0, 0, 5, 0,
    0, 0, 0, 0, 0, 3, 3, 0,
    0, 0, -8, 0, 1, 0, -7, 0,
    -5, 0, -10, 0, 0, 0, 0, 0,
    0, 0, 0, 0, 0, 0, -2, -2,
    0, 0, 0, 0, 0, 0, 0, 0,
    0, 0, 0, 0, 0, 0, 0, 0,
    0, 0, 0, 0, 0, 0, 0, -2,
    0, 0, 0, 0, -14, 0, 0, -17,
    -19, 0, -7, -13, -16, 0, 0, 0,
    0, -14, 0, 0, 0, 0, 0, 0,
    0, 0, 0, 0, 0, 0, 0, 0,
    0, 0, 0, 0, 0, 0, 0, 0,
    -10, 0, 0, 0, 0, 0, 0, 0,
    0, 0, 0, 0, 9, 0, 0, 0,
    0, 0, -36, 0, 0, 0, 0, 0,
    0, 0, 0, 0, 0, 0, 0, 0,
    0, 0, 0, 0, 0, 0, 0, 0,
    0, 0, 0, 0, 0, 0, 0, 0,
    0, 0, 0, -49, 0, 0, -11, -11,
    -13, 0, -13, 24, -8, 0, 0, 0,
    0, 0, 0, 0, 14, 0, 18, 0,
    18, 0, 0, 0, 0, 0, 0, 0,
    0, 0, 0, 0, 0, 0, 0, 0,
    0, 0, 0, 0, 0, 0, 0, 0,
    0, 0, 0, 0, 0, 0, 0, 0,
    0, 0, 0, 0, 0, -2, 0, 0,
    0, 0, -14, 0, 0, -17, -18, 0,
    -7, -13, -16, 0, 0, 0, 0, -14,
    0, 0, 0, 0, 0, 0, 0, 0,
    0, 0, 0, 0, 0, 0, 0, 0,
    0, 0, 0, 0, 0, 0, 0, 0,
    0, 0, 0, 0, -6, 0, 0, -1,
    0, 0, 0, 0, 0, 0, 0, 0,
    0, 0, 0, 0, 0, 0, 0, 0,
    0, 0, 0, 0, 0, 0, 0, 0,
    0, 0, 0, 0, 0, 0, 0, 0,
    0, 0, 0, 0, -4, 0, 0, 0,
    0, -8, -4, 0, 0, 0, 0, 0,
    0, 0, 0, 0, 0, 0, -2, 0,
    0, 0, -11, 0, -12, -10, -17, 0,
    0, 0, 0, -15, 0, 0, 0, 0,
    0, 0, -6, -5, 0, 0, 0, 0,
    0, 0, 0, 0, 0, 0, 0, 0,
    0, 0, 0, 0, 0, 0, -4, 0,
    0, 0, 0, -13, 4, 0, 0, 0,
    -4, 6, 0, 0, -24, 0, -19, -17,
    -19, 0, 0, 0, 0, 0, 0, 0,
    0, 0, 0, 0, 0, 0, 0, 0,
    0, 0, 0, 0, 0, 0, 0, 0,
    0, 0, 0, 0, 0, 0, 0, 0,
    0, 0, 0, 0, 0, 0, 0, -4,
    0, 0, 0, 0, 0, 0, 0, 0,
    0, 0, 0, 0, 0, 0, 0, 0,
    0, 0, 0, 0, 0, 0, 0, 0,
    0, 0, 0, 0, 0, 0, 0, 0,
    0, 0, 0, 0, 0, 0, 0, 0,
    0, 0, 0, 0, 0, 0, 0, -6,
    0, -7, 0, 0, 0, 0, 0, 0,
    0, 0, 0, 0, 0, 0, 0, 0,
    0, 0, 0, 0, 0, 0, 0, 0,
    0, 0, 0, 0, 0, 0, 0, 0,
    0, 0, 0, 0, -11, 0, 0, 0,
    0, -17, -11, 4, -4, -6, -27, 0,
    -20, 8, 0, 4, 0, 0, -23, 0,
    8, -35, 7, 0, 0, 0, 9, 0,
    0, 0, -11, 0, 0, -18, -18, 0,
    -18, -11, -11, -18, -11, 0, -20, -11,
    -11, 0, 0, 0, 0, 0, 0, 0,
    0, 0, 0, 0, 0, 0, 0, 0,
    0, 0, 0, -1, 0, 0, 0, 0,
    0, 0, 0, 0, 0, 0, 0, 0,
    0, 0, 0, 0, 0, 0, 0, 0,
    0, 0, 0, 0, 0, 0, 0, 0,
    0, 0, 0, 0, 0, 0, 0, 0,
    0, 0, 0, 0, 0, 0, 0, 0,
    0, 0, 0, 0, 0, 6, 0, 0,
    0, 0, -11, 0, 6, 0, 0, 0,
    0, 0, 0, 0, 0, 0, 0, 0,
    0, 3, 0, 7, 0, 0, 0, 0,
    0, 0, 0, 0, 0, 0, 0, 0,
    0, 0, 0, 0, 0, 0, -14, 0,
    0, 0, 0, 0, 0, 0, 0, 0,
    0, 0, 0, 0, 0, 0, 0, -29,
    0, 0, 0, 0, 0, 0, 0, 0,
    0, 0, 0, 0, 0, 0, 0, 0,
    0, 0, 0, 0, 0, 0, 0, 0,
    0, -14, -4, -8, -13, -14, 0, 0,
    0, 0, -13, 0, 0, 0, 0, 0,
    -6, 0, 0, -3, 0, 0, 0, 0,
    0, 0, -34, 0, -30, 0, -32, 0,
    0, -15, 0, 0, 0, 0, 0, -2,
    -6, -21, 0, -20, 0, 0, -2, 0,
    0, 0, 0, 0, 0, 0, 0, 0,
    0, 0, 0, 0, 0, 0, 0, 0,
    0, 0, 0, -2, 0, 0, 0, 0,
    -14, 0, 0, -17, -19, 0, 1, -13,
    -16, 0, 0, 0, 0, -14, 0, 0,
    0, 0, 0, 0, 0, 0, 0, 0,
    0, 0, 0, 0, 0, 0, 0, -2,
    -3, 0, 0, 0, 0, 0, -3, 0,
    0, 0, 0, 0, -4, 0, 0, 0,
    0, 0, 0, 0, 0, 0, 0, 0,
    0, 0, 0, 0, 0, 0, 0, 0,
    0, 0, 0, 0, 0, 0, 0, 0,
    0, 0, 0, 0, 0, 0, 0, 0,
    0, 0, -10, 0, 0, 0, 0, 0,
    -10, 0, -13, 0, -20, 0, -19, 0,
    0, 0, 0, 0, -30, 0, 0, -40,
    0, 0, 0, 0, 6, 0, 0, 0,
    0, 0, 0, -16, 0, 0, 0, 0,
    0, 0, -18, 0, -18, 0, 0, 0,
    0, 0, 0, 0, 0, 0, 0, 0,
    0, 0, 0, 0, 2, 8, 8, 0,
    -1, 0, 4, 6, 0, 0, 0, 0,
    0, 0, 0, 0, 0, 0, 0, 0,
    0, 0, 0, -4, 0, 0, 0, 0,
    0, 0, 0, 0, 0, 0, 0, 0,
    0, 0, 0, 0, 0, 0, 0, 0,
    0, 0, 0, 0, 0, 0, 0, 0,
    0, 0, 0, 0, 0, 0, 0, 0,
    -7, 0, 1, 0, 0, 0, 4, 0,
    6, 0, 0, 0, 0, 0, 0, 0,
    0, 0, 0, 0, 0, 0, 0, 0,
    0, 0, 0, 0, 0, 0, 0, -12,
    -21, 0, 0, 0, 0, 0, -21, 0,
    0, 0, -20, 0, -16, 0, 0, 0,
    0, 0, 0, 0, 0, 0, 0, 0,
    0, 0, 0, 0, 0, 0, 0, 0,
    0, 0, 0, -15, -18, -15, 0, -23,
    0, 0, -10, 0, 0, 0, 0, 0,
    0, 0, -19, 0, 0, 0, 0, 0,
    -19, 0, 0, 0, -22, 0, -11, 0,
    0, 0, 0, 0, 0, 0, 0, 0,
    -56, 0, -39, 0, -54, 0, 0, 0,
    0, 0, 0, 0, 0, 0, -6, -27,
    0, -18, 0, 0, 0, 0, 0, 0,
    0, 0, 0, 0, 0, 0, 0, 0,
    0, 0, 0, 0, 0, 0, 0, 0,
    -8, 0, 0, 0, 0, 0, -26, 0,
    0, -33, -8, 0, 0, 0, 0, 0,
    0, 0, 0, -2, 0, 0, 0, 0,
    0, 0, 0, 0, 0, 0, -4, 0,
    0, 0, 0, 0, 0, -5, -10, 0,
    0, 0, 0, 0, -10, 0, 0, 0,
    -16, 0, -18, -9, 0, 0, 0, 0,
    0, 0, 0, 0, -12, -9, -12, 0,
    -14, 0, 0, 0, 0, 0, 0, 0,
    0, 0, -19, -6, 0, -6, 0, 0,
    0, 0, 0, 0, 0, 0, 0, -8,
    -19, 0, 0, 0, -36, -22, -18, 0,
    0, 0, -34, 0, -34, 7, 0, 0,
    0, 0, -32, 0, -2, -46, 0, 0,
    0, 0, 2, 0, 0, 0, 0, 0,
    -21, -20, -8, 0, -28, -37, -32, -27,
    -32, 0, -29, 0, 6, 0, 0, 0,
    0, 0, -7, 0, 0, 0, 0, -44,
    -7, 0, 0, 0, -23, 0, -19, 0,
    0, 0, 0, 0, -29, 0, 4, -39,
    0, 0, 6, 0, 7, 0, 0, 0,
    0, 0, -11, 0, -20, 0, -14, 0,
    0, -7, 0, 0, -23, 15, 0, 0,
    0, 0, 0, 0, -13, 0, 0, 0,
    0, 0, -13, 0, 0, 0, -17, 0,
    -14, 0, 0, 0, 0, 0, 0, 0,
    0, 0, 0, 0, 0, 0, 0, 0,
    0, 0, 0, 0, 0, 0, 0, 0,
    -12, 0, 0, -13, 0, 0, 0, 0,
    0, 0, 0, 0, 0, -10, -11, 0,
    0, 0, 0, -36, -11, 0, 0, 0,
    -39, 0, -37, 0, 0, -14, 0, 0,
    -32, 0, -3, -43, 2, 0, 7, 0,
    0, 0, 0, 0, -3, -2, -25, 0,
    0, 0, -32, -19, 0, 0, 0, 0,
    -30, -3, -3, 0, 0, 0, 0, 0,
    0, 0, 0, 0, 0, 0, 0, 0,
    0, 0, 0, 0, 0, 0, 0, 0,
    0, 0, 0, 0, 0, 0, 0, 0,
    0, 0, 0, 0, 0, 0, 0, 0,
    0, 0, 0, 0, -6, 0, 0, 0,
    0, 0, 0, 0, 0, 0, 0, 0,
    0, 0, 0, 0, 0, 0, 0, 0,
    0, 0, 0, 0, 0, 0, 0, 0,
    0, 0, 0, 0, 0, 0, 0, 0,
    0, 0, 0, 0, 0, 0, -49, 0,
    0, 0, 0, 0, 0, 0, 0, 0,
    0, 0, 0, 0, 0, 0, 0, 0,
    0, 0, 0, 0, 0, 0, 0, 0,
    0, 0, 0, 0, 0, 0, 0, 0,
    1, 0, 0, 0, 0, 0, 0, 1,
    0, 0, -17, 0, -11, 0, -15, 0,
    0, -4, 1, 3, 1, 0, 0, -4,
    1, -7, 0, -5, 0, 0, 0, 1,
    1, 0, 0, 0, 0, 0, -1, 0,
    0, 0, 0, 0, -1, 0, 0, 0,
    0, 0, -2, -7, 0, 0, 0, 0,
    -4, -1, 0, 0, -32, 0, -17, -14,
    -32, 0, 0, -3, 0, -4, -1, 0,
    0, -4, 0, -8, -11, -11, 0, 0,
    -2, 0, 0, 0, 0, 0, 0, 0,
    0, 0, 0, 0, 0, 0, 0, 0,
    0, 0, 0, 0, -1, 0, 0, 0,
    0, 0, 0, 0, 0, 0, -32, 0,
    0, 0, -32, 0, 0, 0, 0, -18,
    0, 0, 0, 0, 0, -8, 0, -9,
    0, 0, -7, 0, 0, 0, 0, 0,
    0, 0, 0, 0, 0, 0, 0, 0,
    0, 0, 0, 0, 0, 0, -8, 0,
    0, 0, 0, 0, 0, 0, 0, 0,
    0, 0, 0, 0, 0, 0, 0, 0,
    0, 0, 0, 0, 0, -1, 4, 0,
    0, 0, 0, 0, -10, 0, 0, 0,
    0, 0, 0, 0, 0, 0, 0, 0,
    0, 0, 0, 0, 0, 0, 0, 0,
    -4, 0, 0, 0, 0, 0, 0, 0,
    2, 0, 0, 0, 0, 0, -23, 0,
    0, 0, 0, 6, 0, 0, 0, 0,
    0, 0, 0, 0, 0, 0, 0, 0,
    0, 0, 0, 0, 0, 0, 0, 0,
    0, 0, 0, 0, 0, 0, 0, 0,
    0, 0, -1, -13, 0, 0, 0, 0,
    0, 0, 1, 0, -19, 0, 0, 0,
    -29, 0, 0, 0, 0, -2, 0, 0,
    0, -4, 0, -7, 0, -8, 0, 0,
    0, 0, 0, 0, 0, 0, 0, 0,
    0, 0, 0, 0, 0, 0, 0, 0,
    0, 0, 0, 0, 0, 0, 0, 0,
    0, 0, 0, 0, 1, 0, 0, 0,
    0, 0, 0, 0, 0, 0, 0, 0,
    0, 0, 0, 0, 0, 0, 0, 0,
    0, 0, 0, 0, 0, 0, 0, 0,
    0, 0, 0, 0, 0, 0, 0, 0,
    0, 0, 0, 0, 0, 0, -4, 0,
    0, 0, 0, 0, 0, 0, 2, 0,
    0, 0, 0, 0, -12, 0, 0, 0,
    0, 6, 0, 0, 0, 0, 0, 0,
    0, 0, 0, 0, 0, 0, 0, 0,
    0, 0, 0, 0, 0, 0, 0, 0,
    0, 0, 0, 0, 0, 0, 0, 0,
    -14, 0, 0, 0, 0, 0, -2, 0,
    0, 0, -8, 0, -7, 0, -26, 0,
    0, 0, 0, 0, 0, 0, -10, 0,
    0, 0, 0, 0, 0, 0, -10, 0,
    0, 0, 0, 0, 0, 0, 0, 0,
    0, 0, 0, 0, 0, 0, 0, 0,
    0, 0, 0, 0, 0, 0, 0, 0,
    0, 0, 1, 0, 0, 0, 0, 0,
    -26, 0, 0, 0, 0, 11, 0, 0,
    0, 0, 0, 0, 0, 0, 0, 0,
    0, 0, 0, 0, 0, 0, 0, 0,
    0, 0, 0, 0, 0, 0, 0, 0,
    0, 0, 0, 0, -10, 0, 0, 0,
    0, 0, 0, 0, 4, -23, -14, 0,
    0, 0, -11, 0, 0, 2, 6, 0,
    0, 0, 0, 1, 0, 1, 8, 1,
    0, 0, -6, 6, 6, 0, 0, 0,
    0, 0, 0, 0, 0, 0, 0, 0,
    0, 0, 0, 0, 0, 0, -2, 0,
    0, 0, 0, 0, 0, -1, 0, 0,
    0, 0, 0, 0, -31, 0, 0, 0,
    0, 0, 0, 0, -1, -4, 0, -7,
    0, -10, 0, 0, 0, 0, 0, 0,
    0, 0, 0, 0, -2, 0, 0, 0,
    0, 0, -2, 0, 0, 0, 0, 0,
    -4, 0, 0, 0, 0, 0, 0, 0,
    2, 0, 0, 0, 0, 0, -30, 0,
    0, -12, 0, 0, 0, 0, 0, -2,
    0, 0, 0, -2, 0, 0, 0, 0,
    0, 0, 0, 0, 0, 0, 0, 0,
    0, 0, 0, 0, 0, 0, 0, 0,
    0, 0, 0, 0, 0, 0, 0, 0,
    0, 0, 1, 0, 0, 0, 0, 0,
    -22, 0, 0, 0, 0, 0, 0, 0,
    0, 0, 0, 6, 0, 0, 0, 0,
    0, 0, 0, 0, 0, 0, 0, 0,
    0, 0, 0, 0, 0, 0, 0, 0,
    0, 0, 0, 0, -8, -4, 0, 0,
    0, 0, -8, 0, 3, -16, 0, 0,
    0, 0, -20, 0, 0, 6, 0, 0,
    0, 0, -6, 6, 0, 12, 4, 1,
    -6, 0, -10, 0, 0, 0, 0, 0,
    0, 0, 0, 0, 0, 0, 0, 0,
    0, 0, 0, 0, 0, 0, -12, 0,
    0, 0, 0, 0, 0, 0, 0, 0,
    -32, 0, 0, 0, -15, 0, 0, 0,
    0, 0, 0, 0, 0, 0, 0, 0,
    0, 0, 0, 0, -6, 0, 0, 0,
    0, 0, 0, 0, 0, 0, 0, 0,
    0, 0, 0, 0, 0, 0, 0, 0,
    -12, 0, 0, 0, 0, 0, 0, 0,
    0, 0, 0, 0, 0, 0, 0, 0,
    0, 0, 0, 0, 0, 0, -6, 6,
    0, 1, 0, 0, 0, 0, 0, 0,
    0, 0, 0, 0, 0, 0, 0, 0,
    0, 0, 0, 0, 0, 0, 0, 0,
    0, 0, -2, 0, 0, 0, 0, 0,
    0, 0, 0, 0, 0, 0, 0, 0,
    -22, 0, 0, 0, 0, 6, 0, 0,
    0, 0, 0, 11, 0, 0, 0, 0,
    0, 0, 0, 0, 0, 0, 0, 0,
    -2, 0, 0, 0, 0, 0, -2, 0,
    0, 0, 0, 0, -4, 0, 0, 0,
    0, 0, 0, 0, 0, 0, 0, 0,
    0, 0, -30, 0, 0, -12, 0, 0,
    0, 0, 0, -2, 0, 0, 0, -6,
    0, 0, 0, 0, 0, 0, 0, 0,
    0, 0, 0, 0, 0, 0, 0, 0,
    0, 0, 0, 0, 0, 0, -1, 0,
    0, 0, 0, 0, 0, 0, 0, 0,
    -32, 0, 0, 0, -32, 0, 0, 0,
    0, -18, 0, 0, 0, 0, 0, -8,
    0, 0, 0, 0, -7, 0, 0, 0,
    0, 0, 0, 0, 0, 0, 0, 7,
    0, 0, 0, 0, 0, 0, 0, 0,
    4, 0, 0, 0, 0, 0, 0, 11,
    0, 0, 0, 0, 9, 0, 0, 0,
    0, 2, 11, 0, 0, 0, 0, 0,
    0, 0, 0, 0, 0, 0, -3, 7,
    11, 0, 0, 0, 0, 0, 0, 0,
    0, 0, 0, 0, 0, 0, 0, 0,
    0, 0, 0, 0, 0, 0, 0, 0,
    0, 0, 0, 0, 0, 0, 0, 0,
    0, 0, 0, 0, 2, 0, 0, 0,
    0, 0, 0, 0, 0, 0, 0, 0,
    0, 2, 2, 0, 0, 25, 0, 0,
    0, 25, 15, 0, 0, 0, 0, 6,
    6, 0, 0, 0, 0, 21, 0, 0,
    0, 0, 0, 17, 16, 0, 24, 15,
    31, 23, 26, 24, 0, 0, 20, 21,
    0, 0, 0, 15, 0, 0, 0, 0,
    0, 18, 0, 20, 20, 0, 28, 31,
    0, 24, 24, 33, 34, 27, 0, 0,
    24, 0, 0, 0, 0, 8, 7, 0,
    0, 0, 0, 35, 0, 24, 20, 0,
    13, 15, 11, 0, 0, 11, 0, 22,
    25, 0, 17, 0, 7, 21, 16, 24,
    28, 25, 25, 0, 11, 25, 25, 11,
    0, 0, 0, 0, 0, 0, 0, 0,
    0, 0, 0, 0, 0, 0, 0, 0,
    -15, 0, 0, 0, 0, 0, 0, 0,
    0, 0, 0, 0, 0, 0, 0, 0,
    0, 0, 0, 0, 0, 0, -11, 0,
    0, 0, 0, 0, 0, 0, 0, 0,
    0, 0
};


/*Collect the kern class' data in one place*/
static const lv_font_fmt_txt_kern_classes_t kern_classes =
{
    .class_pair_values   = kern_class_values,
    .left_class_mapping  = kern_left_class_mapping,
    .right_class_mapping = kern_right_class_mapping,
    .left_class_cnt      = 57,
    .right_class_cnt     = 50,
};

/*--------------------
 *  ALL CUSTOM DATA
 *--------------------*/

#if LVGL_VERSION_MAJOR == 8
/*Store all the custom data of the font*/
static  lv_font_fmt_txt_glyph_cache_t cache;
#endif

#if LVGL_VERSION_MAJOR >= 8
static const lv_font_fmt_txt_dsc_t font_dsc = {
#else
static lv_font_fmt_txt_dsc_t font_dsc = {
#endif
    .glyph_bitmap = glyph_bitmap,
    .glyph_dsc = glyph_dsc,
    .cmaps = cmaps,
    .kern_dsc = &kern_classes,
    .kern_scale = 16,
    .cmap_num = 7,
    .bpp = 4,
    .kern_classes = 1,
    .bitmap_format = 1,
#if LVGL_VERSION_MAJOR == 8
    .cache = &cache
#endif
};



/*-----------------
 *  PUBLIC FONT
 *----------------*/

/*Initialize a public general font descriptor*/
#if LVGL_VERSION_MAJOR >= 8
const lv_font_t ne_font_22 = {
#else
lv_font_t ne_font_22 = {
#endif
    .get_glyph_dsc = lv_font_get_glyph_dsc_fmt_txt,    /*Function pointer to get glyph's data*/
    .get_glyph_bitmap = lv_font_get_bitmap_fmt_txt,    /*Function pointer to get glyph's bitmap*/
    .line_height = 33,          /*The maximum line height required by the font*/
    .base_line = 6,             /*Baseline measured from the bottom of the line*/
#if !(LVGL_VERSION_MAJOR == 6 && LVGL_VERSION_MINOR == 0)
    .subpx = LV_FONT_SUBPX_NONE,
#endif
#if LV_VERSION_CHECK(7, 4, 0) || LVGL_VERSION_MAJOR >= 8
    .underline_position = -2,
    .underline_thickness = 1,
#endif
    .dsc = &font_dsc,          /*The custom font data. Will be accessed by `get_glyph_bitmap/dsc` */
#if LV_VERSION_CHECK(8, 2, 0) || LVGL_VERSION_MAJOR >= 9
    .fallback = NULL,
#endif
    .user_data = NULL,
};



#endif /*#if NE_FONT_22*/

