/* Generated by scripts/gen_ui_fonts.sh — do not edit.
 *
 * ne_font_12: 12px, 4bpp, LVGL format. Source: BeVietnamPro-Regular.ttf from Be Vietnam Pro
 * (https://github.com/google/fonts/tree/main/ofl/bevietnampro), copyright 2021
 * The Be Vietnam Pro Project Authors, SIL Open Font License 1.1
 * (LICENSES/OFL-1.1.txt; NOTICE section A.5). Verified 2026-09-26,
 * file SHA-256 cd1ef6e9d7db28ad5cdb88a65ccbe693870e60d340b791f349d248342b4fe4c3. Glyph ranges: fonts/ranges.txt.
 *
 * This bitmap subset is a Modified Version under OFL 1.1, not the font
 * software. Be Vietnam Pro declares no Reserved Font Name, so naming it
 * ne_font_12 is allowed. Firmware images that link this font distribute it: they
 * must carry this copyright notice and the OFL text (docs/spec/ui.md §5).
 * Regenerate with: bash scripts/gen_ui_fonts.sh
 */
#ifdef LV_LVGL_H_INCLUDE_SIMPLE
#include "lvgl.h"
#else
#include "lvgl/lvgl.h"
#endif

#ifndef NE_FONT_12
#define NE_FONT_12 1
#endif

#if NE_FONT_12

/*-----------------
 *    BITMAPS
 *----------------*/

/*Store the image of the glyphs*/
static LV_ATTRIBUTE_LARGE_CONST const uint8_t glyph_bitmap[] = {
    /* U+0020 " " */

    /* U+0021 "!" */
    0xe, 0x30, 0xf, 0x8c, 0x3, 0xf8, 0x43, 0x8,
    0x18, 0x42, 0x94,

    /* U+0022 "\"" */
    0x2d, 0x87, 0x17, 0x2, 0x1f, 0xe4,

    /* U+0023 "#" */
    0x0, 0x96, 0xc1, 0xa8, 0x3, 0xb4, 0xc3, 0xf4,
    0x3, 0x8b, 0x80, 0x88, 0x1, 0x57, 0xac, 0xfa,
    0x57, 0x80, 0x2f, 0x3, 0x70, 0x37, 0x80, 0x2,
    0x4, 0x47, 0x32, 0x10, 0x4f, 0xc2, 0xfb, 0x3f,
    0x50, 0x5d, 0x57, 0xd4, 0x8d, 0x50, 0x12, 0x6c,
    0x26, 0x42, 0x0, 0xc6, 0xa0, 0x46, 0x1, 0x0,

    /* U+0024 "$" */
    0x0, 0x9d, 0xc0, 0x1d, 0x15, 0x46, 0x0, 0xad,
    0x1d, 0xa2, 0x0, 0x4, 0xed, 0xca, 0x70, 0x9,
    0x0, 0x9, 0xe0, 0xb, 0x88, 0x5a, 0x0, 0x49,
    0xcc, 0xf3, 0x40, 0x4c, 0x1d, 0x98, 0x50, 0x4,
    0x88, 0x0, 0xc0, 0x49, 0x72, 0xf3, 0xa, 0x21,
    0x54, 0x16, 0x9a, 0x0, 0x9e, 0xa8, 0xe0, 0x0,

    /* U+0025 "%" */
    0x8, 0xea, 0x0, 0x2d, 0x80, 0x9, 0x38, 0x14,
    0x23, 0xc0, 0x3c, 0x28, 0x8, 0x0, 0x2b, 0xd3,
    0x48, 0x80, 0x6, 0x7d, 0x93, 0x15, 0x0, 0xfa,
    0x2c, 0x3, 0xe2, 0x56, 0x7e, 0xa0, 0xd, 0x12,
    0x55, 0xc0, 0xc0, 0x1, 0x46, 0x1, 0x2, 0x30,
    0x4, 0x30, 0x92, 0x61, 0xa8,

    /* U+0026 "&" */
    0x0, 0x3f, 0xe1, 0x0, 0x63, 0xae, 0xae, 0x0,
    0xcc, 0xc1, 0x50, 0xe, 0x44, 0xbe, 0x80, 0x30,
    0xad, 0xd9, 0x89, 0xc0, 0x12, 0x2b, 0x80, 0xd8,
    0x2, 0xf7, 0x4f, 0x26, 0x60, 0x20, 0xb, 0x5e,
    0x2c, 0xc, 0x20, 0x4d, 0x40, 0x36, 0x27, 0x61,
    0xc6, 0x88,

    /* U+0027 "'" */
    0x2d, 0x17, 0x1f,

    /* U+0028 "(" */
    0x0, 0x96, 0x0, 0x13, 0x7a, 0x8, 0xd8, 0xa1,
    0xe, 0x40, 0x27, 0x40, 0x2, 0x2, 0x0, 0x39,
    0x0, 0x63, 0x0, 0x98, 0x40, 0x22, 0x3, 0x0,
    0x96, 0x80, 0x28, 0x64, 0x0, 0x15, 0x5b, 0x80,
    0x17, 0x48,

    /* U+0029 ")" */
    0x58, 0x0, 0x9d, 0x30, 0x0, 0x58, 0x30, 0x1,
    0x73, 0x80, 0x46, 0x2a, 0x1, 0x29, 0x0, 0x45,
    0xc0, 0x11, 0x88, 0x4, 0x3c, 0x1, 0x21, 0x0,
    0x14, 0x50, 0x6, 0xe0, 0x13, 0xdd, 0x81, 0xea,
    0x40, 0x0,

    /* U+002A "*" */
    0x0, 0x3b, 0x0, 0xd, 0x40, 0x54, 0x83, 0xe2,
    0x1e, 0x7, 0x4, 0x30, 0x41, 0x73, 0x76, 0x0,
    0x4a, 0x2c, 0x80,

    /* U+002B "+" */
    0x0, 0x50, 0x80, 0x4e, 0x61, 0x1c, 0x59, 0x89,
    0xf2, 0xdd, 0x8, 0x80, 0x44,

    /* U+002C "," */
    0xb, 0x80, 0xcf, 0xe, 0x70,

    /* U+002D "-" */
    0x8f, 0xfb, 0x67, 0xba, 0xc0,

    /* U+002E "." */
    0x8, 0x20, 0x57,

    /* U+002F "/" */
    0x0, 0xc6, 0xa0, 0x1a, 0xc, 0x3, 0x23, 0x80,
    0x4a, 0x82, 0x1, 0x76, 0x80, 0x64, 0x70, 0x9,
    0x50, 0x40, 0x2e, 0xd0, 0xc, 0x8e, 0x1, 0x2a,
    0x8, 0x5, 0xfa, 0x1, 0x95, 0xc0, 0x25, 0x41,
    0x0, 0x80,

    /* U+0030 "0" */
    0x0, 0x3f, 0x7c, 0x0, 0x4d, 0x37, 0x4d, 0x0,
    0xb, 0xb2, 0xaa, 0x9c, 0x8, 0x8a, 0x0, 0x41,
    0x46, 0x10, 0xc, 0x64, 0x1, 0xf9, 0x84, 0x3,
    0x19, 0x10, 0x54, 0x0, 0x82, 0x81, 0x16, 0xa9,
    0x2e, 0x0, 0x66, 0x5d, 0x92, 0x0,

    /* U+0031 "1" */
    0x0, 0x62, 0x23, 0x8c, 0x1a, 0x84, 0x9, 0xc,
    0x3, 0xff, 0x9a,

    /* U+0032 "2" */
    0x0, 0x4f, 0x72, 0x0, 0x29, 0x5a, 0xb6, 0x70,
    0x3, 0x7a, 0x2c, 0xd8, 0x2, 0xcc, 0x0, 0x20,
    0x12, 0x0, 0x55, 0x60, 0x1d, 0x20, 0xe0, 0x1a,
    0x13, 0x40, 0x33, 0xb7, 0x88, 0x4, 0xf1, 0x40,
    0x44, 0x0, 0x40, 0x5e, 0xec, 0x0,

    /* U+0033 "3" */
    0x1, 0xaf, 0xe8, 0x0, 0x58, 0xee, 0x96, 0x1,
    0xa4, 0x8e, 0xd0, 0x30, 0x80, 0x75, 0x0, 0x3,
    0xfc, 0xd0, 0x0, 0x1f, 0xe6, 0x90, 0x30, 0x0,
    0xc3, 0x8e, 0x8, 0x1, 0xc0, 0x52, 0x88, 0xe5,
    0x82, 0x87, 0x74, 0xb0,

    /* U+0034 "4" */
    0x0, 0xd1, 0xe6, 0x1, 0x89, 0xc0, 0x3d, 0x2e,
    0x1, 0xca, 0xa8, 0x0, 0xe8, 0xb0, 0xe, 0x71,
    0x50, 0xc, 0x31, 0xe0, 0x1c, 0x81, 0x9f, 0xe0,
    0xcb, 0x5d, 0xdc, 0x17, 0x40, 0x45, 0x81, 0xc4,

    /* U+0035 "5" */
    0x5, 0xff, 0xce, 0x0, 0x26, 0xdd, 0x98, 0x1,
    0xde, 0x45, 0x8, 0x0, 0xbf, 0x7a, 0x0, 0x26,
    0x5e, 0xd5, 0x80, 0x4, 0x69, 0x9a, 0x5c, 0x0,
    0x82, 0x0, 0x50, 0x12, 0xe0, 0x9, 0x40, 0x48,
    0xe8, 0x8e, 0x5c, 0x1, 0xa1, 0x9a, 0xb0, 0x0,

    /* U+0036 "6" */
    0x0, 0xa7, 0xbe, 0x0, 0x2c, 0x5a, 0xcb, 0x0,
    0x38, 0xe2, 0x19, 0x80, 0x17, 0x40, 0x1e, 0x30,
    0xce, 0xb2, 0x1, 0x9, 0x96, 0x8f, 0x80, 0x84,
    0x29, 0xd1, 0x18, 0x19, 0x80, 0x3d, 0x36, 0x85,
    0x24, 0x60, 0xb3, 0x5a, 0x5e, 0x0,

    /* U+0037 "7" */
    0x5f, 0xfe, 0xc5, 0xdd, 0xc3, 0x20, 0x45, 0x2a,
    0xc0, 0x10, 0xc4, 0x80, 0x69, 0x52, 0x0, 0xcd,
    0xc0, 0x18, 0xc1, 0x0, 0x35, 0xa0, 0x7, 0x11,
    0x0, 0x39, 0xb8, 0x2,

    /* U+0038 "8" */
    0x1, 0xbf, 0xe8, 0x0, 0x69, 0x76, 0xb2, 0x81,
    0xd8, 0x9b, 0x60, 0x15, 0x81, 0x2f, 0x87, 0xb7,
    0xeb, 0x30, 0x21, 0xff, 0x59, 0xd, 0x20, 0xa,
    0x20, 0x2, 0x1, 0x84, 0xc6, 0x44, 0xa1, 0x43,
    0xb, 0xb1, 0x60,

    /* U+0039 "9" */
    0x0, 0x57, 0xf4, 0x0, 0x54, 0xd9, 0xaa, 0xe0,
    0x5, 0xe3, 0x37, 0x48, 0x4, 0x60, 0x10, 0x90,
    0x1d, 0x88, 0xa0, 0x4, 0x39, 0xfb, 0x84, 0x2,
    0x5, 0xbd, 0xfa, 0x24, 0x1, 0x8, 0x7b, 0x80,
    0x8, 0xcd, 0x4b, 0x0, 0x4, 0xcc, 0x7, 0x88,
    0x0,

    /* U+003A ":" */
    0xd, 0x50, 0x57, 0x8, 0x20, 0xf, 0xa0, 0x81,
    0x5c,

    /* U+003B ";" */
    0xc, 0x60, 0xb5, 0x7, 0x30, 0xf, 0x90, 0xc2,
    0x24, 0x2b, 0x80, 0x8,

    /* U+003C "<" */
    0x0, 0xfe, 0x18, 0xa0, 0x18, 0xf1, 0xb0, 0xf4,
    0xf9, 0x10, 0xb1, 0xd4, 0x0, 0x2e, 0xcc, 0xc0,
    0x12, 0xed, 0x0,

    /* U+003D "=" */
    0x8f, 0xfe, 0x49, 0xdd, 0xe4, 0x12, 0x2e, 0x8,
    0xff, 0xe4, 0x9d, 0xde, 0x40,

    /* U+003E ">" */
    0x0, 0xfb, 0x54, 0x3, 0x77, 0x35, 0x40, 0x7,
    0x73, 0x54, 0x0, 0x35, 0x2c, 0x7, 0x66, 0x28,
    0x83, 0x68, 0x80, 0x0,

    /* U+003F "?" */
    0x3, 0xcf, 0xc3, 0x1, 0xc4, 0xc5, 0xd0, 0x42,
    0x83, 0x91, 0x35, 0xc0, 0x0, 0x80, 0x80, 0x80,
    0xea, 0x90, 0x5, 0x4f, 0x40, 0x11, 0x25, 0x80,
    0x63, 0xa0, 0xf, 0x10, 0x7, 0x2d, 0x0, 0x40,

    /* U+0040 "@" */
    0x0, 0x9b, 0x3f, 0xd8, 0xc0, 0x1d, 0x57, 0x3d,
    0xc8, 0xab, 0x0, 0x9d, 0xb5, 0x44, 0x49, 0x81,
    0x0, 0x9, 0xf0, 0x9f, 0xbc, 0x59, 0x70, 0x33,
    0x95, 0xfb, 0x86, 0x4, 0x68, 0xc2, 0x18, 0xc2,
    0xa2, 0x0, 0x62, 0x11, 0x0, 0x78, 0xc0, 0x49,
    0x8, 0x98, 0xc2, 0xa3, 0x82, 0xaa, 0x6, 0x95,
    0x7e, 0xe6, 0xbf, 0x40, 0x84, 0xbd, 0xd7, 0xd9,
    0xdf, 0x30, 0x5, 0x87, 0xbf, 0xee, 0xd3, 0x0,
    0xe8, 0xee, 0xbe, 0xc8, 0x0,

    /* U+0041 "A" */
    0x0, 0x9f, 0xd0, 0x3, 0xd6, 0x1a, 0x1, 0xc2,
    0x6e, 0xe0, 0xe, 0x71, 0x91, 0x30, 0xd, 0xae,
    0x27, 0x60, 0x10, 0xa6, 0x5, 0xa8, 0x4, 0x80,
    0xa0, 0x84, 0x60, 0xf, 0xf, 0xf6, 0x5, 0x80,
    0x16, 0x37, 0x66, 0x50, 0x40, 0x72, 0x2a, 0xc8,
    0x80,

    /* U+0042 "B" */
    0xf, 0xfd, 0x84, 0x1, 0x67, 0x6a, 0xf8, 0x4,
    0x22, 0x2b, 0x20, 0xf, 0x29, 0x80, 0x59, 0xdf,
    0x1e, 0x1, 0x6f, 0xf4, 0x68, 0x80, 0x4, 0x67,
    0x34, 0x0, 0xff, 0x8, 0xce, 0x48, 0x0, 0xce,
    0xe5, 0x58, 0x80,

    /* U+0043 "C" */
    0x0, 0x1e, 0x7f, 0x48, 0x80, 0xf, 0x17, 0x28,
    0xb0, 0x1, 0xed, 0x26, 0x96, 0xc, 0x47, 0x0,
    0x1b, 0x95, 0x84, 0x40, 0x18, 0xcc, 0x1, 0xfc,
    0xc2, 0x20, 0xc, 0x66, 0x23, 0x80, 0xd, 0xca,
    0x1e, 0xd2, 0x69, 0x60, 0xc0, 0x78, 0xb9, 0x43,
    0x80,

    /* U+0044 "D" */
    0xf, 0xfb, 0xa4, 0x40, 0x36, 0x6e, 0x8b, 0x0,
    0x30, 0x91, 0xd8, 0xc0, 0x7, 0xd2, 0xc0, 0x1f,
    0x38, 0x80, 0x7f, 0xf1, 0x1c, 0x40, 0x3e, 0x96,
    0x0, 0x84, 0x47, 0x63, 0x20, 0x16, 0x76, 0x8e,
    0x8, 0x0,

    /* U+0045 "E" */
    0xf, 0xfe, 0x90, 0x6, 0x6e, 0xd0, 0x0, 0x12,
    0x28, 0x40, 0x3f, 0xf8, 0x9b, 0xff, 0x0, 0x57,
    0xbb, 0x0, 0x4c, 0x45, 0x0, 0x42, 0x3c, 0x0,
    0xce, 0xea, 0xc0,

    /* U+0046 "F" */
    0xf, 0xfe, 0xd0, 0x6, 0x6e, 0xd8, 0x0, 0x12,
    0x28, 0x40, 0x3f, 0xf8, 0x9b, 0xff, 0x20, 0x2,
    0xf7, 0x64, 0x0, 0x31, 0x14, 0x1, 0xff, 0xc3,

    /* U+0047 "G" */
    0x0, 0x1d, 0xff, 0x50, 0x80, 0xf, 0xb, 0x28,
    0x70, 0x1, 0xcd, 0x26, 0x96, 0xc, 0x44, 0x80,
    0xd, 0xca, 0xc2, 0x20, 0xc, 0x66, 0x0, 0xee,
    0xea, 0xd8, 0x44, 0x0, 0xff, 0x48, 0x11, 0x20,
    0x0, 0x22, 0xcc, 0x7, 0x34, 0x99, 0xa9, 0x58,
    0xf, 0xb, 0x34, 0x3c, 0x40,

    /* U+0048 "H" */
    0xf, 0x20, 0xa, 0xa0, 0x3, 0xff, 0xad, 0xbf,
    0xf2, 0x80, 0x57, 0xbb, 0x28, 0x4, 0xc4, 0x50,
    0x7, 0xff, 0x18,

    /* U+0049 "I" */
    0xf, 0x20, 0xf, 0xfe, 0x78,

    /* U+004A "J" */
    0x0, 0xa6, 0x80, 0x3f, 0xfa, 0x26, 0x1, 0x17,
    0x9, 0x3a, 0x2b, 0x6d, 0x50, 0x80,

    /* U+004B "K" */
    0xf, 0x20, 0x3, 0xf1, 0x0, 0x64, 0x8d, 0x20,
    0x8, 0xee, 0x8c, 0x2, 0x1d, 0x85, 0x0, 0xda,
    0x8e, 0x1, 0xc4, 0xe2, 0x1, 0xdc, 0x34, 0x1,
    0xed, 0x59, 0x0, 0xe1, 0xc6, 0x60, 0x7, 0x15,
    0x4a, 0x0,

    /* U+004C "L" */
    0xf, 0x20, 0xf, 0xff, 0x58, 0x8f, 0x0, 0x33,
    0xba, 0xa0,

    /* U+004D "M" */
    0xf, 0xb0, 0xc, 0xfe, 0x80, 0x4, 0x20, 0xa,
    0x40, 0x32, 0x58, 0x1, 0x4c, 0x40, 0x2f, 0x61,
    0x9, 0xb0, 0xc, 0xa8, 0xc6, 0x4c, 0x1, 0xdf,
    0x30, 0xc0, 0x1e, 0x43, 0x49, 0x0, 0xfb, 0xa8,
    0x40, 0x3e, 0x35, 0x0, 0xff, 0xe1, 0x0,

    /* U+004E "N" */
    0xf, 0x50, 0x9, 0x74, 0x1, 0x60, 0x1f, 0xa0,
    0x3, 0xd6, 0xe4, 0x1, 0xce, 0xd2, 0x1, 0xe8,
    0x55, 0x0, 0x70, 0xdd, 0x8c, 0x3, 0x94, 0xa0,
    0x3, 0xdc, 0x20, 0x1e, 0x27, 0x0,

    /* U+004F "O" */
    0x0, 0x15, 0xff, 0xa8, 0x80, 0x22, 0xd1, 0xcb,
    0x1c, 0x20, 0x4, 0xad, 0x1a, 0x5a, 0xc0, 0x12,
    0x40, 0x6, 0x85, 0x6, 0x12, 0x0, 0xc6, 0x6,
    0x1, 0xfe, 0x61, 0x20, 0xc, 0x60, 0x64, 0x96,
    0x1, 0xa1, 0x0, 0x10, 0xd4, 0x66, 0xb5, 0x90,
    0x1, 0xe0, 0xe6, 0x3, 0x8, 0x0,

    /* U+0050 "P" */
    0xf, 0xfd, 0x20, 0x1b, 0x37, 0x16, 0x40, 0x21,
    0x23, 0xf6, 0x0, 0xf1, 0x81, 0x0, 0x71, 0x1,
    0x80, 0x74, 0xa0, 0x80, 0x37, 0xfc, 0xf4, 0x1,
    0x5e, 0xf6, 0x8, 0x4, 0xc4, 0x20, 0x1f, 0xf0,

    /* U+0051 "Q" */
    0x0, 0x15, 0xff, 0xa8, 0x80, 0x22, 0xd1, 0xcb,
    0x1c, 0x20, 0x4, 0xad, 0x1a, 0x5a, 0xc0, 0x12,
    0x40, 0x6, 0x85, 0x6, 0x12, 0x0, 0xc6, 0x6,
    0x1, 0xfe, 0x61, 0x20, 0x4, 0x31, 0x81, 0x92,
    0x58, 0x2, 0xe7, 0x90, 0x1, 0xd, 0x46, 0xe6,
    0x5c, 0x0, 0x3c, 0x1c, 0xa6, 0x8b, 0x20,

    /* U+0052 "R" */
    0xf, 0xfd, 0x20, 0x1b, 0x37, 0x12, 0x0, 0x21,
    0x23, 0xb5, 0x0, 0xf1, 0x80, 0x7d, 0x28, 0x1,
    0x6f, 0xf9, 0xe0, 0x2, 0xcd, 0xf, 0x10, 0x8,
    0x4a, 0x20, 0x1, 0xe7, 0x26, 0x0, 0xf5, 0xc0,
    0x0,

    /* U+0053 "S" */
    0x2, 0xbf, 0xe7, 0x0, 0xbc, 0x76, 0xa5, 0x40,
    0x4a, 0xc9, 0x2c, 0x80, 0x42, 0x40, 0xa, 0xe0,
    0xa, 0x7f, 0xb4, 0x0, 0x97, 0xe8, 0x6d, 0xc0,
    0x32, 0xd5, 0x20, 0x13, 0xc0, 0x26, 0x0, 0x21,
    0xd9, 0x9b, 0xd4, 0x1, 0xa3, 0xb8, 0xd6, 0x0,

    /* U+0054 "T" */
    0x7f, 0xff, 0x23, 0xee, 0x91, 0xf7, 0x48, 0x4,
    0x40, 0xf2, 0x20, 0x7, 0xff, 0xb4,

    /* U+0055 "U" */
    0xf, 0x20, 0x9, 0xec, 0x3, 0xff, 0xca, 0x28,
    0x1, 0x69, 0x4, 0xc3, 0x24, 0x2d, 0x83, 0xcc,
    0x5a, 0x59, 0x0,

    /* U+0056 "V" */
    0x7c, 0x0, 0xc9, 0xc0, 0xa6, 0x20, 0x16, 0xa0,
    0x11, 0x1c, 0x2, 0x7f, 0x0, 0x2e, 0x80, 0xc,
    0x54, 0x1, 0x68, 0x0, 0xb4, 0x0, 0x8c, 0x50,
    0x17, 0x40, 0x33, 0xe9, 0x11, 0xc0, 0x36, 0xba,
    0x98, 0x80, 0x64, 0x19, 0xb0, 0xf, 0x28, 0xa8,
    0x4,

    /* U+0057 "W" */
    0x6c, 0x0, 0xaa, 0xc0, 0x2b, 0x74, 0x30, 0x9,
    0x10, 0x1, 0x22, 0x8, 0x50, 0x8, 0x44, 0x60,
    0x60, 0x60, 0xa6, 0x8, 0x98, 0x14, 0xc0, 0x19,
    0x80, 0xf3, 0xdc, 0xc, 0x40, 0x2, 0x20, 0x13,
    0x11, 0x41, 0x30, 0x0, 0x60, 0x84, 0x86, 0x28,
    0x28, 0x1, 0x27, 0x98, 0x1, 0x20, 0xc0, 0x31,
    0xa2, 0x0, 0x18, 0x6a, 0x1, 0xb0, 0x30, 0x0,
    0x81, 0x80, 0x0,

    /* U+0058 "X" */
    0x1f, 0x50, 0xa, 0xec, 0x31, 0x0, 0x2, 0x22,
    0x41, 0xcd, 0xc2, 0x5c, 0x80, 0x17, 0xe, 0x70,
    0x1, 0x29, 0xc4, 0x0, 0x3f, 0xf8, 0xa, 0x71,
    0x0, 0xd, 0x70, 0xe7, 0x0, 0x7, 0x37, 0x9,
    0x72, 0x18, 0x80, 0x1, 0x11, 0x20,

    /* U+0059 "Y" */
    0x7c, 0x0, 0xda, 0xee, 0x24, 0x0, 0x29, 0xb8,
    0x34, 0x0, 0x26, 0x40, 0x9, 0x33, 0x21, 0xb8,
    0x0, 0x5e, 0x3d, 0xc0, 0x34, 0xa2, 0x24, 0x3,
    0xa, 0xa8, 0x40, 0x38, 0xcc, 0x1, 0xff, 0xc7,

    /* U+005A "Z" */
    0x3f, 0xff, 0x9, 0xee, 0xe5, 0x31, 0x2, 0x28,
    0x57, 0xc0, 0x3b, 0xdc, 0xc0, 0x33, 0x14, 0x0,
    0x61, 0x9b, 0x0, 0xeb, 0x45, 0x0, 0xc8, 0xb4,
    0x1, 0xd2, 0xe0, 0x23, 0x1, 0x93, 0xf7, 0x62,

    /* U+005B "[" */
    0xf, 0xfa, 0x0, 0x19, 0xb2, 0x0, 0x22, 0x8,
    0x7, 0xff, 0x78, 0x84, 0x2, 0xce, 0x80,

    /* U+005C "\\" */
    0x62, 0x0, 0xdf, 0x40, 0x1b, 0x54, 0x3, 0x21,
    0x90, 0x6, 0x7a, 0x0, 0xda, 0xa0, 0x19, 0xc,
    0x80, 0x33, 0xd0, 0x6, 0xd5, 0x0, 0xc8, 0x64,
    0x1, 0x9e, 0x80, 0x36, 0xa8, 0x6, 0x43, 0x20,

    /* U+005D "]" */
    0xf, 0xfa, 0x3, 0x74, 0xa0, 0x2, 0x21, 0x80,
    0x7f, 0xf7, 0x84, 0x46, 0x0, 0xee, 0x28, 0x0,

    /* U+005E "^" */
    0x7, 0xe3, 0x3, 0xbc, 0xe0,

    /* U+005F "_" */
    0x8e, 0xee, 0x9, 0xff, 0xe0,

    /* U+0060 "`" */
    0x53, 0x0, 0x78, 0x28, 0x98,

    /* U+0061 "a" */
    0x1, 0xbf, 0xc6, 0xd0, 0xa0, 0xe8, 0x80, 0x12,
    0x50, 0xa3, 0x0, 0x8c, 0x0, 0xd0, 0x11, 0x0,
    0x44, 0x4, 0x72, 0x5, 0x20, 0xd, 0x2e, 0xe4,
    0x80,

    /* U+0062 "b" */
    0xf, 0x10, 0xf, 0xfe, 0x5a, 0x6f, 0xd0, 0x6,
    0x8f, 0xd7, 0x90, 0xa, 0x8, 0x92, 0xc0, 0x13,
    0x80, 0x14, 0x4, 0x0, 0xe0, 0x5, 0x1, 0x0,
    0x41, 0x12, 0x18, 0x2, 0x8f, 0xd6, 0x90,

    /* U+0063 "c" */
    0x0, 0x57, 0xf3, 0x80, 0x2c, 0x77, 0x52, 0x82,
    0x94, 0x47, 0xa0, 0x42, 0x20, 0x1, 0xa0, 0x88,
    0x2, 0x34, 0x24, 0xb2, 0x3d, 0x10, 0xb1, 0xdd,
    0x4a, 0x80,

    /* U+0064 "d" */
    0x0, 0xe4, 0xd0, 0xf, 0xfe, 0x18, 0xdf, 0xe1,
    0x0, 0x28, 0x3a, 0x20, 0x4, 0x94, 0x28, 0xc0,
    0x23, 0x0, 0x34, 0x4, 0x60, 0x6, 0x81, 0x1d,
    0x9, 0xb0, 0x3, 0x43, 0xbe, 0x0,

    /* U+0065 "e" */
    0x1, 0xbf, 0xd4, 0x0, 0x69, 0x75, 0xd0, 0x91,
    0xc8, 0xb2, 0xa0, 0x87, 0xfc, 0x84, 0x21, 0xff,
    0x73, 0x91, 0xc8, 0xa7, 0x90, 0x69, 0x74, 0xd9,
    0x0,

    /* U+0066 "f" */
    0x0, 0x57, 0x98, 0x22, 0x3c, 0xc0, 0x94, 0x0,
    0xf2, 0x9e, 0x6f, 0x29, 0xe6, 0x1, 0xff, 0xcd,

    /* U+0067 "g" */
    0x1, 0xbf, 0xc6, 0xe0, 0xd0, 0xef, 0x80, 0x23,
    0xa1, 0x39, 0x1, 0x18, 0x0, 0x40, 0x23, 0x0,
    0x8, 0x8, 0xe8, 0x4e, 0x40, 0x1a, 0x1d, 0xf2,
    0x60, 0xd5, 0xf8, 0x22, 0xd, 0xa2, 0x38, 0xb0,
    0xb1, 0xdd, 0x33, 0x80,

    /* U+0068 "h" */
    0xf, 0x10, 0xf, 0xfe, 0x43, 0xf7, 0x10, 0x2,
    0xcf, 0x9a, 0x0, 0xa4, 0x5c, 0x48, 0x0, 0x40,
    0x1f, 0xfc, 0xd0,

    /* U+0069 "i" */
    0xe, 0x20, 0x93, 0x7, 0x10, 0xf2, 0x0, 0xff,
    0xe3, 0x0,

    /* U+006A "j" */
    0x0, 0x6a, 0x0, 0x29, 0x40, 0xe, 0x20, 0xd,
    0x40, 0xf, 0xfe, 0x80, 0xa1, 0x2c, 0xd4, 0x8,

    /* U+006B "k" */
    0xf, 0x10, 0xf, 0xfe, 0x56, 0x50, 0x6, 0xb7,
    0xa0, 0xa, 0x9e, 0xc0, 0x32, 0x58, 0x7, 0x54,
    0x18, 0x6, 0x48, 0xd1, 0x0, 0xce, 0x9a, 0x0,

    /* U+006C "l" */
    0xf, 0x10, 0xf, 0xfe, 0x78,

    /* U+006D "m" */
    0x2f, 0x7e, 0xd2, 0x9e, 0xc2, 0x0, 0xb9, 0x37,
    0xf9, 0x60, 0x0, 0xc1, 0x40, 0xc1, 0xae, 0x0,
    0x10, 0x0, 0x80, 0x46, 0x1, 0xff, 0xd2,

    /* U+006E "n" */
    0x2f, 0x7e, 0xd2, 0x0, 0xdd, 0x5e, 0x1, 0x30,
    0x29, 0x0, 0x42, 0x6, 0x1, 0xff, 0xcb,

    /* U+006F "o" */
    0x1, 0xaf, 0xe7, 0x0, 0x50, 0xee, 0xa5, 0x89,
    0x28, 0x8e, 0x2d, 0x84, 0x40, 0x5, 0x26, 0x11,
    0x0, 0x14, 0x88, 0x94, 0x47, 0x16, 0x14, 0x3b,
    0xa9, 0x60,

    /* U+0070 "p" */
    0xf, 0x6d, 0xea, 0x0, 0xd5, 0xbc, 0x32, 0x1,
    0x40, 0x2, 0x18, 0x2, 0x60, 0x1, 0x0, 0x80,
    0x1c, 0x0, 0xa0, 0x20, 0x8, 0x22, 0x4b, 0x0,
    0x51, 0xfa, 0xf2, 0x1, 0x26, 0xfd, 0x0, 0x7f,
    0xf1, 0x80,

    /* U+0071 "q" */
    0x1, 0xbf, 0xc6, 0xd0, 0xa0, 0xe8, 0x80, 0x12,
    0x50, 0xa3, 0x0, 0x8c, 0x0, 0xd0, 0x11, 0x80,
    0x1a, 0x4, 0x74, 0x26, 0xc0, 0xd, 0xe, 0xf8,
    0x0, 0xd, 0xfe, 0x10, 0x7, 0xff, 0xc,

    /* U+0072 "r" */
    0x2f, 0x9f, 0x40, 0xb, 0x90, 0x1, 0x2, 0x1,
    0x8, 0x7, 0xff, 0x14,

    /* U+0073 "s" */
    0x7, 0xee, 0x30, 0x14, 0x66, 0xc1, 0x18, 0x21,
    0x71, 0xd, 0x53, 0xa8, 0x5, 0xf3, 0x9d, 0x8b,
    0x4c, 0x2, 0x38, 0xde, 0x46,

    /* U+0074 "t" */
    0x3, 0x50, 0x9, 0x38, 0x1, 0x30, 0x9e, 0x93,
    0x9, 0xe8, 0x1, 0xff, 0x8, 0x6, 0x36, 0x20,
    0x2, 0xb6, 0xb8,

    /* U+0075 "u" */
    0x2f, 0x0, 0x1f, 0x80, 0x7f, 0xf2, 0x9c, 0x8,
    0x14, 0xa0, 0x1, 0x37, 0x96, 0x0,

    /* U+0076 "v" */
    0x6c, 0x0, 0xb5, 0x1c, 0xc4, 0xc, 0xc8, 0x28,
    0xc1, 0x6e, 0x0, 0xeb, 0x5, 0xd0, 0x2, 0x9a,
    0x9a, 0x0, 0x4b, 0x6e, 0x1, 0xbc, 0x68, 0x0,

    /* U+0077 "w" */
    0x6b, 0x0, 0x3f, 0x0, 0x13, 0x41, 0x10, 0x0,
    0xb1, 0x30, 0xd4, 0x2, 0x22, 0x9, 0xaa, 0x2,
    0x68, 0x1, 0x75, 0x11, 0xd6, 0x44, 0x40, 0x6,
    0x27, 0xea, 0x1d, 0x20, 0x4, 0x84, 0xa8, 0x8,
    0xfa, 0x1, 0x94, 0x88, 0x1a, 0xe, 0x0,

    /* U+0078 "x" */
    0x3e, 0x10, 0x5e, 0x3, 0x48, 0x8, 0xb0, 0x5,
    0xbd, 0x32, 0x80, 0x5, 0xd7, 0xc0, 0x21, 0x75,
    0xf0, 0xa, 0x1e, 0x99, 0x0, 0xde, 0x2, 0x28,
    0x0,

    /* U+0079 "y" */
    0x5d, 0x0, 0xb1, 0x94, 0x88, 0x2, 0x6e, 0xa,
    0xa0, 0x74, 0x10, 0xfb, 0xa, 0xd0, 0x2, 0x99,
    0xce, 0x1, 0x27, 0x20, 0x80, 0x5c, 0x5a, 0x1,
    0x9c, 0x1c, 0x2, 0x29, 0x71, 0x0, 0x46, 0x14,
    0x0, 0x40,

    /* U+007A "z" */
    0x4f, 0xfd, 0x49, 0xfe, 0xd0, 0x90, 0xb, 0xe0,
    0xc0, 0x12, 0xce, 0x0, 0x47, 0xa0, 0x0, 0xd5,
    0x4, 0x0, 0xc3, 0x7f, 0xea,

    /* U+007B "{" */
    0x1, 0xbf, 0x90, 0x76, 0xd8, 0x1, 0x72, 0x10,
    0xf, 0xfb, 0x8c, 0x1, 0x6d, 0x40, 0xa, 0x4a,
    0x0, 0xe, 0x18, 0x7, 0xff, 0x4, 0x5c, 0x80,
    0xe, 0x3b, 0x40,

    /* U+007C "|" */
    0x1f, 0x0, 0xff, 0xe8, 0x0,

    /* U+007D "}" */
    0x7f, 0xc1, 0x6, 0xd0, 0x90, 0x12, 0x41, 0x0,
    0xff, 0xe0, 0xf9, 0x0, 0x4a, 0x9a, 0x0, 0x53,
    0xf0, 0x7, 0xa9, 0x0, 0x7f, 0xc2, 0x62, 0x11,
    0xcd, 0x40,

    /* U+007E "~" */
    0xb, 0xb0, 0xd0, 0x97, 0xe7, 0x80,

    /* U+00A0 " " */

    /* U+00A1 "¡" */
    0xd, 0x40, 0xa5, 0x6, 0x10, 0xc2, 0x0, 0x8,
    0x7, 0xc6, 0x1, 0xf0,

    /* U+00A2 "¢" */
    0x0, 0x84, 0x3, 0xd4, 0xa0, 0x11, 0x62, 0x54,
    0x0, 0x39, 0x4e, 0x15, 0x44, 0x72, 0xe5, 0xcc,
    0xc2, 0x0, 0x8c, 0xcc, 0x40, 0x11, 0xa1, 0x25,
    0x3e, 0xe8, 0x42, 0x84, 0xda, 0x54, 0x6, 0xd2,
    0xdc, 0x0,

    /* U+00A3 "£" */
    0x0, 0x3f, 0x7f, 0x18, 0x3c, 0xde, 0xe8, 0x82,
    0xad, 0x48, 0xc4, 0x4, 0x3, 0xc9, 0xc0, 0x19,
    0x15, 0x37, 0x4c, 0x9, 0xad, 0x5a, 0xc0, 0x11,
    0x10, 0x3, 0x3b, 0x90, 0x44, 0x9, 0x7, 0xdd,
    0x50,

    /* U+00A4 "¤" */
    0x2, 0x0, 0x84, 0x45, 0xf5, 0xd7, 0xa4, 0x44,
    0x2e, 0xd0, 0x30, 0x48, 0x6, 0x11, 0x0, 0x78,
    0x41, 0x20, 0x14, 0x40, 0x90, 0xbb, 0x80, 0x65,
    0xf5, 0xd7, 0xa4,

    /* U+00A5 "¥" */
    0x7c, 0x0, 0xda, 0xec, 0x68, 0x0, 0x42, 0x71,
    0x7f, 0x0, 0x7b, 0x80, 0x25, 0x8, 0x89, 0x20,
    0x1, 0x5b, 0x86, 0x10, 0x6, 0xab, 0x2b, 0x68,
    0x3, 0x7d, 0x11, 0xfa, 0x0, 0xdf, 0x44, 0x7e,
    0x80, 0x37, 0xd9, 0x9f, 0xa0, 0x1f, 0xc0,

    /* U+00A6 "¦" */
    0x1f, 0x0, 0xff, 0x88, 0x74, 0x8, 0x74, 0x3,
    0xfc,

    /* U+00A7 "§" */
    0x0, 0x46, 0xf5, 0x8, 0x2, 0x16, 0x74, 0x68,
    0x0, 0xb0, 0x87, 0x4a, 0x20, 0xd8, 0x0, 0x1e,
    0x10, 0x97, 0xd9, 0x40, 0xa, 0x12, 0xc2, 0xb4,
    0x91, 0xe9, 0xa7, 0x9a, 0x0, 0x88, 0x1, 0x18,
    0x23, 0x6e, 0x3c, 0x24, 0x4, 0xed, 0xe3, 0xa9,
    0x0, 0x9, 0xef, 0x5d, 0x3, 0x88, 0x0, 0x45,
    0x2, 0x48, 0x82, 0x1a, 0x85, 0x8f, 0x7d, 0x49,
    0x80, 0xd7, 0xf7, 0x18, 0x0,

    /* U+00A8 "¨" */
    0x35, 0x17, 0x5, 0xe3, 0x91,

    /* U+00A9 "©" */
    0x0, 0x15, 0x6e, 0xa8, 0x40, 0x24, 0xf2, 0x10,
    0x1c, 0x30, 0x4, 0xf3, 0x76, 0xb4, 0x78, 0x1b,
    0xb3, 0x90, 0x6a, 0x81, 0x31, 0x0, 0x79, 0x85,
    0x89, 0x1c, 0x43, 0x9, 0x84, 0xdc, 0xeb, 0x75,
    0x42, 0x4, 0x13, 0xe1, 0x9a, 0x7d, 0xe0, 0x4,
    0xff, 0x6e, 0xbf, 0xc6, 0x0,

    /* U+00AA "ª" */
    0x8, 0xc9, 0x0, 0x74, 0x39, 0x12, 0xc4, 0x4,
    0xc3, 0xc0, 0x0,

    /* U+00AB "«" */
    0x0, 0x36, 0x8c, 0x58, 0x1, 0x6f, 0x19, 0x2c,
    0xe, 0xf1, 0x27, 0x40, 0x6, 0x4c, 0x86, 0xe0,
    0x16, 0x5b, 0xe5, 0xa8, 0x5, 0xa2, 0x1e, 0x40,

    /* U+00AC "¬" */
    0xf, 0xfe, 0xe0, 0xff, 0xe0, 0xf, 0xfe, 0x14,
    0x80,

    /* U+00AD "­" */
    0x8f, 0xfb, 0x67, 0xba, 0xc0,

    /* U+00AE "®" */
    0x6, 0x87, 0x4, 0x10, 0x16, 0x33, 0x11, 0x89,
    0x94, 0x98, 0x20, 0x5f, 0x38,

    /* U+00AF "¯" */
    0xbf, 0xf6, 0x0,

    /* U+00B0 "°" */
    0x5, 0xec, 0x11, 0x47, 0xc6, 0xaa, 0xa, 0x12,
    0xa0, 0xa1, 0xc, 0x7c, 0xf0,

    /* U+00B1 "±" */
    0x0, 0x4a, 0x80, 0x7e, 0x5e, 0x6a, 0xe1, 0x5f,
    0x59, 0xf1, 0x1, 0x22, 0x8, 0x5, 0x8, 0x0,
    0x7c, 0xcc, 0x80,

    /* U+00B2 "²" */
    0x7, 0xeb, 0x0, 0x67, 0x3a, 0x85, 0x91, 0x1c,
    0xf, 0xf4, 0x83, 0xb, 0x58,

    /* U+00B3 "³" */
    0x8, 0xeb, 0x0, 0xf, 0x31, 0x84, 0xe0, 0x18,
    0x46, 0xa, 0x0, 0xf3, 0xa8,

    /* U+00B4 "´" */
    0x1, 0x70, 0x3, 0x70, 0x2, 0xac, 0x0,

    /* U+00B5 "µ" */
    0x7b, 0x0, 0x3d, 0x0, 0x7f, 0xf4, 0xb8, 0x3,
    0x29, 0x99, 0xdc, 0x40, 0x3, 0xdd, 0x53, 0x68,
    0x83, 0xf7, 0x12, 0xfc, 0x40, 0x40, 0x3f, 0xf8,
    0x40,

    /* U+00B6 "¶" */
    0x2c, 0xef, 0xf3, 0x49, 0x89, 0x48, 0xa8, 0x4,
    0x60, 0x80, 0x1d, 0x4c, 0x80, 0x1a, 0x6c, 0x40,
    0x3f, 0xf9, 0x0,

    /* U+00B7 "·" */
    0x64, 0xd3,

    /* U+00B8 "¸" */
    0x33, 0x7, 0xc1, 0x6f, 0x55, 0xf5, 0x0,

    /* U+00B9 "¹" */
    0x1a, 0x75, 0x60, 0x44, 0x0, 0x7c,

    /* U+00BA "º" */
    0x7, 0xdb, 0x12, 0xad, 0xd4, 0x0, 0x46, 0x62,
    0x5d, 0x88, 0x0,

    /* U+00BB "»" */
    0x2d, 0x43, 0xe2, 0x0, 0x17, 0xd0, 0x56, 0x10,
    0x0, 0xb7, 0x4d, 0x78, 0x20, 0x9, 0x42, 0xe6,
    0x10, 0x90, 0xaa, 0x14, 0x1, 0x75, 0x1e, 0x48,
    0x0,

    /* U+00BC "¼" */
    0x2, 0x0, 0xfd, 0x38, 0x1, 0xa9, 0xc0, 0x10,
    0x1, 0x8d, 0xdc, 0x1, 0xf7, 0xc0, 0x7, 0xca,
    0xa, 0x1, 0xc, 0x0, 0x23, 0xc0, 0x10, 0x60,
    0xc0, 0xee, 0x30, 0x86, 0x50, 0x0, 0xcd, 0x81,
    0x1b, 0x80, 0x50, 0xc2, 0x14, 0xaf, 0x0, 0x29,
    0x0, 0x8, 0xe6, 0xb0,

    /* U+00BD "½" */
    0x3, 0x0, 0xe1, 0x0, 0xab, 0x40, 0x35, 0x38,
    0x5, 0x60, 0x18, 0xdd, 0x80, 0x3f, 0x7c, 0x0,
    0x61, 0x30, 0x2, 0x82, 0x80, 0x76, 0x80, 0x23,
    0xc1, 0xba, 0x40, 0x33, 0xb8, 0xc2, 0xfd, 0xc8,
    0x0, 0x33, 0x60, 0xd, 0x23, 0x20, 0x4, 0x30,
    0x80, 0xf, 0xbc, 0x0, 0x49, 0x0, 0x16, 0x9e,
    0x18,

    /* U+00BE "¾" */
    0x2c, 0xc2, 0x80, 0x50, 0xe0, 0x2, 0x92, 0x10,
    0x1, 0x33, 0x0, 0x8, 0x31, 0xa0, 0x9, 0x81,
    0x0, 0x34, 0x5d, 0x2, 0x33, 0x0, 0x22, 0xcd,
    0x30, 0x99, 0x0, 0xfb, 0x0, 0x66, 0x74, 0xb,
    0x20, 0xc, 0x31, 0x0, 0x31, 0x40, 0xd, 0x2c,
    0x41, 0x6a, 0xf0, 0x0, 0x15, 0x80, 0x4, 0x73,
    0x58,

    /* U+00BF "¿" */
    0x0, 0xf, 0x10, 0x6, 0x19, 0x20, 0xe, 0x10,
    0xe, 0x29, 0x0, 0xee, 0x50, 0xd, 0x61, 0x40,
    0x11, 0xa6, 0x80, 0x66, 0x21, 0x0, 0x71, 0xb9,
    0x28, 0x38, 0x19, 0x4d, 0x7c, 0xd0, 0x1, 0xbf,
    0x79, 0x0,

    /* U+00C0 "À" */
    0x0, 0xf, 0x10, 0x7, 0x85, 0xa8, 0x3, 0xe9,
    0xe0, 0xf, 0x9a, 0x50, 0x3, 0xd6, 0x1a, 0x1,
    0xc2, 0x6e, 0xe0, 0xe, 0x71, 0x91, 0x30, 0xd,
    0xae, 0x27, 0x60, 0x10, 0xa6, 0x5, 0xa8, 0x4,
    0x80, 0xa0, 0x84, 0x60, 0xf, 0xf, 0xf6, 0x5,
    0x80, 0x16, 0x37, 0x66, 0x50, 0x40, 0x72, 0x2a,
    0xc8, 0x80,

    /* U+00C1 "Á" */
    0x0, 0xc9, 0xa0, 0x1f, 0x75, 0x80, 0x7d, 0xac,
    0x1, 0xe7, 0x84, 0x0, 0xf5, 0x86, 0x80, 0x70,
    0x9b, 0xb8, 0x3, 0x9c, 0x64, 0x4c, 0x3, 0x6b,
    0x89, 0xd8, 0x4, 0x29, 0x81, 0x6a, 0x1, 0x20,
    0x28, 0x21, 0x18, 0x3, 0xc3, 0xfd, 0x81, 0x60,
    0x5, 0x8d, 0xd9, 0x94, 0x10, 0x1c, 0x8a, 0xb2,
    0x20,

    /* U+00C2 "Â" */
    0x0, 0x85, 0xc0, 0x3e, 0xde, 0xa0, 0xe, 0x29,
    0x96, 0x8, 0x6, 0x22, 0x79, 0x8, 0x7, 0x58,
    0x68, 0x7, 0x9, 0xbb, 0x80, 0x39, 0xc6, 0x44,
    0xc0, 0x36, 0xb8, 0x9d, 0x80, 0x42, 0x98, 0x16,
    0xa0, 0x12, 0x2, 0x82, 0x11, 0x80, 0x3c, 0x3f,
    0xd8, 0x16, 0x0, 0x58, 0xdd, 0x99, 0x41, 0x1,
    0xc8, 0xab, 0x22, 0x0,

    /* U+00C3 "Ã" */
    0x0, 0x16, 0xbc, 0x18, 0x6, 0x48, 0xe5, 0x30,
    0xc, 0xcb, 0x3a, 0x1, 0xe7, 0xf4, 0x0, 0xf5,
    0x86, 0x80, 0x70, 0x9b, 0xb8, 0x3, 0x9c, 0x64,
    0x4c, 0x3, 0x6b, 0x89, 0xd8, 0x4, 0x29, 0x81,
    0x6a, 0x1, 0x20, 0x28, 0x21, 0x18, 0x3, 0xc3,
    0xfd, 0x81, 0x60, 0x5, 0x8d, 0xd9, 0x94, 0x10,
    0x1c, 0x8a, 0xb2, 0x20,

    /* U+00C4 "Ä" */
    0x0, 0x26, 0x8f, 0x10, 0x6, 0x6b, 0x19, 0x20,
    0xc, 0x43, 0xe6, 0x1, 0xeb, 0xd, 0x0, 0xe1,
    0x37, 0x70, 0x7, 0x38, 0xc8, 0x98, 0x6, 0xd7,
    0x13, 0xb0, 0x8, 0x53, 0x2, 0xd4, 0x2, 0x40,
    0x50, 0x42, 0x30, 0x7, 0x87, 0xfb, 0x2, 0xc0,
    0xb, 0x1b, 0xb3, 0x28, 0x20, 0x39, 0x15, 0x64,
    0x40,

    /* U+00C5 "Å" */
    0x0, 0x9f, 0x94, 0x3, 0xd5, 0xf2, 0x1, 0xff,
    0xc3, 0xac, 0x90, 0xf, 0x88, 0x40, 0x3d, 0x61,
    0xa0, 0x1c, 0x26, 0xee, 0x0, 0xe7, 0x19, 0x13,
    0x0, 0xda, 0xe2, 0x76, 0x1, 0xa, 0x60, 0x5a,
    0x80, 0x48, 0xa, 0x8, 0x46, 0x0, 0xf0, 0xff,
    0x60, 0x58, 0x1, 0x63, 0x76, 0x65, 0x4, 0x7,
    0x22, 0xac, 0x88,

    /* U+00C6 "Æ" */
    0x0, 0xc5, 0xff, 0xe6, 0x0, 0xd6, 0x21, 0xbb,
    0x98, 0x2, 0x16, 0x60, 0x11, 0x60, 0xc, 0xc3,
    0x60, 0x1f, 0xd3, 0x20, 0xf, 0xe6, 0x16, 0x0,
    0x7f, 0xd8, 0x1, 0x5a, 0x88, 0x3, 0x77, 0x0,
    0x14, 0x97, 0xf0, 0x8, 0xa1, 0x0, 0x4a, 0x6e,
    0xa8, 0x4, 0x70, 0x19, 0xa8, 0x88, 0xc1, 0xdd,
    0x9c,

    /* U+00C7 "Ç" */
    0x0, 0x1e, 0x7f, 0x48, 0x80, 0xf, 0x17, 0x28,
    0xb0, 0x1, 0xd, 0x26, 0x96, 0xc, 0x49, 0x0,
    0x1b, 0x95, 0x84, 0x40, 0x18, 0xcc, 0x1, 0xfc,
    0xc2, 0x20, 0xc, 0x66, 0x23, 0x80, 0xd, 0xca,
    0x1e, 0xd2, 0x69, 0x60, 0xc0, 0x78, 0xb9, 0x61,
    0x80, 0x11, 0xe1, 0xfd, 0x88, 0x6, 0x10, 0x92,
    0x0, 0xf3, 0x99, 0x80, 0x0,

    /* U+00C8 "È" */
    0x6, 0xb0, 0xc, 0xca, 0x40, 0x1a, 0x84, 0x1,
    0xdf, 0x79, 0xf6, 0x15, 0xbb, 0x50, 0x9, 0x14,
    0x20, 0x1f, 0xfc, 0x1b, 0xff, 0x88, 0x2b, 0x76,
    0x20, 0x12, 0x28, 0x0, 0x23, 0xc1, 0x5d, 0xd6,
    0x80,

    /* U+00C9 "É" */
    0x0, 0xa9, 0xc0, 0x21, 0x47, 0x0, 0x8e, 0x80,
    0x1d, 0xfb, 0x7f, 0x61, 0x5b, 0xb5, 0x0, 0x91,
    0x42, 0x1, 0xff, 0xc1, 0xbf, 0xf8, 0x82, 0xb7,
    0x62, 0x1, 0x22, 0x80, 0x2, 0x3c, 0x15, 0xdd,
    0x68,

    /* U+00CA "Ê" */
    0x0, 0x2a, 0x80, 0x23, 0x99, 0x20, 0x1, 0xbb,
    0x48, 0x3a, 0xb7, 0xa6, 0xc2, 0xb7, 0x6a, 0x1,
    0x22, 0x84, 0x3, 0xff, 0x83, 0x7f, 0xf1, 0x5,
    0x6e, 0xc4, 0x2, 0x45, 0x0, 0x4, 0x78, 0x2b,
    0xba, 0xd0,

    /* U+00CB "Ë" */
    0xa, 0x76, 0xb0, 0x7, 0xa2, 0xf0, 0x75, 0x66,
    0x2a, 0xc2, 0xb7, 0x6a, 0x1, 0x22, 0x84, 0x3,
    0xff, 0x83, 0x7f, 0xf1, 0x5, 0x6e, 0xc4, 0x2,
    0x45, 0x0, 0x4, 0x78, 0x2b, 0xba, 0xd0,

    /* U+00CC "Ì" */
    0xc6, 0x8, 0xa0, 0x4b, 0x0, 0x4a, 0x0, 0x7f,
    0xf3, 0xc0,

    /* U+00CD "Í" */
    0xf, 0x26, 0x52, 0x38, 0xb, 0x60, 0xf, 0xfe,
    0x80,

    /* U+00CE "Î" */
    0x0, 0x39, 0x0, 0x23, 0xb8, 0x0, 0xf9, 0x83,
    0x7, 0xe0, 0x30, 0xf, 0xff, 0x8,

    /* U+00CF "Ï" */
    0x1e, 0x2c, 0x51, 0x92, 0xa7, 0x7, 0xe2, 0x20,
    0x7, 0xff, 0x84,

    /* U+00D0 "Ð" */
    0x5, 0xff, 0xb5, 0xc0, 0x30, 0xee, 0xa2, 0x68,
    0x2, 0x32, 0x22, 0xe2, 0x98, 0x7, 0x89, 0x68,
    0x3, 0xed, 0x57, 0xa2, 0xfb, 0x0, 0xcd, 0x23,
    0xb4, 0x0, 0xd5, 0x13, 0x31, 0x8, 0x12, 0xe8,
    0x4, 0x22, 0x4c, 0x54, 0x0, 0x17, 0x72, 0xa6,
    0x80,

    /* U+00D1 "Ñ" */
    0x1, 0xd8, 0x74, 0x0, 0x25, 0x85, 0x28, 0x1,
    0x5a, 0x34, 0x43, 0x9c, 0x2, 0x3f, 0x8, 0x10,
    0xe, 0x1b, 0x0, 0xeb, 0x54, 0x0, 0xc3, 0x12,
    0x1, 0xce, 0xe, 0x1, 0xd3, 0xc, 0x1, 0x91,
    0x6c, 0x3, 0xac, 0x3, 0xc3, 0x0,

    /* U+00D2 "Ò" */
    0x0, 0x9a, 0xc0, 0x3f, 0x33, 0x98, 0x7, 0xec,
    0x30, 0xf, 0x15, 0xff, 0xa8, 0x80, 0x22, 0xd1,
    0xcb, 0x1c, 0x20, 0x4, 0xad, 0x1a, 0x5a, 0xc0,
    0x12, 0x40, 0x6, 0x85, 0x6, 0x12, 0x0, 0xc6,
    0x6, 0x1, 0xfe, 0x61, 0x20, 0xc, 0x60, 0x64,
    0x96, 0x1, 0xa1, 0x0, 0x10, 0xd4, 0x66, 0xb5,
    0x90, 0x1, 0xe0, 0xe6, 0x3, 0x8, 0x0,

    /* U+00D3 "Ó" */
    0x0, 0xec, 0x50, 0xf, 0x91, 0xd4, 0x3, 0xe4,
    0xb0, 0xf, 0x15, 0xff, 0xa8, 0x80, 0x22, 0xd1,
    0xcb, 0x1c, 0x20, 0x4, 0xad, 0x1a, 0x5a, 0xc0,
    0x12, 0x40, 0x6, 0x85, 0x6, 0x12, 0x0, 0xc6,
    0x6, 0x1, 0xfe, 0x61, 0x20, 0xc, 0x60, 0x64,
    0x96, 0x1, 0xa1, 0x0, 0x10, 0xd4, 0x66, 0xb5,
    0x90, 0x1, 0xe0, 0xe6, 0x3, 0x8, 0x0,

    /* U+00D4 "Ô" */
    0x0, 0xcc, 0xa0, 0x1f, 0x3f, 0x63, 0x0, 0x79,
    0xe2, 0x58, 0x3, 0x8a, 0xff, 0xd4, 0x40, 0x11,
    0x68, 0xe5, 0x8e, 0x10, 0x2, 0x56, 0x8d, 0x2d,
    0x60, 0x9, 0x20, 0x3, 0x42, 0x83, 0x9, 0x0,
    0x63, 0x3, 0x0, 0xff, 0x30, 0x90, 0x6, 0x30,
    0x32, 0x4b, 0x0, 0xd0, 0x80, 0x8, 0x6a, 0x33,
    0x5a, 0xc8, 0x0, 0xf0, 0x73, 0x1, 0x84, 0x0,

    /* U+00D5 "Õ" */
    0x0, 0xa3, 0xa, 0xc0, 0x3c, 0x7d, 0xf8, 0x1,
    0xeb, 0x2d, 0x70, 0xe, 0x2b, 0xff, 0x51, 0x0,
    0x45, 0xa3, 0x96, 0x38, 0x40, 0x9, 0x5a, 0x34,
    0xb5, 0x80, 0x24, 0x80, 0xd, 0xa, 0xc, 0x24,
    0x1, 0x8c, 0xc, 0x3, 0xfc, 0xc2, 0x40, 0x18,
    0xc0, 0xc9, 0x2c, 0x3, 0x42, 0x0, 0x21, 0xa8,
    0xcd, 0x6b, 0x20, 0x3, 0xc1, 0xcc, 0x6, 0x10,
    0x0,

    /* U+00D6 "Ö" */
    0x0, 0x98, 0x8d, 0x40, 0x3d, 0xa8, 0x8f, 0x0,
    0xf5, 0xb3, 0xd0, 0x7, 0x15, 0xff, 0xa8, 0x80,
    0x22, 0xd1, 0xcb, 0x1c, 0x20, 0x4, 0xad, 0x1a,
    0x5a, 0xc0, 0x12, 0x40, 0x6, 0x85, 0x6, 0x12,
    0x0, 0xc6, 0x6, 0x1, 0xfe, 0x61, 0x20, 0xc,
    0x60, 0x64, 0x96, 0x1, 0xa1, 0x0, 0x10, 0xd4,
    0x66, 0xb5, 0x90, 0x1, 0xe0, 0xe6, 0x3, 0x8,
    0x0,

    /* U+00D7 "×" */
    0x0, 0xe5, 0xc1, 0xd4, 0x56, 0xe4, 0x40, 0x8,
    0x8c, 0x14, 0x3d, 0x91, 0x6c, 0x71, 0x0,

    /* U+00D8 "Ø" */
    0x0, 0x15, 0xff, 0x57, 0x20, 0x0, 0xb4, 0x72,
    0x90, 0x58, 0x1, 0x2b, 0x46, 0xe2, 0x72, 0x4,
    0x90, 0x0, 0xf8, 0xf4, 0x6, 0x12, 0x6, 0x17,
    0x30, 0x30, 0xd, 0x12, 0x1, 0x98, 0x4a, 0x15,
    0x0, 0xc0, 0xc8, 0xe5, 0xe4, 0x1, 0xa, 0x0,
    0xf4, 0x21, 0x3b, 0x58, 0x0, 0x30, 0xb6, 0x60,
    0x30, 0x80,

    /* U+00D9 "Ù" */
    0x0, 0x71, 0x0, 0x75, 0xc8, 0x7, 0x2d, 0x80,
    0x5c, 0x80, 0x12, 0xe8, 0x7, 0xff, 0x78, 0x8c,
    0x2, 0xd6, 0x98, 0x73, 0x77, 0x7a, 0xcd, 0x65,
    0x51, 0x0,

    /* U+00DA "Ú" */
    0x0, 0x93, 0x0, 0x3a, 0x3c, 0x3, 0xb0, 0xc0,
    0x1c, 0x80, 0x12, 0xe8, 0x7, 0xff, 0x78, 0x8c,
    0x2, 0xd6, 0x98, 0x73, 0x77, 0x7a, 0xcd, 0x65,
    0x51, 0x0,

    /* U+00DB "Û" */
    0x0, 0x2f, 0x98, 0x6, 0x8a, 0xf0, 0x8, 0xa1,
    0x68, 0x43, 0x99, 0x41, 0x93, 0x40, 0x3f, 0xfb,
    0xc4, 0x60, 0x16, 0xb4, 0xc3, 0x9b, 0xbb, 0xd6,
    0x6b, 0x2a, 0x88,

    /* U+00DC "Ü" */
    0x2, 0x60, 0x70, 0x9, 0xac, 0x64, 0x80, 0x9,
    0xa3, 0xc4, 0x1c, 0x80, 0x12, 0xe8, 0x7, 0xff,
    0x78, 0x8c, 0x2, 0xd6, 0x98, 0x73, 0x77, 0x7a,
    0xcd, 0x65, 0x51, 0x0,

    /* U+00DD "Ý" */
    0x0, 0xd5, 0x0, 0x1c, 0x29, 0x20, 0x1c, 0x76,
    0x20, 0x7, 0xc0, 0x25, 0xd, 0x77, 0x12, 0x0,
    0x14, 0xdc, 0x1a, 0x0, 0x13, 0x20, 0x4, 0x99,
    0x90, 0xdc, 0x0, 0x2f, 0x1e, 0xe0, 0x1a, 0x51,
    0x12, 0x1, 0x85, 0x54, 0x20, 0x1c, 0x66, 0x0,
    0xff, 0xe3, 0x80,

    /* U+00DE "Þ" */
    0xf, 0x20, 0xf, 0xfe, 0x1e, 0xff, 0x50, 0x80,
    0x57, 0xba, 0x6a, 0x0, 0x98, 0x8f, 0x50, 0x40,
    0x3e, 0x30, 0xe, 0x82, 0x20, 0x3, 0x7f, 0xc9,
    0xe0, 0x15, 0xef, 0x69, 0x0, 0x4c, 0x42, 0x1,
    0x0,

    /* U+00DF "ß" */
    0x0, 0x4f, 0xf4, 0x80, 0x52, 0xbb, 0xa4, 0x90,
    0x3, 0xf9, 0x1d, 0xa8, 0x0, 0x48, 0x1, 0x8a,
    0x1, 0xb7, 0xde, 0x40, 0x36, 0x6b, 0x50, 0x6,
    0x12, 0xa5, 0x0, 0xf1, 0x80, 0x80, 0xc, 0x4a,
    0x4c, 0x40, 0x3, 0xda, 0x3a, 0x0,

    /* U+00E0 "à" */
    0x0, 0x2a, 0x0, 0x70, 0xc8, 0x7, 0x20, 0xa0,
    0x7, 0x62, 0x0, 0x43, 0x7f, 0x8d, 0xc1, 0x61,
    0xdf, 0x0, 0x2b, 0x22, 0x72, 0x6, 0x4, 0x0,
    0x30, 0x30, 0x10, 0x1, 0x0, 0xa5, 0x80, 0xc0,
    0x2, 0x87, 0xf2, 0x40,

    /* U+00E1 "á" */
    0x0, 0xca, 0x80, 0x1d, 0x6c, 0x1, 0x95, 0x8,
    0x3, 0x2d, 0x0, 0x43, 0x7f, 0x8d, 0xc1, 0x61,
    0xdf, 0x0, 0x2b, 0x22, 0x72, 0x6, 0x4, 0x0,
    0x30, 0x30, 0x10, 0x1, 0x0, 0xa5, 0x80, 0xc0,
    0x2, 0x87, 0xf2, 0x40,

    /* U+00E2 "â" */
    0x0, 0xb6, 0xc0, 0x34, 0xd1, 0x30, 0x5, 0x6f,
    0x28, 0x0, 0x19, 0xfc, 0x4e, 0xb, 0xe, 0xf8,
    0x1, 0x59, 0x13, 0x90, 0x30, 0x20, 0x1, 0x81,
    0x80, 0x80, 0x8, 0x5, 0x2c, 0x6, 0x0, 0x14,
    0x3f, 0x92, 0x0,

    /* U+00E3 "ã" */
    0x0, 0x4e, 0x96, 0x0, 0x45, 0xfe, 0xa0, 0xa,
    0xcb, 0x58, 0x0, 0x37, 0xf8, 0xdc, 0x16, 0x1d,
    0xf0, 0x2, 0xb2, 0x27, 0x20, 0x60, 0x40, 0x3,
    0x3, 0x1, 0x0, 0x10, 0xa, 0x58, 0xc, 0x0,
    0x28, 0x7f, 0x24, 0x0,

    /* U+00E4 "ä" */
    0x0, 0x62, 0xc5, 0x0, 0x54, 0xf9, 0xe0, 0x13,
    0x12, 0x28, 0x0, 0x6f, 0xf1, 0xb8, 0x2c, 0x3b,
    0xe0, 0x5, 0x64, 0x4e, 0x40, 0xc0, 0x80, 0x6,
    0x6, 0x2, 0x0, 0x20, 0x14, 0xb0, 0x18, 0x0,
    0x50, 0xfe, 0x48, 0x0,

    /* U+00E5 "å" */
    0x0, 0x16, 0xe0, 0x80, 0x55, 0x8, 0xe0, 0x15,
    0xc2, 0x38, 0x4, 0x7b, 0x82, 0x0, 0x1b, 0xfc,
    0x6e, 0xb, 0xe, 0xf8, 0x1, 0x59, 0x13, 0x90,
    0x30, 0x20, 0x1, 0x81, 0x80, 0x80, 0x8, 0x5,
    0x2c, 0x6, 0x0, 0x14, 0x3f, 0x92, 0x0,

    /* U+00E6 "æ" */
    0x3, 0xcf, 0xc1, 0x7e, 0xe4, 0x0, 0x36, 0xbe,
    0xf3, 0x1f, 0xe4, 0x60, 0xd6, 0x6, 0x28, 0x11,
    0x4e, 0x82, 0x77, 0xf0, 0x67, 0xfa, 0x98, 0xa3,
    0x3f, 0x43, 0x3f, 0xec, 0x10, 0x11, 0x41, 0xf8,
    0x8a, 0xe4, 0xdf, 0x7c, 0xb1, 0x3f, 0xc5, 0x0,

    /* U+00E7 "ç" */
    0x0, 0x4f, 0xf3, 0x80, 0x25, 0x77, 0x52, 0xa0,
    0xdc, 0x47, 0x40, 0x40, 0x40, 0x4, 0x50, 0xf,
    0x9, 0x11, 0xc0, 0x15, 0x21, 0x31, 0x78, 0x92,
    0x9, 0xaf, 0x7e, 0x20, 0x2, 0x26, 0x0, 0x77,
    0x1a, 0x0, 0x43, 0x64, 0xa0,

    /* U+00E8 "è" */
    0x0, 0x31, 0x0, 0x7a, 0x0, 0x39, 0x90, 0x40,
    0x3b, 0x84, 0x2, 0x1b, 0xfd, 0x40, 0x5, 0xf,
    0x45, 0x88, 0x92, 0xc5, 0x54, 0xe6, 0x1d, 0xfe,
    0x51, 0x30, 0xef, 0xf7, 0x38, 0xa5, 0x89, 0xf9,
    0x85, 0x7, 0x72, 0xc,

    /* U+00E9 "é" */
    0x0, 0xcc, 0x40, 0x18, 0xa0, 0x80, 0x35, 0x48,
    0x7, 0x43, 0x80, 0x43, 0x7f, 0xa8, 0x0, 0xa1,
    0xe8, 0xb1, 0x12, 0x58, 0xaa, 0x9c, 0xc3, 0xbf,
    0xca, 0x26, 0x1d, 0xfe, 0xe7, 0x14, 0xb1, 0x3f,
    0x30, 0xa0, 0xee, 0x41, 0x80,

    /* U+00EA "ê" */
    0x0, 0xf, 0x48, 0x6, 0xaa, 0x2a, 0x0, 0x52,
    0x98, 0xa0, 0x1, 0x9f, 0xd5, 0x0, 0x50, 0xf4,
    0x58, 0x89, 0x2c, 0x55, 0x4e, 0x61, 0xdf, 0xe5,
    0x13, 0xe, 0xff, 0x73, 0x8a, 0x58, 0x9f, 0x98,
    0x50, 0x77, 0x20, 0xc0,

    /* U+00EB "ë" */
    0x0, 0x71, 0xd3, 0x80, 0x52, 0x5e, 0x80, 0x13,
    0x8a, 0x98, 0x0, 0x6f, 0xf5, 0x0, 0x14, 0x3d,
    0x16, 0x22, 0x4b, 0x15, 0x53, 0x98, 0x77, 0xf9,
    0x44, 0xc3, 0xbf, 0xdc, 0xe2, 0x96, 0x27, 0xe6,
    0x14, 0x1d, 0xc8, 0x30,

    /* U+00EC "ì" */
    0x7, 0x20, 0x7, 0xd8, 0x2, 0x5c, 0x0, 0x3c,
    0x1, 0x71, 0x80, 0x7f, 0xf3, 0x0,

    /* U+00ED "í" */
    0x7, 0x23, 0xa2, 0x9b, 0xa, 0x60, 0xe3, 0x0,
    0xff, 0xe3, 0x80,

    /* U+00EE "î" */
    0x3, 0xe7, 0x0, 0x76, 0x59, 0x86, 0x96, 0x18,
    0x3, 0x8c, 0x3, 0xff, 0xa6,

    /* U+00EF "ï" */
    0x1e, 0x2c, 0x51, 0x92, 0xa7, 0x7, 0x6, 0x20,
    0x7, 0x18, 0x7, 0xff, 0x4c,

    /* U+00F0 "ð" */
    0x7, 0x51, 0x80, 0x8, 0xab, 0x80, 0x31, 0x22,
    0xa0, 0x80, 0x1e, 0xe9, 0xa8, 0x0, 0x37, 0xec,
    0x88, 0xd, 0x1f, 0xe1, 0xf2, 0x3b, 0x2, 0x85,
    0x11, 0x80, 0x4, 0x4, 0x22, 0x0, 0x19, 0xa,
    0x50, 0x9c, 0xc8, 0x28, 0x7b, 0x65, 0x40,

    /* U+00F1 "ñ" */
    0xd, 0xa5, 0x70, 0x35, 0xcb, 0x50, 0x38, 0x6e,
    0x20, 0xf7, 0xde, 0x50, 0x6, 0xea, 0xa8, 0x0,
    0x90, 0x40, 0x30, 0x10, 0x0, 0x80, 0x7f, 0xf1,
    0xc0,

    /* U+00F2 "ò" */
    0x0, 0x2a, 0x0, 0x78, 0x64, 0x3, 0xc8, 0x26,
    0x1, 0xec, 0x30, 0xe, 0xaf, 0xe8, 0x0, 0xa9,
    0xb7, 0x4c, 0xe0, 0x2b, 0xc4, 0x77, 0x20, 0x40,
    0x40, 0x7, 0x10, 0x20, 0x20, 0x3, 0x88, 0xa,
    0xf1, 0x1d, 0xc8, 0x2, 0x9b, 0x74, 0xce, 0x0,

    /* U+00F3 "ó" */
    0x0, 0xca, 0x60, 0x1e, 0xb1, 0x0, 0xe6, 0x72,
    0x0, 0xe6, 0x90, 0xe, 0xaf, 0xe8, 0x0, 0xa9,
    0xb7, 0x4c, 0xe0, 0x2b, 0xc4, 0x77, 0x20, 0x40,
    0x40, 0x7, 0x10, 0x20, 0x20, 0x3, 0x88, 0xa,
    0xf1, 0x1d, 0xc8, 0x2, 0x9b, 0x74, 0xce, 0x0,

    /* U+00F4 "ô" */
    0x0, 0xb6, 0xc0, 0x3a, 0x6c, 0x98, 0x3, 0x5b,
    0x4b, 0x80, 0x68, 0xfe, 0x90, 0xa, 0x9b, 0x74,
    0xce, 0x2, 0xbc, 0x47, 0x72, 0x4, 0x4, 0x0,
    0x71, 0x2, 0x2, 0x0, 0x38, 0x80, 0xaf, 0x11,
    0xdc, 0x80, 0x29, 0xb7, 0x4c, 0xe0,

    /* U+00F5 "õ" */
    0x0, 0x4e, 0x95, 0x80, 0x62, 0xff, 0x68, 0x6,
    0xb2, 0xd6, 0x0, 0xd5, 0xfd, 0x0, 0x15, 0x36,
    0xe9, 0x9c, 0x5, 0x78, 0x8e, 0xe4, 0x8, 0x8,
    0x0, 0xe2, 0x4, 0x4, 0x0, 0x71, 0x1, 0x5e,
    0x23, 0xb9, 0x0, 0x53, 0x6e, 0x99, 0xc0,

    /* U+00F6 "ö" */
    0x0, 0x62, 0xc4, 0x80, 0x6a, 0x7c, 0xd0, 0xc,
    0xc4, 0x88, 0x0, 0xd5, 0xfd, 0x0, 0x15, 0x36,
    0xe9, 0x9c, 0x5, 0x78, 0x8e, 0xe4, 0x8, 0x8,
    0x0, 0xe2, 0x4, 0x4, 0x0, 0x71, 0x1, 0x5e,
    0x23, 0xb9, 0x0, 0x53, 0x6e, 0x99, 0xc0,

    /* U+00F7 "÷" */
    0x0, 0x3d, 0x0, 0x63, 0xc0, 0xc, 0x8c, 0x0,
    0x8f, 0xfd, 0x10, 0xfb, 0x9f, 0x80, 0x1, 0xe8,
    0x0,

    /* U+00F8 "ø" */
    0x0, 0xe4, 0x10, 0x1a, 0xfe, 0xa1, 0xa, 0x1d,
    0x41, 0x62, 0x4a, 0x36, 0x9b, 0x61, 0x14, 0x41,
    0x49, 0x84, 0xc9, 0x14, 0x88, 0x99, 0xa7, 0x16,
    0x10, 0x33, 0xb2, 0xc0, 0xf9, 0xfc, 0xe0,

    /* U+00F9 "ù" */
    0x7, 0x10, 0xd, 0xcc, 0x1, 0xae, 0x80, 0x31,
    0x68, 0x5, 0xe4, 0x0, 0xf2, 0x0, 0xff, 0xe4,
    0x90, 0x0, 0xa8, 0x60, 0x1, 0x2d, 0xf8, 0x0,

    /* U+00FA "ú" */
    0x0, 0x9c, 0x40, 0x25, 0xb1, 0x0, 0xba, 0x0,
    0x35, 0xa0, 0x3, 0xc8, 0x1, 0xe4, 0x1, 0xff,
    0xc9, 0x20, 0x1, 0x50, 0xc0, 0x2, 0x5b, 0xf0,
    0x0,

    /* U+00FB "û" */
    0x4, 0xf6, 0x0, 0xc, 0xed, 0x90, 0xe, 0x96,
    0x90, 0x79, 0x0, 0x3c, 0x80, 0x3f, 0xf9, 0x24,
    0x0, 0x2a, 0x18, 0x0, 0x4b, 0x7e, 0x0, 0x0,

    /* U+00FC "ü" */
    0x3e, 0xd, 0x40, 0x29, 0xa, 0x50, 0x17, 0x7,
    0x10, 0xf2, 0x0, 0x79, 0x0, 0x7f, 0xf2, 0x48,
    0x0, 0x54, 0x30, 0x0, 0x96, 0xfc, 0x0, 0x0,

    /* U+00FD "ý" */
    0x0, 0x93, 0x40, 0x3b, 0xac, 0x3, 0xb5, 0x80,
    0xb, 0xa0, 0xe1, 0x8c, 0xa4, 0x40, 0x13, 0x70,
    0x55, 0x3, 0xa0, 0x87, 0xd8, 0x56, 0x80, 0x14,
    0xce, 0x70, 0x9, 0x39, 0x4, 0x2, 0xe2, 0xd0,
    0xc, 0xe0, 0xe0, 0x11, 0x4b, 0x88, 0x2, 0x30,
    0xa0, 0x2,

    /* U+00FE "þ" */
    0xf, 0x10, 0xf, 0xfe, 0x5a, 0x6f, 0xd0, 0x6,
    0x8f, 0xd7, 0x90, 0xa, 0x8, 0x92, 0xc0, 0x13,
    0x80, 0x14, 0x4, 0x0, 0xe0, 0x5, 0x1, 0x0,
    0x41, 0x12, 0x18, 0x2, 0x8f, 0xd6, 0x90, 0x9,
    0x37, 0xe8, 0x3, 0xff, 0x8c,

    /* U+00FF "ÿ" */
    0x4, 0xd1, 0xe2, 0x0, 0x35, 0x8c, 0x90, 0x0,
    0x98, 0x1c, 0x0, 0xba, 0x1, 0x63, 0x29, 0x10,
    0x4, 0xdc, 0x15, 0x40, 0xe8, 0x21, 0xf6, 0x15,
    0xa0, 0x5, 0x33, 0x9c, 0x2, 0x4e, 0x41, 0x0,
    0xb8, 0xb4, 0x3, 0x38, 0x38, 0x4, 0x52, 0xe2,
    0x0, 0x8c, 0x28, 0x0, 0x80,

    /* U+0100 "Ā" */
    0x0, 0x37, 0xfc, 0x60, 0x19, 0xbf, 0xe3, 0x0,
    0xe7, 0xf4, 0x0, 0xf5, 0x86, 0x80, 0x70, 0x9b,
    0xb8, 0x3, 0x9c, 0x64, 0x4c, 0x3, 0x6b, 0x89,
    0xd8, 0x4, 0x29, 0x81, 0x6a, 0x1, 0x20, 0x28,
    0x21, 0x18, 0x3, 0xc3, 0xfd, 0x81, 0x60, 0x5,
    0x8d, 0xd9, 0x94, 0x10, 0x1c, 0x8a, 0xb2, 0x20,

    /* U+0101 "ā" */
    0x0, 0x6f, 0xfa, 0xc0, 0x2d, 0xff, 0x58, 0x0,
    0x6f, 0xf1, 0xb8, 0x2c, 0x3b, 0xe0, 0x5, 0x64,
    0x4e, 0x40, 0xc0, 0x80, 0x6, 0x6, 0x2, 0x0,
    0x20, 0x14, 0xb0, 0x18, 0x0, 0x50, 0xfe, 0x48,
    0x0,

    /* U+0102 "Ă" */
    0x0, 0x19, 0x81, 0x8, 0x3, 0x3c, 0x84, 0x18,
    0x6, 0x43, 0xdb, 0x10, 0xe, 0xe2, 0x30, 0xf,
    0x58, 0x68, 0x7, 0x9, 0xbb, 0x80, 0x39, 0xc6,
    0x44, 0xc0, 0x36, 0xb8, 0x9d, 0x80, 0x42, 0x98,
    0x16, 0xa0, 0x12, 0x2, 0x82, 0x11, 0x80, 0x3c,
    0x3f, 0xd8, 0x16, 0x0, 0x58, 0xdd, 0x99, 0x41,
    0x1, 0xc8, 0xab, 0x22, 0x0,

    /* U+0103 "ă" */
    0x0, 0x68, 0x9d, 0x80, 0x53, 0xbf, 0x0, 0x12,
    0x66, 0xc, 0x0, 0x37, 0xf8, 0xdc, 0x16, 0x1d,
    0xf0, 0x2, 0xb2, 0x27, 0x20, 0x60, 0x40, 0x3,
    0x3, 0x1, 0x0, 0x10, 0xa, 0x58, 0xc, 0x0,
    0x28, 0x7f, 0x24, 0x0,

    /* U+0104 "Ą" */
    0x0, 0x9f, 0xd0, 0x3, 0xd6, 0x1c, 0x1, 0xc2,
    0x6e, 0x80, 0x1c, 0xe3, 0x22, 0x80, 0x1b, 0x5c,
    0x4f, 0x40, 0x21, 0x4c, 0xb, 0x70, 0x9, 0x1,
    0x41, 0x5, 0x0, 0x1e, 0x1f, 0xec, 0xd, 0x0,
    0x2c, 0x6e, 0xcc, 0xe0, 0x80, 0xe4, 0x55, 0x89,
    0x27, 0x80, 0x72, 0x10, 0x7, 0x8d, 0xe8,

    /* U+0105 "ą" */
    0x1, 0xbf, 0xc6, 0xe0, 0x5, 0x87, 0x7c, 0x0,
    0x5, 0x64, 0x4e, 0x40, 0x6, 0x4, 0x0, 0x30,
    0x1, 0x80, 0x80, 0x8, 0x0, 0x29, 0x60, 0x30,
    0x1, 0x50, 0xfe, 0x48, 0x4, 0x37, 0xfa, 0x12,
    0x1, 0xe2, 0xa5,

    /* U+0106 "Ć" */
    0x0, 0xed, 0x40, 0xf, 0x2b, 0xa0, 0x7, 0x96,
    0x80, 0x38, 0xf3, 0xfa, 0x44, 0x0, 0x78, 0xb9,
    0x45, 0x80, 0xf, 0x69, 0x34, 0xb0, 0x62, 0x38,
    0x0, 0xdc, 0xac, 0x22, 0x0, 0xc6, 0x60, 0xf,
    0xe6, 0x11, 0x0, 0x63, 0x31, 0x1c, 0x0, 0x6e,
    0x50, 0xf6, 0x93, 0x4b, 0x6, 0x3, 0xc5, 0xca,
    0x1c, 0x0,

    /* U+0107 "ć" */
    0x0, 0xce, 0xa0, 0x1d, 0x28, 0x1, 0x99, 0xc4,
    0x3, 0x34, 0x80, 0x69, 0xff, 0x48, 0x2, 0x8b,
    0x74, 0xb0, 0x2b, 0x44, 0x4c, 0x83, 0x1, 0x0,
    0xc6, 0x2, 0x0, 0x45, 0x15, 0xa2, 0x3a, 0x0,
    0x50, 0xee, 0xa5, 0x40,

    /* U+010A "Ċ" */
    0x0, 0xca, 0x60, 0x1f, 0x72, 0x80, 0x7d, 0x6c,
    0x1, 0xc7, 0x9f, 0xd2, 0x20, 0x3, 0xc5, 0xca,
    0x2c, 0x0, 0x7b, 0x49, 0xa5, 0x83, 0x11, 0xc0,
    0x6, 0xe5, 0x61, 0x10, 0x6, 0x33, 0x0, 0x7f,
    0x30, 0x88, 0x3, 0x19, 0x88, 0xe0, 0x3, 0x72,
    0x87, 0xb4, 0x9a, 0x58, 0x30, 0x1e, 0x2e, 0x50,
    0xe0, 0x0,

    /* U+010B "ċ" */
    0x0, 0xa9, 0xc0, 0x3b, 0xd0, 0x3, 0x94, 0xc0,
    0x34, 0xff, 0x40, 0x2, 0x8b, 0x74, 0xaa, 0x15,
    0xa2, 0x3e, 0x13, 0x1, 0x0, 0x1a, 0x18, 0x8,
    0x0, 0xd0, 0x56, 0x88, 0xf8, 0x42, 0x87, 0x74,
    0xaa,

    /* U+010C "Č" */
    0x0, 0x9c, 0x4d, 0x0, 0x38, 0xaf, 0x98, 0x3,
    0x97, 0x24, 0x80, 0x31, 0xe4, 0xd4, 0x88, 0x0,
    0xf1, 0x72, 0x8b, 0x0, 0x1e, 0xd2, 0x69, 0x60,
    0xc4, 0x70, 0x1, 0xb9, 0x58, 0x44, 0x1, 0x8c,
    0xc0, 0x1f, 0xcc, 0x22, 0x0, 0xc6, 0x62, 0x38,
    0x0, 0xdc, 0xa1, 0xed, 0x26, 0x96, 0xc, 0x7,
    0x8b, 0x94, 0x38, 0x0,

    /* U+010D "č" */
    0x0, 0x5a, 0xbc, 0x0, 0x55, 0x15, 0x0, 0x10,
    0xff, 0x80, 0x34, 0xee, 0x40, 0x2, 0x8b, 0x74,
    0xac, 0x2b, 0x44, 0x7e, 0xa6, 0x2, 0x0, 0x23,
    0x30, 0x8, 0x0, 0xd0, 0x56, 0x88, 0xf8, 0x42,
    0x87, 0x74, 0xaa,

    /* U+010E "Ď" */
    0x6, 0x12, 0x50, 0xc, 0x55, 0xcc, 0x1, 0x93,
    0xa4, 0xc0, 0x2e, 0xfa, 0xa8, 0x80, 0x2a, 0xdc,
    0xc, 0x10, 0x0, 0x91, 0xd2, 0xd8, 0x7, 0xa1,
    0x40, 0x3c, 0x60, 0x40, 0x1f, 0xfc, 0x13, 0x2,
    0x0, 0xe8, 0x50, 0x0, 0x88, 0xe9, 0x60, 0x1,
    0x5d, 0x83, 0x84, 0x0,

    /* U+010F "ď" */
    0x0, 0xe4, 0xd2, 0xd0, 0xf, 0x85, 0xc0, 0x3e,
    0x1f, 0x1, 0xbf, 0xc2, 0x2, 0x50, 0xa0, 0xe8,
    0x80, 0x4, 0x49, 0x42, 0x8c, 0x1, 0x8, 0xc0,
    0xd, 0x0, 0x84, 0x60, 0x6, 0x80, 0x44, 0x74,
    0x26, 0xc0, 0x1b, 0x43, 0xbe, 0x0, 0x20,

    /* U+0110 "Đ" */
    0x5, 0xff, 0xb5, 0xc0, 0x30, 0xee, 0xa2, 0x68,
    0x2, 0x32, 0x22, 0xe2, 0x98, 0x7, 0x89, 0x68,
    0x3, 0xed, 0x57, 0xa2, 0xfb, 0x0, 0xcd, 0x23,
    0xb4, 0x0, 0xd5, 0x13, 0x31, 0x8, 0x12, 0xe8,
    0x4, 0x22, 0x4c, 0x54, 0x0, 0x17, 0x72, 0xa6,
    0x80,

    /* U+0111 "đ" */
    0x0, 0xe4, 0xd0, 0xe, 0xfb, 0x2f, 0x0, 0xdf,
    0x65, 0xe0, 0x37, 0xf8, 0x40, 0x15, 0x7, 0x44,
    0x0, 0x4, 0x94, 0x28, 0xc0, 0x1, 0x18, 0x1,
    0xa0, 0x1, 0x18, 0x1, 0xa0, 0x2, 0x3a, 0x13,
    0x60, 0xb, 0x43, 0xbe, 0x0, 0x0,

    /* U+0112 "Ē" */
    0xb, 0xff, 0x60, 0x2, 0xff, 0xd8, 0x1d, 0xff,
    0xac, 0x2b, 0x76, 0xa0, 0x12, 0x28, 0x40, 0x3f,
    0xf8, 0x37, 0xff, 0x10, 0x56, 0xec, 0x40, 0x24,
    0x50, 0x0, 0x47, 0x82, 0xbb, 0xad,

    /* U+0113 "ē" */
    0x1, 0xff, 0xa0, 0x0, 0x3f, 0xf4, 0x0, 0x6,
    0xff, 0x50, 0x1, 0x43, 0xd1, 0x62, 0x24, 0xb1,
    0x55, 0x39, 0x87, 0x7f, 0x94, 0x4c, 0x3b, 0xfd,
    0xce, 0x29, 0x62, 0x7e, 0x61, 0x41, 0xdc, 0x83,

    /* U+0116 "Ė" */
    0x0, 0x22, 0x0, 0x36, 0x68, 0x6, 0x89, 0x0,
    0x77, 0xfe, 0xb0, 0xad, 0xda, 0x80, 0x48, 0xa1,
    0x0, 0xff, 0xe0, 0xdf, 0xfc, 0x41, 0x5b, 0xb1,
    0x0, 0x91, 0x40, 0x1, 0x1e, 0xa, 0xee, 0xb4,

    /* U+0117 "ė" */
    0x0, 0xb1, 0x40, 0x3a, 0x9c, 0x3, 0x98, 0x80,
    0x21, 0xbf, 0xd4, 0x0, 0x50, 0xf4, 0x58, 0x89,
    0x2c, 0x55, 0x4e, 0x61, 0xdf, 0xe5, 0x13, 0xe,
    0xff, 0x73, 0x8a, 0x58, 0x9f, 0x98, 0x50, 0x77,
    0x20, 0xc0,

    /* U+0118 "Ę" */
    0xef, 0xfd, 0x60, 0xa, 0xdd, 0xa8, 0x0, 0x24,
    0x50, 0x80, 0x7f, 0xf1, 0x2f, 0xfe, 0x20, 0x5,
    0x6e, 0xc4, 0x0, 0x12, 0x28, 0x2, 0x11, 0xe0,
    0x5, 0x77, 0x5a, 0x1d, 0xff, 0x34, 0x0, 0x77,
    0x49, 0x80,

    /* U+0119 "ę" */
    0x0, 0x57, 0xe9, 0x80, 0x25, 0xb6, 0xf4, 0x0,
    0xd0, 0x4c, 0x68, 0x40, 0x80, 0x7, 0x30, 0x7,
    0x74, 0x80, 0x41, 0xfd, 0xcf, 0x60, 0x7b, 0x24,
    0xf2, 0x8, 0x3d, 0x8b, 0x30, 0x5, 0x26, 0x28,
    0x4, 0x2d, 0x20, 0x0,

    /* U+011A "Ě" */
    0x5, 0x21, 0x60, 0x3, 0x76, 0x90, 0x0, 0xe6,
    0x48, 0x1d, 0xf5, 0x4f, 0xb0, 0xad, 0xda, 0x80,
    0x48, 0xa1, 0x0, 0xff, 0xe0, 0xdf, 0xfc, 0x41,
    0x5b, 0xb1, 0x0, 0x91, 0x40, 0x1, 0x1e, 0xa,
    0xee, 0xb4,

    /* U+011B "ě" */
    0x0, 0x69, 0x52, 0x80, 0x5d, 0xe2, 0xa0, 0x11,
    0xf5, 0x0, 0x43, 0x79, 0x84, 0x0, 0x50, 0xf4,
    0x58, 0x89, 0x2c, 0x55, 0x4e, 0x61, 0xdf, 0xe5,
    0x13, 0xe, 0xff, 0x73, 0x8a, 0x58, 0x9f, 0x98,
    0x50, 0x77, 0x20, 0xc0,

    /* U+011E "Ğ" */
    0x0, 0x9c, 0x5, 0x80, 0x38, 0x73, 0x4c, 0x3,
    0x9b, 0x30, 0xa0, 0x18, 0xef, 0xfa, 0x84, 0x0,
    0x78, 0x59, 0x43, 0x80, 0xe, 0x69, 0x34, 0xb0,
    0x62, 0x24, 0x0, 0x6e, 0x56, 0x11, 0x0, 0x63,
    0x30, 0x7, 0x77, 0x56, 0xc2, 0x20, 0x7, 0xfa,
    0x40, 0x89, 0x0, 0x1, 0x16, 0x60, 0x39, 0xa4,
    0xcd, 0x4a, 0xc0, 0x78, 0x59, 0xa1, 0xe2,

    /* U+011F "ğ" */
    0x0, 0x68, 0xe, 0x0, 0x4c, 0x68, 0x80, 0xa,
    0x7e, 0x64, 0x0, 0x19, 0x30, 0x7f, 0xa, 0xe,
    0xf8, 0x1, 0x49, 0x13, 0x80, 0x30, 0x20, 0x1,
    0x1, 0x81, 0x0, 0x8, 0x5, 0x24, 0x4e, 0x0,
    0x14, 0x1d, 0xf0, 0x20, 0xf3, 0xf8, 0x66, 0xf,
    0xe2, 0x24, 0x28, 0x4a, 0xe6, 0x12, 0x0,

    /* U+0120 "Ġ" */
    0x0, 0xc8, 0x60, 0x1f, 0x6d, 0x80, 0x7d, 0x30,
    0x1, 0xc7, 0x7f, 0xd4, 0x20, 0x3, 0xc2, 0xca,
    0x1c, 0x0, 0x73, 0x49, 0xa5, 0x83, 0x11, 0x20,
    0x3, 0x72, 0xb0, 0x88, 0x3, 0x19, 0x80, 0x3b,
    0xba, 0xb6, 0x11, 0x0, 0x3f, 0xd2, 0x4, 0x48,
    0x0, 0x8, 0xb3, 0x1, 0xcd, 0x26, 0x6a, 0x56,
    0x3, 0xc2, 0xcd, 0xf, 0x10,

    /* U+0121 "ġ" */
    0x0, 0xa9, 0xc0, 0x3b, 0xd0, 0x3, 0x94, 0xc0,
    0x21, 0xbf, 0xc6, 0xf0, 0xa0, 0xef, 0x80, 0x14,
    0x91, 0x38, 0x3, 0x2, 0x0, 0x10, 0x18, 0x10,
    0x0, 0x80, 0x52, 0x44, 0xe0, 0x1, 0x41, 0xdf,
    0x2, 0xf, 0x3f, 0x86, 0x60, 0xfe, 0x22, 0x42,
    0x84, 0xae, 0x61, 0x20,

    /* U+0126 "Ħ" */
    0x8, 0xa0, 0x8, 0x7c, 0x65, 0xd7, 0xfe, 0xe0,
    0xf8, 0x64, 0xdd, 0xb0, 0x34, 0x46, 0x22, 0xc0,
    0x40, 0x1f, 0xf2, 0xff, 0xdc, 0x1, 0x93, 0x76,
    0xc0, 0xc, 0x24, 0x58, 0x3, 0xff, 0x90,

    /* U+0127 "ħ" */
    0x9, 0x90, 0x6, 0xc6, 0x67, 0x90, 0x3, 0x19,
    0x9e, 0x40, 0x1d, 0x7f, 0x40, 0x13, 0x46, 0xa3,
    0x0, 0x14, 0xc9, 0xbc, 0x0, 0x60, 0x1f, 0xfc,
    0xd0,

    /* U+0128 "Ĩ" */
    0xc, 0xa4, 0x72, 0x5c, 0xa4, 0x29, 0x6e, 0x30,
    0x7, 0x20, 0x7, 0xff, 0x88,

    /* U+0129 "ĩ" */
    0xd, 0xa5, 0x72, 0x4f, 0xb4, 0x29, 0x5e, 0x30,
    0x7, 0x18, 0x7, 0xff, 0x4c,

    /* U+012A "Ī" */
    0x2f, 0xf9, 0xcb, 0xfe, 0x70, 0x7, 0x20, 0x7,
    0xff, 0x88,

    /* U+012B "ī" */
    0x2f, 0xf9, 0xcb, 0xfe, 0x70, 0x7, 0x18, 0x7,
    0xff, 0x4c,

    /* U+012E "Į" */
    0xe, 0x40, 0xf, 0xfe, 0x79, 0x2a, 0x1b, 0xc8,

    /* U+012F "į" */
    0xd, 0x30, 0xa2, 0x7, 0x10, 0xe3, 0x0, 0xff,
    0xe3, 0x1a, 0x98, 0xbc, 0x80,

    /* U+0130 "İ" */
    0x7, 0x10, 0xa2, 0xd, 0x30, 0xe4, 0x0, 0xff,
    0xe7, 0x80,

    /* U+0131 "ı" */
    0xe3, 0x0, 0xff, 0xe0, 0x0,

    /* U+0139 "Ĺ" */
    0xe, 0x30, 0x9, 0x14, 0xc0, 0x34, 0x80, 0x6a,
    0x60, 0xf, 0xff, 0x18, 0x8f, 0x5, 0x77, 0x58,

    /* U+013A "ĺ" */
    0x7, 0x23, 0xa2, 0x9b, 0xa, 0x60, 0xe3, 0x0,
    0xff, 0xe8, 0x0,

    /* U+013D "Ľ" */
    0x7, 0x3, 0x40, 0xc, 0x35, 0xca, 0x1, 0x9b,
    0x78, 0x40, 0x3a, 0x5c, 0x3, 0xff, 0xe6, 0x23,
    0xc0, 0x15, 0x77, 0x58,

    /* U+013E "ľ" */
    0xf, 0x1d, 0x20, 0xc, 0x40, 0x12, 0x80, 0x68,
    0x0, 0xff, 0xe9, 0x80,

    /* U+0141 "Ł" */
    0xb, 0x70, 0xf, 0xfe, 0x61, 0x98, 0x2, 0x36,
    0x8e, 0x70, 0xa, 0xd, 0xf5, 0x0, 0x2b, 0x5f,
    0x0, 0xff, 0xe2, 0x8, 0xe0, 0xa, 0x3b, 0xb0,
    0x0,

    /* U+0142 "ł" */
    0x2, 0xf0, 0xf, 0xfe, 0x21, 0x8a, 0x87, 0xdc,
    0x58, 0x74, 0x4f, 0x0, 0x80, 0x7f, 0xf1, 0x0,

    /* U+0143 "Ń" */
    0x0, 0x8b, 0x80, 0x3a, 0xe4, 0x3, 0xb9, 0xc0,
    0x1c, 0xe0, 0xe0, 0x7e, 0x10, 0x20, 0x1c, 0x36,
    0x1, 0xd6, 0xa8, 0x1, 0x86, 0x24, 0x3, 0x9c,
    0x1c, 0x3, 0xa6, 0x18, 0x3, 0x22, 0xd8, 0x7,
    0x58, 0x7, 0x86, 0x0,

    /* U+0144 "ń" */
    0x0, 0x9c, 0x40, 0x23, 0xa1, 0x0, 0xa6, 0x0,
    0x35, 0x28, 0x3, 0xdf, 0x79, 0x40, 0x1b, 0xaa,
    0xa0, 0x2, 0x41, 0x0, 0xc0, 0x40, 0x2, 0x1,
    0xff, 0xc7,

    /* U+0147 "Ň" */
    0x2, 0x60, 0x62, 0x0, 0x16, 0xce, 0x90, 0x5,
    0x5d, 0x40, 0xe, 0x71, 0x71, 0x3f, 0x8, 0x10,
    0xe, 0x1b, 0x0, 0xeb, 0x54, 0x0, 0xc3, 0x12,
    0x1, 0xce, 0xe, 0x1, 0xd3, 0xc, 0x1, 0x91,
    0x6c, 0x3, 0xac, 0x3, 0xc3, 0x0,

    /* U+0148 "ň" */
    0x1d, 0x2c, 0x30, 0x19, 0xc5, 0x30, 0x2, 0x64,
    0x80, 0x3d, 0xff, 0x94, 0x1, 0xba, 0xaa, 0x0,
    0x24, 0x10, 0xc, 0x4, 0x0, 0x20, 0x1f, 0xfc,
    0x70,

    /* U+014C "Ō" */
    0x0, 0xb7, 0xfd, 0x60, 0x1e, 0xdf, 0xf5, 0x80,
    0x71, 0x5f, 0xfa, 0x88, 0x2, 0x2d, 0x1c, 0xb1,
    0xc2, 0x0, 0x4a, 0xd1, 0xa5, 0xac, 0x1, 0x24,
    0x0, 0x68, 0x50, 0x61, 0x20, 0xc, 0x60, 0x60,
    0x1f, 0xe6, 0x12, 0x0, 0xc6, 0x6, 0x49, 0x60,
    0x1a, 0x10, 0x1, 0xd, 0x46, 0x6b, 0x59, 0x0,
    0x1e, 0xe, 0x60, 0x30, 0x80,

    /* U+014D "ō" */
    0x0, 0x6f, 0xfa, 0x80, 0x36, 0xff, 0xa8, 0x3,
    0x57, 0xf4, 0x0, 0x54, 0xdb, 0xa6, 0x70, 0x15,
    0xe2, 0x3b, 0x90, 0x20, 0x20, 0x3, 0x88, 0x10,
    0x10, 0x1, 0xc4, 0x5, 0x78, 0x8e, 0xe4, 0x1,
    0x4d, 0xba, 0x67, 0x0,

    /* U+0150 "Ő" */
    0x0, 0xca, 0x2a, 0x1, 0xe2, 0xb2, 0xb0, 0xf,
    0x23, 0xa3, 0x0, 0x79, 0xa5, 0xe0, 0x3, 0x8a,
    0xff, 0xd4, 0x40, 0x11, 0x68, 0xe5, 0x8e, 0x10,
    0x2, 0x56, 0x8d, 0x2d, 0x60, 0x9, 0x20, 0x3,
    0x42, 0x83, 0x9, 0x0, 0x63, 0x3, 0x0, 0xff,
    0x30, 0x90, 0x6, 0x30, 0x32, 0x4b, 0x0, 0xd0,
    0x80, 0x8, 0x6a, 0x33, 0x5a, 0xc8, 0x0, 0xf0,
    0x73, 0x1, 0x84, 0x0,

    /* U+0151 "ő" */
    0x0, 0x94, 0x54, 0x3, 0x1d, 0xac, 0x0, 0x64,
    0x6c, 0x50, 0xc, 0xf1, 0x10, 0x6, 0xaf, 0xe8,
    0x0, 0xa9, 0xb7, 0x4c, 0xe0, 0x2b, 0xc4, 0x77,
    0x20, 0x40, 0x40, 0x7, 0x10, 0x20, 0x20, 0x3,
    0x88, 0xa, 0xf1, 0x1d, 0xc8, 0x2, 0x9b, 0x74,
    0xce, 0x0,

    /* U+0152 "Œ" */
    0x0, 0x15, 0x77, 0xff, 0x88, 0xf, 0x43, 0x60,
    0xb7, 0x71, 0x7, 0xb5, 0x19, 0x1, 0x16, 0x2,
    0x38, 0x0, 0xfe, 0x61, 0x10, 0x7, 0xff, 0xc,
    0xbf, 0xe9, 0x6, 0x11, 0x0, 0x45, 0xbb, 0x40,
    0x11, 0xc0, 0x6, 0x22, 0x84, 0x1, 0xed, 0x26,
    0x60, 0x11, 0xc0, 0x3, 0xd2, 0xc9, 0x2e, 0xec,
    0x60,

    /* U+0153 "œ" */
    0x1, 0xaf, 0xe7, 0xa, 0xfe, 0x50, 0x5, 0xf,
    0x6c, 0xe0, 0xf5, 0xd1, 0x11, 0x28, 0x4e, 0xe,
    0x45, 0x56, 0x61, 0x10, 0x1, 0x43, 0x7f, 0xcb,
    0xec, 0x22, 0x0, 0x28, 0x77, 0xfb, 0xa0, 0x92,
    0x84, 0xe0, 0xa8, 0x4f, 0xd0, 0x28, 0x7b, 0x67,
    0x47, 0xb6, 0x10,

    /* U+0154 "Ŕ" */
    0x0, 0x36, 0x0, 0x75, 0x40, 0x7, 0x5a, 0x0,
    0x5d, 0xf1, 0xf4, 0x20, 0xa, 0xdd, 0x35, 0x80,
    0x4, 0x89, 0xa, 0x1, 0xce, 0x1, 0xe8, 0x40,
    0x5, 0xff, 0x9e, 0x80, 0x15, 0xa3, 0x42, 0x0,
    0x12, 0xb8, 0x0, 0xe5, 0x28, 0x0, 0xef, 0x71,

    /* U+0155 "ŕ" */
    0x0, 0x38, 0x82, 0x50, 0x87, 0x40, 0x2, 0x94,
    0x3a, 0x7a, 0x1, 0x72, 0x2, 0x48, 0x0, 0xc0,
    0x1f, 0xfc, 0x20,

    /* U+0158 "Ř" */
    0x34, 0x7, 0x0, 0x8e, 0x27, 0xc0, 0x37, 0x72,
    0x0, 0x2e, 0xd8, 0xfa, 0x10, 0x5, 0x6e, 0x9a,
    0xc0, 0x2, 0x44, 0x85, 0x0, 0xe7, 0x0, 0xf4,
    0x20, 0x2, 0xff, 0xcf, 0x40, 0xa, 0xd1, 0xa1,
    0x0, 0x9, 0x5c, 0x0, 0x72, 0x94, 0x0, 0x77,
    0xb8, 0x80,

    /* U+0159 "ř" */
    0x1d, 0x1c, 0x31, 0x9f, 0x43, 0x4, 0xc8, 0x0,
    0x75, 0xf4, 0x0, 0x17, 0x20, 0x1, 0x24, 0x1,
    0x30, 0x7, 0xff, 0x14,

    /* U+015A "Ś" */
    0x0, 0xda, 0x60, 0x1c, 0xc8, 0x60, 0x1c, 0xd2,
    0x1, 0x8a, 0xff, 0x9c, 0x2, 0xf1, 0xda, 0x95,
    0x1, 0x2b, 0x24, 0xb2, 0x1, 0x9, 0x0, 0x2b,
    0x80, 0x29, 0xfe, 0xd0, 0x2, 0x5f, 0xa1, 0xb7,
    0x0, 0xcb, 0x54, 0x80, 0x4f, 0x0, 0x98, 0x0,
    0x87, 0x66, 0x6f, 0x50, 0x6, 0x8e, 0xe3, 0x58,
    0x0,

    /* U+015B "ś" */
    0x0, 0xc6, 0x1, 0xa2, 0x80, 0x33, 0x40, 0x6,
    0xf1, 0x0, 0x37, 0x7b, 0x80, 0xce, 0xe4, 0x98,
    0x1, 0x4f, 0x8c, 0x6e, 0xba, 0xc4, 0x1b, 0x39,
    0xd8, 0xb5, 0x0, 0x22, 0x99, 0x73, 0x38,

    /* U+015E "Ş" */
    0x2, 0xbf, 0xe7, 0x0, 0xbc, 0x76, 0xa5, 0x40,
    0x4a, 0xc9, 0x2c, 0x80, 0x42, 0x40, 0xa, 0xe0,
    0xa, 0x7f, 0xb4, 0x0, 0x97, 0xe8, 0x6d, 0xc0,
    0x32, 0xd5, 0x20, 0xf, 0xc0, 0x26, 0x0, 0x19,
    0xac, 0xcd, 0xea, 0x0, 0xd1, 0xcc, 0x35, 0x80,
    0x6, 0x5, 0x68, 0x40, 0x22, 0xe1, 0x10, 0x6,
    0x3b, 0x31, 0x0, 0x0,

    /* U+015F "ş" */
    0x6, 0xee, 0x38, 0xc, 0xee, 0x49, 0x80, 0x1c,
    0xb8, 0xc5, 0xef, 0x9c, 0x1, 0x1d, 0x12, 0xc7,
    0x62, 0xcf, 0xc6, 0xf9, 0x2d, 0x61, 0xaa, 0x58,
    0x60, 0x26, 0xea, 0x1, 0x1b, 0x98, 0x0,

    /* U+0160 "Š" */
    0x0, 0x38, 0xa2, 0x0, 0x31, 0x54, 0xa8, 0x6,
    0x5f, 0xf0, 0x80, 0x45, 0x76, 0xc6, 0x0, 0xbc,
    0x76, 0xe5, 0x0, 0x4a, 0xc9, 0x5f, 0x80, 0x42,
    0x40, 0x11, 0x40, 0xa, 0x7f, 0xb4, 0x0, 0x97,
    0xe8, 0x6d, 0xc0, 0x32, 0xd5, 0x20, 0xf, 0x80,
    0x26, 0x0, 0x19, 0xac, 0xcd, 0xea, 0x0, 0xc0,
    0xdc, 0x6b, 0x0,

    /* U+0161 "š" */
    0x5, 0xa2, 0xd0, 0x2, 0x86, 0x70, 0x5, 0x58,
    0x60, 0x6, 0xec, 0x90, 0x19, 0xdf, 0x12, 0x0,
    0x28, 0x41, 0xd, 0xd7, 0x58, 0x89, 0xf3, 0x9d,
    0x83, 0x10, 0x2, 0x1a, 0x9e, 0x67,

    /* U+0162 "Ţ" */
    0x7f, 0xff, 0x23, 0xee, 0x91, 0xf7, 0x48, 0x4,
    0x40, 0xf2, 0x20, 0x7, 0xff, 0xc0, 0xcc, 0x1,
    0xe4, 0xf4, 0x0, 0xe6, 0x7, 0x0, 0x0,

    /* U+0163 "ţ" */
    0x3, 0x50, 0x9, 0x38, 0x1, 0x30, 0x9e, 0x93,
    0x9, 0xe8, 0x1, 0xff, 0x8, 0x6, 0x36, 0x20,
    0x2, 0xb6, 0xb8, 0x0, 0x8a, 0x0, 0x4f, 0xf8,
    0x1, 0x13, 0x20,

    /* U+0164 "Ť" */
    0x0, 0x30, 0x92, 0x80, 0x62, 0xae, 0x70, 0xc,
    0x9b, 0x4, 0x0, 0x7f, 0xf4, 0xdf, 0xf9, 0x1f,
    0x74, 0x8f, 0xba, 0x40, 0x22, 0x7, 0x91, 0x0,
    0x3f, 0xfd, 0xa0,

    /* U+0165 "ť" */
    0x0, 0x8d, 0xc0, 0x26, 0xf0, 0x47, 0x3e, 0x3,
    0xc6, 0x64, 0xc2, 0x7a, 0x4c, 0x27, 0xa0, 0x7,
    0xfc, 0x20, 0x18, 0xd8, 0x80, 0xa, 0xda, 0xe0,

    /* U+0166 "Ŧ" */
    0x7f, 0xff, 0x23, 0xee, 0x91, 0xf7, 0x48, 0x4,
    0x40, 0xf2, 0x20, 0x7, 0xff, 0x1b, 0xfc, 0x91,
    0xf8, 0x0, 0xdd, 0x23, 0x6e, 0x80, 0x4, 0x40,
    0xe2, 0x10, 0xf, 0xfe, 0x28,

    /* U+0167 "ŧ" */
    0x3, 0x50, 0x9, 0x38, 0x1, 0x30, 0x9e, 0x93,
    0x9, 0xe8, 0xb0, 0x9a, 0xa, 0xe9, 0x80, 0xe,
    0x1, 0x0, 0x1b, 0x10, 0x1, 0x5b, 0x5c,

    /* U+0168 "Ũ" */
    0x2, 0xd7, 0x83, 0x0, 0x24, 0x72, 0x98, 0x1,
    0x96, 0x74, 0x1, 0xc8, 0x1, 0x2e, 0x80, 0x7f,
    0xf7, 0x88, 0xc0, 0x2d, 0x69, 0x87, 0x37, 0x77,
    0xac, 0xd6, 0x55, 0x10,

    /* U+0169 "ũ" */
    0xd, 0x96, 0x60, 0x25, 0x75, 0xb8, 0x23, 0xbb,
    0x44, 0x3c, 0x80, 0x1e, 0x40, 0x1f, 0xfc, 0x92,
    0x0, 0x15, 0xc, 0x0, 0x25, 0xbf, 0x0, 0x0,

    /* U+016A "Ū" */
    0x6, 0xff, 0x8c, 0x0, 0xdf, 0xf1, 0x87, 0x20,
    0x4, 0xba, 0x1, 0xff, 0xde, 0x23, 0x0, 0xb5,
    0xa6, 0x1c, 0xdd, 0xde, 0xb3, 0x59, 0x54, 0x40,

    /* U+016B "ū" */
    0x3f, 0xf9, 0x40, 0xff, 0xe5, 0xf, 0x20, 0x7,
    0x90, 0x7, 0xff, 0x24, 0x80, 0x5, 0x43, 0x0,
    0x9, 0x6f, 0xc0, 0x0,

    /* U+016E "Ů" */
    0x0, 0x4e, 0xb0, 0x6, 0x4c, 0xb0, 0xc, 0x99,
    0x60, 0x1a, 0x75, 0x80, 0x1c, 0x80, 0x12, 0xe8,
    0x7, 0xff, 0x78, 0x8c, 0x2, 0xd6, 0x98, 0x73,
    0x77, 0x7a, 0xcd, 0x65, 0x51, 0x0,

    /* U+016F "ů" */
    0x7, 0xd8, 0x0, 0xab, 0x54, 0x2, 0xad, 0x50,
    0x9, 0xf6, 0x0, 0x1e, 0x40, 0xf, 0x20, 0xf,
    0xfe, 0x49, 0x0, 0xa, 0x86, 0x0, 0x12, 0xdf,
    0x80, 0x0,

    /* U+0170 "Ű" */
    0x0, 0x54, 0x53, 0x80, 0x4f, 0x48, 0xa0, 0x14,
    0x15, 0x90, 0x72, 0x28, 0x2a, 0xb4, 0x3, 0xff,
    0xbc, 0x46, 0x1, 0x6b, 0x4c, 0x39, 0xbb, 0xbd,
    0x66, 0xb2, 0xa8, 0x80,

    /* U+0171 "ű" */
    0x2, 0x42, 0x30, 0x5, 0xe4, 0x20, 0x1, 0x6d,
    0xd4, 0x1, 0x87, 0xa4, 0x1e, 0x40, 0xf, 0x20,
    0xf, 0xfe, 0x49, 0x0, 0xa, 0x86, 0x0, 0x12,
    0xdf, 0x80, 0x0,

    /* U+0172 "Ų" */
    0xe4, 0x0, 0x97, 0x40, 0x3f, 0xfb, 0xc6, 0x20,
    0x11, 0x8a, 0x70, 0x5, 0x49, 0x6b, 0xb5, 0xa5,
    0x25, 0x88, 0x85, 0xf1, 0x2, 0xe9, 0x81, 0x0,
    0x8e, 0x58, 0x0,

    /* U+0173 "ų" */
    0xf2, 0x0, 0x79, 0x0, 0x7f, 0xf2, 0x48, 0x0,
    0x54, 0x30, 0x0, 0x96, 0xfc, 0x3, 0x4e, 0xe1,
    0x30, 0x80, 0x4e, 0x8e,

    /* U+0174 "Ŵ" */
    0x0, 0xe6, 0x40, 0xf, 0xe5, 0xc9, 0x20, 0xf,
    0xc5, 0x7c, 0xc0, 0x1a, 0x68, 0x0, 0xf9, 0x68,
    0x0, 0xe4, 0xc7, 0x0, 0x9, 0x20, 0x0, 0x85,
    0x10, 0x42, 0x8, 0x26, 0x0, 0x43, 0x1, 0x12,
    0x86, 0x39, 0x20, 0x7a, 0x80, 0x13, 0x1, 0x71,
    0x30, 0x13, 0x0, 0x18, 0x80, 0x69, 0xe8, 0x24,
    0x80, 0x4, 0x34, 0x21, 0x43, 0x42, 0x10, 0x1,
    0xf, 0xa0, 0x10, 0xca, 0x0, 0x65, 0x4c, 0x0,
    0x21, 0xf8, 0x6, 0xc0, 0x70, 0x6, 0x2, 0x0,
    0x0,

    /* U+0175 "ŵ" */
    0x0, 0xd3, 0xc2, 0x1, 0xf2, 0x95, 0x50, 0x3,
    0xe5, 0xb4, 0xb0, 0xc, 0xd6, 0x0, 0x7e, 0x0,
    0x26, 0x82, 0x20, 0x1, 0x62, 0x61, 0xa8, 0x4,
    0x44, 0x13, 0x54, 0x4, 0xd0, 0x2, 0xea, 0x23,
    0xac, 0x88, 0x80, 0xc, 0x4f, 0xd4, 0x3a, 0x40,
    0x9, 0x9, 0x50, 0x11, 0xf4, 0x3, 0x29, 0x10,
    0x34, 0x1c, 0x0,

    /* U+0176 "Ŷ" */
    0x0, 0x95, 0x40, 0x1c, 0x73, 0x24, 0x0, 0xcd,
    0xda, 0x40, 0x7, 0xc5, 0x21, 0x6d, 0x77, 0x12,
    0x0, 0x14, 0xdc, 0x1a, 0x0, 0x13, 0x20, 0x4,
    0x99, 0x90, 0xdc, 0x0, 0x2f, 0x1e, 0xe0, 0x1a,
    0x51, 0x12, 0x1, 0x85, 0x54, 0x20, 0x1c, 0x66,
    0x0, 0xff, 0xe3, 0x80,

    /* U+0177 "ŷ" */
    0x0, 0x37, 0xa0, 0x4, 0x57, 0xb2, 0x20, 0x2,
    0xd2, 0xd1, 0x5, 0xd0, 0xb, 0x19, 0x48, 0x80,
    0x26, 0xe0, 0xaa, 0x7, 0x41, 0xf, 0xb0, 0xad,
    0x0, 0x29, 0x9c, 0xe0, 0x12, 0x72, 0x8, 0x5,
    0xc5, 0xa0, 0x19, 0xc1, 0xc0, 0x22, 0x97, 0x10,
    0x4, 0x61, 0x40, 0x4,

    /* U+0178 "Ÿ" */
    0x0, 0x53, 0xb5, 0x80, 0x6f, 0x45, 0xe0, 0x3,
    0xe2, 0x99, 0x97, 0x5d, 0xc4, 0x80, 0x5, 0x37,
    0x6, 0x80, 0x4, 0xc8, 0x1, 0x26, 0x64, 0x37,
    0x0, 0xb, 0xc7, 0xb8, 0x6, 0x94, 0x44, 0x80,
    0x61, 0x55, 0x8, 0x7, 0x19, 0x80, 0x3f, 0xf8,
    0xe0,

    /* U+0179 "Ź" */
    0x0, 0xda, 0xa0, 0x1c, 0x60, 0xa0, 0x1c, 0xfc,
    0x1, 0x1f, 0xfa, 0xf3, 0xfc, 0x27, 0xbb, 0x94,
    0xc4, 0x8, 0xa1, 0x5f, 0x0, 0xef, 0x73, 0x0,
    0xcc, 0x50, 0x1, 0x86, 0x6c, 0x3, 0xad, 0x14,
    0x3, 0x22, 0xd0, 0x7, 0x4b, 0x80, 0x8c, 0x6,
    0x4f, 0xdd, 0x88,

    /* U+017A "ź" */
    0x0, 0xb1, 0x40, 0x24, 0x75, 0x0, 0x92, 0xc0,
    0x9, 0xff, 0xa9, 0x3f, 0xda, 0x12, 0x1, 0x7c,
    0x18, 0x2, 0x59, 0xc0, 0x8, 0xf4, 0x0, 0x1a,
    0xa0, 0x80, 0x18, 0x6f, 0xfd, 0x40,

    /* U+017B "Ż" */
    0x0, 0x94, 0xc0, 0x3d, 0xca, 0x1, 0xeb, 0x60,
    0x8, 0xff, 0xfc, 0x27, 0xbb, 0x94, 0xc4, 0x8,
    0xa1, 0x5f, 0x0, 0xef, 0x73, 0x0, 0xcc, 0x50,
    0x1, 0x86, 0x6c, 0x3, 0xad, 0x14, 0x3, 0x22,
    0xd0, 0x7, 0x4b, 0x80, 0x8c, 0x6, 0x4f, 0xdd,
    0x88,

    /* U+017C "ż" */
    0x0, 0x4c, 0x0, 0x6d, 0xc0, 0xc, 0x88, 0x0,
    0x27, 0xfe, 0xa4, 0xff, 0x68, 0x48, 0x5, 0xf0,
    0x60, 0x9, 0x67, 0x0, 0x23, 0xd0, 0x0, 0x6a,
    0x82, 0x0, 0x61, 0xbf, 0xf5, 0x0,

    /* U+017D "Ž" */
    0x0, 0x38, 0x9a, 0x0, 0x62, 0xbe, 0x60, 0xc,
    0xb9, 0x24, 0x0, 0x3f, 0xf4, 0xdf, 0xf8, 0x4f,
    0x77, 0x29, 0x88, 0x11, 0x42, 0xbe, 0x1, 0xde,
    0xe6, 0x1, 0x98, 0xa0, 0x3, 0xc, 0xd8, 0x7,
    0x5a, 0x28, 0x6, 0x45, 0xa0, 0xe, 0x97, 0x1,
    0x18, 0xc, 0x9f, 0xbb, 0x10,

    /* U+017E "ž" */
    0xa, 0x67, 0x90, 0x5, 0xda, 0xa4, 0x0, 0x39,
    0x80, 0x2, 0x7f, 0x73, 0xe9, 0x3f, 0xda, 0x12,
    0x1, 0x7c, 0x18, 0x2, 0x59, 0xc0, 0x8, 0xf4,
    0x0, 0x1a, 0xa0, 0x80, 0x18, 0x6f, 0xfd, 0x40,

    /* U+01A0 "Ơ" */
    0x0, 0xf8, 0x44, 0x1, 0xfa, 0x60, 0x2, 0x2b,
    0xff, 0x9f, 0x0, 0x5, 0xa3, 0x96, 0x84, 0x80,
    0x9, 0x5a, 0x34, 0xb6, 0xb0, 0x24, 0x80, 0xd,
    0xa, 0xc, 0x24, 0x1, 0x8c, 0xc, 0x3, 0xfc,
    0xc2, 0x40, 0x18, 0xc0, 0xc9, 0x2c, 0x3, 0x42,
    0x0, 0x21, 0xa8, 0xcd, 0x6b, 0x20, 0x3, 0xc1,
    0xcc, 0x6, 0x10, 0x0,

    /* U+01A1 "ơ" */
    0x0, 0xf0, 0x80, 0x70, 0xf0, 0xd, 0x7f, 0xb9,
    0x42, 0x87, 0x70, 0x78, 0x92, 0x88, 0xe2, 0xc,
    0x22, 0x0, 0x29, 0xb0, 0x88, 0x0, 0xa4, 0x44,
    0xa2, 0x38, 0xa0, 0xa1, 0xdd, 0x33, 0x80,

    /* U+01AF "Ư" */
    0x0, 0xfb, 0x53, 0x90, 0x2, 0x5f, 0x64, 0x0,
    0xf1, 0x58, 0x7, 0xff, 0x88, 0x8c, 0x2, 0xd6,
    0x0, 0x4c, 0x39, 0xbb, 0xbc, 0x0, 0xb3, 0x59,
    0x54, 0x40, 0x0,

    /* U+01B0 "ư" */
    0x0, 0xf3, 0x10, 0x7, 0xa8, 0x4b, 0xc0, 0x7,
    0xec, 0x60, 0x1e, 0xa0, 0xf, 0xfe, 0x4b, 0x80,
    0x44, 0xa, 0x50, 0x1, 0xa6, 0xf2, 0xc0, 0x20,

    /* U+01E6 "Ǧ" */
    0x0, 0x98, 0x49, 0x40, 0x38, 0xab, 0x98, 0x3,
    0x93, 0xa4, 0xc0, 0x31, 0xdd, 0x5d, 0x8, 0x0,
    0xf0, 0xb2, 0x87, 0x0, 0x1c, 0xd2, 0x69, 0x60,
    0xc4, 0x48, 0x0, 0xdc, 0xac, 0x22, 0x0, 0xc6,
    0x60, 0xe, 0xee, 0xad, 0x84, 0x40, 0xf, 0xf4,
    0x81, 0x12, 0x0, 0x2, 0x2c, 0xc0, 0x73, 0x49,
    0x9a, 0x95, 0x80, 0xf0, 0xb3, 0x43, 0xc4,

    /* U+01E7 "ǧ" */
    0x0, 0x5a, 0xbc, 0x0, 0x55, 0x15, 0x0, 0x10,
    0xff, 0x80, 0x21, 0xbd, 0xe6, 0xf0, 0xa0, 0xef,
    0x80, 0x14, 0x91, 0x38, 0x3, 0x2, 0x0, 0x10,
    0x18, 0x10, 0x0, 0x80, 0x52, 0x44, 0xe0, 0x1,
    0x41, 0xdf, 0x2, 0xf, 0x3f, 0x86, 0x60, 0xfe,
    0x22, 0x42, 0x84, 0xae, 0x61, 0x20,

    /* U+1E20 "Ḡ" */
    0x0, 0xb7, 0xfd, 0x60, 0x1d, 0xbf, 0xeb, 0x0,
    0xc7, 0x7f, 0xd4, 0x20, 0x3, 0xc2, 0xca, 0x1c,
    0x0, 0x73, 0x49, 0xa5, 0x83, 0x11, 0x20, 0x3,
    0x72, 0xb0, 0x88, 0x3, 0x19, 0x80, 0x3b, 0xba,
    0xb6, 0x11, 0x0, 0x3f, 0xd2, 0x4, 0x48, 0x0,
    0x8, 0xb3, 0x1, 0xcd, 0x26, 0x6a, 0x56, 0x3,
    0xc2, 0xcd, 0xf, 0x10,

    /* U+1E21 "ḡ" */
    0x0, 0x6f, 0xfa, 0xc0, 0x2d, 0xff, 0x58, 0x0,
    0x6f, 0xf1, 0xbc, 0x28, 0x3b, 0xe0, 0x5, 0x24,
    0x4e, 0x0, 0xc0, 0x80, 0x4, 0x6, 0x4, 0x0,
    0x20, 0x14, 0x91, 0x38, 0x0, 0x50, 0x77, 0xc0,
    0x83, 0xcf, 0xe1, 0x98, 0x3f, 0x88, 0x90, 0xa1,
    0x2b, 0x98, 0x48,

    /* U+1E80 "Ẁ" */
    0x0, 0xd3, 0x20, 0xf, 0xf4, 0x38, 0x7, 0xf8,
    0x6c, 0x80, 0x3a, 0x68, 0x2, 0x8a, 0x0, 0xb9,
    0x31, 0xc0, 0x2, 0x48, 0x0, 0x21, 0x44, 0x10,
    0x82, 0x9, 0x80, 0x10, 0xc0, 0x44, 0xa1, 0x8e,
    0x48, 0x1e, 0xa0, 0x4, 0xc0, 0x5c, 0x4c, 0x4,
    0xc0, 0x6, 0x20, 0x1a, 0x7a, 0x9, 0x20, 0x1,
    0xd, 0x8, 0x50, 0xd0, 0x84, 0x0, 0x43, 0xe8,
    0x4, 0x32, 0x80, 0x19, 0x53, 0x0, 0x8, 0x7e,
    0x1, 0xb0, 0x1c, 0x1, 0x80, 0x80, 0x0,

    /* U+1E81 "ẁ" */
    0x0, 0x84, 0xc0, 0x3f, 0xda, 0x20, 0x1f, 0x86,
    0x64, 0x1, 0xfc, 0xf0, 0x1, 0xcd, 0x60, 0x7,
    0xe0, 0x2, 0x68, 0x22, 0x0, 0x16, 0x26, 0x1a,
    0x80, 0x44, 0x41, 0x35, 0x40, 0x4d, 0x0, 0x2e,
    0xa2, 0x3a, 0xc8, 0x88, 0x0, 0xc4, 0xfd, 0x43,
    0xa4, 0x0, 0x90, 0x95, 0x1, 0x1f, 0x40, 0x32,
    0x91, 0x3, 0x41, 0xc0, 0x0,

    /* U+1E82 "Ẃ" */
    0x0, 0xf6, 0xa8, 0x7, 0xf1, 0x82, 0x80, 0x7f,
    0x3f, 0x0, 0x74, 0xd0, 0x5, 0x36, 0x1, 0x72,
    0x63, 0x80, 0x4, 0x90, 0x0, 0x42, 0x88, 0x21,
    0x4, 0x13, 0x0, 0x21, 0x80, 0x89, 0x43, 0x1c,
    0x90, 0x3d, 0x40, 0x9, 0x80, 0xb8, 0x98, 0x9,
    0x80, 0xc, 0x40, 0x34, 0xf4, 0x12, 0x40, 0x2,
    0x1a, 0x10, 0xa1, 0xa1, 0x8, 0x0, 0x87, 0xd0,
    0x8, 0x65, 0x0, 0x32, 0xa6, 0x0, 0x10, 0xfc,
    0x3, 0x60, 0x38, 0x3, 0x1, 0x0, 0x0,

    /* U+1E83 "ẃ" */
    0x0, 0xe1, 0x30, 0xf, 0xe8, 0xb0, 0xf, 0xc2,
    0xf0, 0x1, 0xf8, 0x78, 0x3, 0x9a, 0xc0, 0xf,
    0xc0, 0x4, 0xd0, 0x44, 0x0, 0x2c, 0x4c, 0x35,
    0x0, 0x88, 0x82, 0x6a, 0x80, 0x9a, 0x0, 0x5d,
    0x44, 0x75, 0x91, 0x10, 0x1, 0x89, 0xfa, 0x87,
    0x48, 0x1, 0x21, 0x2a, 0x2, 0x3e, 0x80, 0x65,
    0x22, 0x6, 0x83, 0x80, 0x0,

    /* U+1E84 "Ẅ" */
    0x0, 0xda, 0x93, 0x0, 0x1f, 0xad, 0x77, 0x0,
    0x34, 0xd0, 0x1, 0xb3, 0x8, 0x0, 0xe4, 0xc7,
    0x0, 0x9, 0x20, 0x0, 0x85, 0x10, 0x42, 0x8,
    0x26, 0x0, 0x43, 0x1, 0x12, 0x86, 0x39, 0x20,
    0x7a, 0x80, 0x13, 0x1, 0x71, 0x30, 0x13, 0x0,
    0x18, 0x80, 0x69, 0xe8, 0x24, 0x80, 0x4, 0x34,
    0x21, 0x43, 0x42, 0x10, 0x1, 0xf, 0xa0, 0x10,
    0xca, 0x0, 0x65, 0x4c, 0x0, 0x21, 0xf8, 0x6,
    0xc0, 0x70, 0x6, 0x2, 0x0, 0x0,

    /* U+1E85 "ẅ" */
    0x0, 0x9e, 0x8f, 0x40, 0x3e, 0x4f, 0x2a, 0x0,
    0xf8, 0xd4, 0x5c, 0x3, 0x35, 0x80, 0x1f, 0x80,
    0x9, 0xa0, 0x88, 0x0, 0x58, 0x98, 0x6a, 0x1,
    0x11, 0x4, 0xd5, 0x1, 0x34, 0x0, 0xba, 0x88,
    0xeb, 0x22, 0x20, 0x3, 0x13, 0xf5, 0xe, 0x90,
    0x2, 0x42, 0x54, 0x4, 0x7d, 0x0, 0xca, 0x44,
    0xd, 0x7, 0x0, 0x0,

    /* U+1E9E "ẞ" */
    0x0, 0x2e, 0xff, 0x50, 0x82, 0xdc, 0x74, 0xa0,
    0x84, 0xc2, 0x8d, 0x50, 0x0, 0x68, 0x10, 0xe8,
    0x1, 0x19, 0x39, 0x0, 0x71, 0xca, 0x60, 0x6,
    0x16, 0xc2, 0x50, 0xf, 0xf8, 0x4a, 0x5, 0x0,
    0x2e, 0xd4, 0xc1,

    /* U+1EA0 "Ạ" */
    0x0, 0x9f, 0xd0, 0x3, 0xd6, 0x1a, 0x1, 0xc2,
    0x6e, 0xe0, 0xe, 0x71, 0x91, 0x30, 0xd, 0xae,
    0x27, 0x60, 0x10, 0xa6, 0x5, 0xa8, 0x4, 0x80,
    0xa0, 0x84, 0x60, 0xf, 0xf, 0xf6, 0x5, 0x80,
    0x16, 0x37, 0x66, 0x50, 0x40, 0x72, 0x2a, 0xc8,
    0x89, 0xe0, 0x18, 0xbc, 0x80, 0x21, 0x90, 0xf,
    0x89, 0xc4, 0x2,

    /* U+1EA1 "ạ" */
    0x1, 0xbf, 0xc6, 0xe0, 0xb0, 0xef, 0x80, 0x15,
    0x91, 0x39, 0x3, 0x2, 0x0, 0x18, 0x18, 0x8,
    0x0, 0x80, 0x52, 0xc0, 0x60, 0x1, 0x43, 0xf9,
    0x20, 0x1, 0xbf, 0xd7, 0xe0, 0x9, 0x90, 0x3,
    0xb3, 0x0, 0x0,

    /* U+1EA2 "Ả" */
    0x0, 0x9b, 0x18, 0x3, 0xc7, 0xda, 0x1, 0xe5,
    0xe9, 0x0, 0xfb, 0x8, 0x3, 0xcf, 0xe8, 0x1,
    0xeb, 0xd, 0x0, 0xe1, 0x37, 0x70, 0x7, 0x38,
    0xc8, 0x98, 0x6, 0xd7, 0x13, 0xb0, 0x8, 0x53,
    0x2, 0xd4, 0x2, 0x40, 0x50, 0x42, 0x30, 0x7,
    0x87, 0xfb, 0x2, 0xc0, 0xb, 0x1b, 0xb3, 0x28,
    0x20, 0x39, 0x15, 0x64, 0x40,

    /* U+1EA3 "ả" */
    0x0, 0xd, 0xd8, 0x40, 0x23, 0x82, 0x50, 0x8,
    0x98, 0xd0, 0x3, 0x2d, 0x0, 0x43, 0x7f, 0x8d,
    0xc1, 0x61, 0xdf, 0x0, 0x2b, 0x22, 0x72, 0x6,
    0x4, 0x0, 0x30, 0x30, 0x10, 0x1, 0x0, 0xa5,
    0x80, 0xc0, 0x2, 0x87, 0xf2, 0x40,

    /* U+1EA4 "Ấ" */
    0x0, 0xf1, 0x30, 0x7, 0xd6, 0x20, 0x18, 0x5c,
    0x5d, 0xc0, 0x1b, 0x72, 0xf8, 0x3, 0x14, 0xde,
    0x8, 0x6, 0x22, 0x79, 0x8, 0x7, 0x58, 0x68,
    0x7, 0x9, 0xbb, 0x80, 0x39, 0xc6, 0x44, 0xc0,
    0x36, 0xb8, 0x9d, 0x80, 0x42, 0x98, 0x16, 0xa0,
    0x12, 0x2, 0x82, 0x11, 0x80, 0x3c, 0x3f, 0xd8,
    0x16, 0x0, 0x58, 0xdd, 0x99, 0x41, 0x1, 0xc8,
    0xab, 0x22, 0x0,

    /* U+1EA5 "ấ" */
    0x0, 0xf7, 0x18, 0x7, 0x32, 0x18, 0x5, 0xb8,
    0x96, 0x1, 0x4d, 0xaa, 0x84, 0x2, 0x86, 0x96,
    0x0, 0x86, 0xbf, 0x1f, 0x80, 0x16, 0x1d, 0xf0,
    0x0, 0x15, 0x91, 0x39, 0x0, 0x18, 0x10, 0x0,
    0xc0, 0x6, 0x2, 0x0, 0x20, 0x0, 0xa5, 0x80,
    0xc0, 0x5, 0x43, 0xf9, 0x20, 0x0,

    /* U+1EA6 "Ầ" */
    0x0, 0xee, 0x30, 0xf, 0xa2, 0x40, 0x39, 0x75,
    0x7c, 0x3, 0x14, 0xff, 0x20, 0x6, 0x2c, 0x2d,
    0x10, 0xe, 0x7f, 0x40, 0xf, 0x58, 0x68, 0x7,
    0x9, 0xbb, 0x80, 0x39, 0xc6, 0x44, 0xc0, 0x36,
    0xb8, 0x9d, 0x80, 0x42, 0x98, 0x16, 0xa0, 0x12,
    0x2, 0x82, 0x11, 0x80, 0x3c, 0x3f, 0xd8, 0x16,
    0x0, 0x58, 0xdd, 0x99, 0x41, 0x1, 0xc8, 0xab,
    0x22, 0x0,

    /* U+1EA7 "ầ" */
    0x0, 0xcd, 0x60, 0x1c, 0xcc, 0x30, 0xb, 0x73,
    0xc8, 0x1, 0x56, 0x94, 0x20, 0xa, 0x68, 0x80,
    0x0, 0x6f, 0xf1, 0xb8, 0x2c, 0x3b, 0xe0, 0x5,
    0x64, 0x4e, 0x40, 0xc0, 0x80, 0x6, 0x6, 0x2,
    0x0, 0x20, 0x14, 0xb0, 0x18, 0x0, 0x50, 0xfe,
    0x48, 0x0,

    /* U+1EA8 "Ẩ" */
    0x0, 0xe8, 0xc4, 0x0, 0xf6, 0x56, 0x0, 0x62,
    0x86, 0xf8, 0x0, 0x87, 0xb7, 0xa4, 0x3, 0xe,
    0xae, 0x80, 0x79, 0xbd, 0x40, 0x3d, 0x61, 0xa0,
    0x1c, 0x26, 0xee, 0x0, 0xe7, 0x19, 0x13, 0x0,
    0xda, 0xe2, 0x76, 0x1, 0xa, 0x60, 0x5a, 0x80,
    0x48, 0xa, 0x8, 0x46, 0x0, 0xf0, 0xff, 0x60,
    0x58, 0x1, 0x63, 0x76, 0x65, 0x4, 0x7, 0x22,
    0xac, 0x88,

    /* U+1EA9 "ẩ" */
    0x0, 0xc7, 0x76, 0x0, 0xe2, 0x80, 0xe, 0xdd,
    0x5, 0x80, 0x53, 0x6a, 0x80, 0x1a, 0x1a, 0x58,
    0x2, 0x1a, 0xfc, 0x7e, 0x0, 0x58, 0x77, 0xc0,
    0x0, 0x56, 0x44, 0xe4, 0x0, 0x60, 0x40, 0x3,
    0x0, 0x18, 0x8, 0x0, 0x80, 0x2, 0x96, 0x3,
    0x0, 0x15, 0xf, 0xe4, 0x80, 0x0,

    /* U+1EAA "Ẫ" */
    0x0, 0x16, 0xbc, 0x18, 0x6, 0x48, 0xe5, 0x30,
    0xc, 0xcc, 0xc, 0x0, 0xe1, 0xfc, 0xd0, 0xe,
    0x1c, 0x5d, 0x0, 0xf3, 0xfa, 0x80, 0x7a, 0xc3,
    0x40, 0x38, 0x4d, 0xdc, 0x1, 0xce, 0x32, 0x26,
    0x1, 0xb5, 0xc4, 0xec, 0x2, 0x14, 0xc0, 0xb5,
    0x0, 0x90, 0x14, 0x10, 0x8c, 0x1, 0xe1, 0xfe,
    0xc0, 0xb0, 0x2, 0xc6, 0xec, 0xca, 0x8, 0xe,
    0x45, 0x59, 0x10,

    /* U+1EAB "ẫ" */
    0x0, 0x46, 0x15, 0x80, 0x49, 0xfe, 0xd0, 0xb,
    0x39, 0x98, 0x1, 0x4d, 0x93, 0x80, 0x50, 0xd2,
    0xc0, 0x1, 0xaf, 0xc7, 0xe0, 0xb0, 0xef, 0x80,
    0x15, 0x91, 0x39, 0x3, 0x2, 0x0, 0x18, 0x18,
    0x8, 0x0, 0x80, 0x52, 0xc0, 0x60, 0x1, 0x43,
    0xf9, 0x20,

    /* U+1EAC "Ậ" */
    0x0, 0x85, 0xc0, 0x3e, 0xde, 0xa0, 0xe, 0x29,
    0x96, 0x8, 0x6, 0x22, 0x79, 0x8, 0x7, 0x58,
    0x68, 0x7, 0x9, 0xbb, 0x80, 0x39, 0xc6, 0x44,
    0xc0, 0x36, 0xb8, 0x9d, 0x80, 0x42, 0x98, 0x16,
    0xa0, 0x12, 0x2, 0x82, 0x11, 0x80, 0x3c, 0x3f,
    0xd8, 0x16, 0x0, 0x58, 0xdd, 0x99, 0x41, 0x1,
    0xc8, 0xab, 0x22, 0x27, 0x80, 0x62, 0xf2, 0x0,
    0x86, 0x40, 0x3e, 0x27, 0x10, 0x8,

    /* U+1EAD "ậ" */
    0x0, 0xb6, 0xc0, 0x34, 0xd1, 0x30, 0x5, 0x6f,
    0x28, 0x0, 0x19, 0xfc, 0x4e, 0xb, 0xe, 0xf8,
    0x1, 0x59, 0x13, 0x90, 0x30, 0x20, 0x1, 0x81,
    0x80, 0x80, 0x8, 0x5, 0x2c, 0x6, 0x0, 0x14,
    0x3f, 0x92, 0x0, 0x1b, 0xfd, 0x7e, 0x0, 0x99,
    0x0, 0x3b, 0x30, 0x0,

    /* U+1EAE "Ắ" */
    0x0, 0xc9, 0x80, 0x1f, 0x47, 0x80, 0x71, 0x9b,
    0x1c, 0x80, 0x33, 0xc8, 0x41, 0x80, 0x64, 0x3d,
    0xb1, 0x0, 0xee, 0x23, 0x0, 0xf5, 0x86, 0x80,
    0x70, 0x9b, 0xb8, 0x3, 0x9c, 0x64, 0x4c, 0x3,
    0x6b, 0x89, 0xd8, 0x4, 0x29, 0x81, 0x6a, 0x1,
    0x20, 0x28, 0x21, 0x18, 0x3, 0xc3, 0xfd, 0x81,
    0x60, 0x5, 0x8d, 0xd9, 0x94, 0x10, 0x1c, 0x8a,
    0xb2, 0x20,

    /* U+1EAF "ắ" */
    0x0, 0xca, 0x80, 0x1d, 0x6c, 0x1, 0x95, 0x8,
    0x2, 0xd4, 0x9b, 0x0, 0xa7, 0x7e, 0x40, 0x24,
    0xcc, 0x10, 0x0, 0x6f, 0xf1, 0xb8, 0x2c, 0x3b,
    0xe0, 0x5, 0x64, 0x4e, 0x40, 0xc0, 0x80, 0x6,
    0x6, 0x2, 0x0, 0x20, 0x14, 0xb0, 0x18, 0x0,
    0x50, 0xfe, 0x48, 0x0,

    /* U+1EB0 "Ằ" */
    0x0, 0xf, 0x10, 0x7, 0x86, 0xe0, 0x3, 0xc8,
    0xf4, 0x84, 0x1, 0x86, 0x2, 0xc, 0x3, 0x29,
    0xed, 0x8, 0x7, 0x71, 0x10, 0x3, 0xd6, 0x1a,
    0x1, 0xc2, 0x6e, 0xe0, 0xe, 0x71, 0x91, 0x30,
    0xd, 0xae, 0x27, 0x60, 0x10, 0xa6, 0x5, 0xa8,
    0x4, 0x80, 0xa0, 0x84, 0x60, 0xf, 0xf, 0xf6,
    0x5, 0x80, 0x16, 0x37, 0x66, 0x50, 0x40, 0x72,
    0x2a, 0xc8, 0x80,

    /* U+1EB1 "ằ" */
    0x0, 0x2a, 0x0, 0x70, 0xc8, 0x7, 0x20, 0x98,
    0x6, 0xdd, 0x5, 0x80, 0x53, 0xbf, 0x20, 0x12,
    0x66, 0x8, 0x0, 0x37, 0xf8, 0xdc, 0x16, 0x1d,
    0xf0, 0x2, 0xb2, 0x27, 0x20, 0x60, 0x40, 0x3,
    0x3, 0x1, 0x0, 0x10, 0xa, 0x58, 0xc, 0x0,
    0x28, 0x7f, 0x24, 0x0,

    /* U+1EB2 "Ẳ" */
    0x0, 0x9b, 0x14, 0x3, 0xc3, 0xdc, 0x0, 0xf3,
    0xce, 0x80, 0x70, 0x87, 0x38, 0x7, 0x3c, 0xae,
    0x90, 0x6, 0x63, 0xdb, 0x20, 0xe, 0xd2, 0x30,
    0xf, 0x58, 0x68, 0x7, 0x9, 0xbb, 0x80, 0x39,
    0xc6, 0x44, 0xc0, 0x36, 0xb8, 0x9d, 0x80, 0x42,
    0x98, 0x16, 0xa0, 0x12, 0x2, 0x82, 0x11, 0x80,
    0x3c, 0x3f, 0xd8, 0x16, 0x0, 0x58, 0xdd, 0x99,
    0x41, 0x1, 0xc8, 0xab, 0x22, 0x0,

    /* U+1EB3 "ẳ" */
    0x0, 0xd, 0xd8, 0x40, 0x23, 0x80, 0x30, 0x8,
    0x9b, 0x88, 0x2, 0xd4, 0x6b, 0x0, 0xa7, 0x7e,
    0x40, 0x24, 0xcc, 0x10, 0x0, 0x6f, 0xf1, 0xb8,
    0x2c, 0x3b, 0xe0, 0x5, 0x64, 0x4e, 0x40, 0xc0,
    0x80, 0x6, 0x6, 0x2, 0x0, 0x20, 0x14, 0xb0,
    0x18, 0x0, 0x50, 0xfe, 0x48, 0x0,

    /* U+1EB4 "Ẵ" */
    0x0, 0x16, 0xbc, 0x18, 0x6, 0x48, 0xe5, 0x30,
    0xc, 0xe9, 0x3e, 0x20, 0x19, 0x20, 0x38, 0xc0,
    0x32, 0x86, 0xd9, 0x0, 0x77, 0x11, 0x80, 0x7a,
    0xc3, 0x40, 0x38, 0x4d, 0xdc, 0x1, 0xce, 0x32,
    0x26, 0x1, 0xb5, 0xc4, 0xec, 0x2, 0x14, 0xc0,
    0xb5, 0x0, 0x90, 0x14, 0x10, 0x8c, 0x1, 0xe1,
    0xfe, 0xc0, 0xb0, 0x2, 0xc6, 0xec, 0xca, 0x8,
    0xe, 0x45, 0x59, 0x10,

    /* U+1EB5 "ẵ" */
    0x0, 0x46, 0x15, 0x80, 0x49, 0xfe, 0xd0, 0x8,
    0x4b, 0xb4, 0x2, 0x9d, 0xf9, 0x0, 0x93, 0x30,
    0x40, 0x1, 0xbf, 0xc6, 0xe0, 0xb0, 0xef, 0x80,
    0x15, 0x91, 0x39, 0x3, 0x2, 0x0, 0x18, 0x18,
    0x8, 0x0, 0x80, 0x52, 0xc0, 0x60, 0x1, 0x43,
    0xf9, 0x20,

    /* U+1EB6 "Ặ" */
    0x0, 0x19, 0x81, 0x8, 0x3, 0x3c, 0x84, 0x18,
    0x6, 0x43, 0xdb, 0x10, 0xe, 0xe2, 0x30, 0xf,
    0x58, 0x68, 0x7, 0x9, 0xbb, 0x80, 0x39, 0xc6,
    0x44, 0xc0, 0x36, 0xb8, 0x9d, 0x80, 0x42, 0x98,
    0x16, 0xa0, 0x12, 0x2, 0x82, 0x11, 0x80, 0x3c,
    0x3f, 0xd8, 0x16, 0x0, 0x58, 0xdd, 0x99, 0x41,
    0x1, 0xc8, 0xab, 0x22, 0x27, 0x80, 0x62, 0xf2,
    0x0, 0x86, 0x40, 0x3e, 0x27, 0x10, 0x8,

    /* U+1EB7 "ặ" */
    0x0, 0x68, 0x9d, 0x80, 0x53, 0xbf, 0x0, 0x12,
    0x66, 0xc, 0x0, 0x37, 0xf8, 0xdc, 0x16, 0x1d,
    0xf0, 0x2, 0xb2, 0x27, 0x20, 0x60, 0x40, 0x3,
    0x3, 0x1, 0x0, 0x10, 0xa, 0x58, 0xc, 0x0,
    0x28, 0x7f, 0x24, 0x0, 0x37, 0xfa, 0xfc, 0x1,
    0x32, 0x0, 0x76, 0x60, 0x0,

    /* U+1EB8 "Ẹ" */
    0xef, 0xfd, 0x61, 0x5b, 0xb5, 0x0, 0x91, 0x42,
    0x1, 0xff, 0xc1, 0xbf, 0xf8, 0x82, 0xb7, 0x62,
    0x1, 0x22, 0x80, 0x2, 0x3c, 0x15, 0xdd, 0x6f,
    0x7f, 0xec, 0x0, 0x2a, 0x80, 0x36, 0x60, 0x0,

    /* U+1EB9 "ẹ" */
    0x1, 0xbf, 0xd4, 0x0, 0x50, 0xf4, 0x58, 0x89,
    0x2c, 0x55, 0x4e, 0x61, 0xdf, 0xe5, 0x13, 0xe,
    0xff, 0x73, 0x8a, 0x58, 0x9f, 0x98, 0x50, 0x77,
    0x20, 0xc0, 0x6b, 0xf5, 0x80, 0x36, 0xa8, 0x7,
    0x2b, 0x0, 0x0,

    /* U+1EBA "Ẻ" */
    0x0, 0x55, 0x88, 0x0, 0x78, 0xd0, 0x0, 0x20,
    0x4a, 0x1, 0x25, 0x0, 0x3b, 0xff, 0x58, 0x56,
    0xed, 0x40, 0x24, 0x50, 0x80, 0x7f, 0xf0, 0x6f,
    0xfe, 0x20, 0xad, 0xd8, 0x80, 0x48, 0xa0, 0x0,
    0x8f, 0x5, 0x77, 0x5a,

    /* U+1EBB "ẻ" */
    0x0, 0x15, 0xd0, 0x6, 0x19, 0x61, 0x0, 0x8e,
    0x90, 0x40, 0x34, 0xc0, 0x4, 0x37, 0xda, 0x80,
    0xa, 0x1e, 0x8b, 0x11, 0x25, 0x8a, 0xa9, 0xcc,
    0x3b, 0xfc, 0xa2, 0x61, 0xdf, 0xee, 0x71, 0x4b,
    0x13, 0xf3, 0xa, 0xe, 0xe4, 0x18,

    /* U+1EBC "Ẽ" */
    0x7, 0xd2, 0xb0, 0x6, 0x7f, 0x8c, 0x1, 0x65,
    0xb0, 0x1d, 0xff, 0xac, 0x2b, 0x76, 0xa0, 0x12,
    0x28, 0x40, 0x3f, 0xf8, 0x37, 0xff, 0x10, 0x56,
    0xec, 0x40, 0x24, 0x50, 0x0, 0x47, 0x82, 0xbb,
    0xad,

    /* U+1EBD "ẽ" */
    0x0, 0x5d, 0x92, 0x40, 0x2, 0x2f, 0xad, 0x0,
    0xd, 0x27, 0x20, 0x0, 0x6f, 0xf5, 0x0, 0x14,
    0x3d, 0x16, 0x22, 0x4b, 0x15, 0x53, 0x98, 0x77,
    0xf9, 0x44, 0xc3, 0xbf, 0xdc, 0xe2, 0x96, 0x27,
    0xe6, 0x14, 0x1d, 0xc8, 0x30,

    /* U+1EBE "Ế" */
    0x0, 0xe5, 0x30, 0xc, 0x36, 0x40, 0x5, 0x53,
    0xb8, 0x40, 0xe2, 0x5, 0x20, 0x6, 0xff, 0x10,
    0x3, 0xab, 0x75, 0x36, 0x0, 0xad, 0xda, 0x80,
    0x2, 0x45, 0x8, 0x7, 0xff, 0x12, 0xff, 0xe2,
    0x0, 0x56, 0xec, 0x40, 0x1, 0x22, 0x80, 0x21,
    0x1e, 0x0, 0x57, 0x75, 0xa0,

    /* U+1EBF "ế" */
    0x0, 0xe1, 0xe1, 0x0, 0xe8, 0x91, 0x0, 0x17,
    0x4d, 0x38, 0x5, 0xd4, 0x4e, 0x1, 0xb5, 0x2d,
    0x0, 0x21, 0xaf, 0xd4, 0x0, 0xa8, 0x7a, 0x2c,
    0x40, 0x52, 0xc5, 0x54, 0xe0, 0x61, 0xdf, 0xe5,
    0x10, 0x30, 0xef, 0xf7, 0x38, 0xa, 0x58, 0x9f,
    0x98, 0x2, 0x83, 0xb9, 0x6, 0x0,

    /* U+1EC0 "Ề" */
    0x0, 0x97, 0x40, 0x32, 0x8a, 0x0, 0x2a, 0xf9,
    0xc2, 0x37, 0x2c, 0xc2, 0x1d, 0xd2, 0x1d, 0xff,
    0xac, 0x2b, 0x76, 0xa0, 0x12, 0x28, 0x40, 0x3f,
    0xf8, 0x37, 0xff, 0x10, 0x56, 0xec, 0x40, 0x24,
    0x50, 0x0, 0x47, 0x82, 0xbb, 0xad,

    /* U+1EC1 "ề" */
    0x0, 0xd3, 0x0, 0x1d, 0xc, 0x20, 0x2, 0xe8,
    0xc0, 0xb, 0xb4, 0x9c, 0x40, 0x18, 0x76, 0xa0,
    0x1, 0xbf, 0xd4, 0x0, 0x50, 0xf4, 0x58, 0x89,
    0x2c, 0x55, 0x4e, 0x61, 0xdf, 0xe5, 0x13, 0xe,
    0xff, 0x73, 0x8a, 0x58, 0x9f, 0x98, 0x50, 0x77,
    0x20, 0xc0,

    /* U+1EC2 "Ể" */
    0x0, 0x86, 0xec, 0x1, 0x8e, 0x40, 0x80, 0xc,
    0x8f, 0xc4, 0xb, 0x9e, 0x6a, 0x0, 0x4a, 0x97,
    0x0, 0x77, 0x3f, 0xdd, 0x60, 0xa, 0xdd, 0xa8,
    0x0, 0x24, 0x50, 0x80, 0x7f, 0xf1, 0x2f, 0xfe,
    0x20, 0x5, 0x6e, 0xc4, 0x0, 0x12, 0x28, 0x2,
    0x11, 0xe0, 0x5, 0x77, 0x5a, 0x0,

    /* U+1EC3 "ể" */
    0x0, 0xc9, 0x8e, 0x1, 0x87, 0x68, 0x3, 0x2c,
    0x50, 0x0, 0xba, 0x75, 0xc0, 0x1d, 0x44, 0x1,
    0xb5, 0x2d, 0x0, 0x3, 0x5f, 0xa8, 0x0, 0xa1,
    0xe8, 0xb1, 0x12, 0x58, 0xaa, 0x9c, 0xc3, 0xbf,
    0xca, 0x26, 0x1d, 0xfe, 0xe7, 0x14, 0xb1, 0x3f,
    0x30, 0xa0, 0xee, 0x41, 0x80,

    /* U+1EC4 "Ễ" */
    0x7, 0xd2, 0xb0, 0x6, 0x7f, 0x8c, 0x1, 0x69,
    0x70, 0x0, 0x6c, 0xf6, 0x0, 0x3d, 0x4b, 0x87,
    0x73, 0xfd, 0xd6, 0x15, 0xbb, 0x50, 0x9, 0x14,
    0x20, 0x1f, 0xfc, 0x1b, 0xff, 0x88, 0x2b, 0x76,
    0x20, 0x12, 0x28, 0x0, 0x23, 0xc1, 0x5d, 0xd6,
    0x80,

    /* U+1EC5 "ễ" */
    0x0, 0x5d, 0x92, 0x0, 0x2, 0x2e, 0xac, 0x0,
    0xc, 0x5b, 0xa0, 0x5, 0xd4, 0xa8, 0x1, 0x6a,
    0x62, 0x0, 0x6, 0xbf, 0x50, 0x1, 0x43, 0xd1,
    0x62, 0x24, 0xb1, 0x55, 0x39, 0x87, 0x7f, 0x94,
    0x4c, 0x3b, 0xfd, 0xce, 0x29, 0x62, 0x7e, 0x61,
    0x41, 0xdc, 0x83,

    /* U+1EC6 "Ệ" */
    0x0, 0x2a, 0x80, 0x23, 0x99, 0x20, 0x1, 0xbb,
    0x48, 0x3a, 0xb7, 0xa6, 0xc2, 0xb7, 0x6a, 0x1,
    0x22, 0x84, 0x3, 0xff, 0x83, 0x7f, 0xf1, 0x5,
    0x6e, 0xc4, 0x2, 0x45, 0x0, 0x4, 0x78, 0x2b,
    0xba, 0xde, 0xff, 0xd8, 0x0, 0x55, 0x0, 0x6c,
    0xc0, 0x0,

    /* U+1EC7 "ệ" */
    0x0, 0xf, 0x48, 0x6, 0xaa, 0x2a, 0x0, 0x52,
    0x98, 0xa0, 0x1, 0x9f, 0xd5, 0x0, 0x50, 0xf4,
    0x58, 0x89, 0x2c, 0x55, 0x4e, 0x61, 0xdf, 0xe5,
    0x13, 0xe, 0xff, 0x73, 0x8a, 0x58, 0x9f, 0x98,
    0x50, 0x77, 0x20, 0xc0, 0x6b, 0xf5, 0x80, 0x36,
    0xa8, 0x7, 0x2b, 0x0, 0x0,

    /* U+1EC8 "Ỉ" */
    0x3c, 0x90, 0x7, 0x20, 0x1c, 0x40, 0x1, 0x4a,
    0x0, 0xe4, 0x0, 0xff, 0xec, 0x80,

    /* U+1EC9 "ỉ" */
    0x3c, 0x90, 0x7d, 0x40, 0x4b, 0x80, 0x5, 0x28,
    0x3, 0x8c, 0x3, 0xff, 0x9a,

    /* U+1ECA "Ị" */
    0xe, 0x40, 0xf, 0xfe, 0x87, 0x20, 0x41, 0x2,
    0xb0,

    /* U+1ECB "ị" */
    0xd, 0x30, 0xa2, 0x7, 0x10, 0xe3, 0x0, 0xff,
    0xe3, 0xf1, 0x84, 0x10, 0x2b, 0x0,

    /* U+1ECC "Ọ" */
    0x0, 0x15, 0xff, 0xa8, 0x80, 0x22, 0xd1, 0xcb,
    0x1c, 0x20, 0x4, 0xad, 0x1a, 0x5a, 0xc0, 0x12,
    0x40, 0x6, 0x85, 0x6, 0x12, 0x0, 0xc6, 0x6,
    0x1, 0xfe, 0x61, 0x20, 0xc, 0x60, 0x64, 0x96,
    0x1, 0xa1, 0x0, 0x10, 0xd4, 0x66, 0xb5, 0x90,
    0x1, 0xe0, 0xe6, 0x3, 0x8, 0x2, 0x3b, 0xff,
    0x59, 0x0, 0x7a, 0xa0, 0x3, 0xf6, 0x68, 0x6,

    /* U+1ECD "ọ" */
    0x0, 0x57, 0xf4, 0x0, 0x54, 0xdb, 0xa6, 0x70,
    0x15, 0xe2, 0x3b, 0x90, 0x20, 0x20, 0x3, 0x88,
    0x10, 0x10, 0x1, 0xc4, 0x5, 0x78, 0x8e, 0xe4,
    0x1, 0x4d, 0xba, 0x67, 0x0, 0xab, 0xfa, 0x0,
    0x3a, 0x9c, 0x3, 0xd8, 0x60, 0x10,

    /* U+1ECE "Ỏ" */
    0x0, 0xd7, 0x61, 0x0, 0xf0, 0xc1, 0x28, 0x7,
    0x85, 0x8d, 0x0, 0x3e, 0x5a, 0x0, 0xf1, 0x5f,
    0xfa, 0x88, 0x2, 0x2d, 0x1c, 0xb1, 0xc2, 0x0,
    0x4a, 0xd1, 0xa5, 0xac, 0x1, 0x24, 0x0, 0x68,
    0x50, 0x61, 0x20, 0xc, 0x60, 0x60, 0x1f, 0xe6,
    0x12, 0x0, 0xc6, 0x6, 0x49, 0x60, 0x1a, 0x10,
    0x1, 0xd, 0x46, 0x6b, 0x59, 0x0, 0x1e, 0xe,
    0x60, 0x30, 0x80,

    /* U+1ECF "ỏ" */
    0x0, 0xd, 0xd8, 0x3, 0x8e, 0x4, 0xc0, 0x31,
    0x30, 0x18, 0x7, 0x2d, 0x0, 0x75, 0x7f, 0x40,
    0x5, 0x4d, 0xba, 0x67, 0x1, 0x5e, 0x23, 0xb9,
    0x2, 0x2, 0x0, 0x38, 0x81, 0x1, 0x0, 0x1c,
    0x40, 0x57, 0x88, 0xee, 0x40, 0x14, 0xdb, 0xa6,
    0x70,

    /* U+1ED0 "Ố" */
    0x0, 0xfb, 0x50, 0x3, 0xe4, 0x14, 0x0, 0xe6,
    0x50, 0xf0, 0xe, 0x71, 0xd2, 0x30, 0xe, 0x77,
    0x43, 0x0, 0x71, 0x5f, 0xfa, 0x88, 0x2, 0x2d,
    0x1c, 0xb1, 0xc2, 0x0, 0x4a, 0xd1, 0xa5, 0xac,
    0x1, 0x24, 0x0, 0x68, 0x50, 0x61, 0x20, 0xc,
    0x60, 0x60, 0x1f, 0xe6, 0x12, 0x0, 0xc6, 0x6,
    0x49, 0x60, 0x1a, 0x10, 0x1, 0xd, 0x46, 0x6b,
    0x59, 0x0, 0x1e, 0xe, 0x60, 0x30, 0x80,

    /* U+1ED1 "ố" */
    0x0, 0xf7, 0x10, 0x7, 0x32, 0x10, 0x5, 0xb6,
    0xb6, 0x1, 0x55, 0x92, 0x8, 0x5, 0x4d, 0x2e,
    0x1, 0xab, 0xfa, 0x0, 0x2a, 0x6d, 0xd3, 0x38,
    0xa, 0xf1, 0x1d, 0xc8, 0x10, 0x10, 0x1, 0xc4,
    0x8, 0x8, 0x0, 0xe2, 0x2, 0xbc, 0x47, 0x72,
    0x0, 0xa6, 0xdd, 0x33, 0x80,

    /* U+1ED2 "Ồ" */
    0x0, 0xe6, 0xc0, 0xf, 0xcc, 0x26, 0x1, 0xeb,
    0xb7, 0x88, 0x7, 0x4e, 0x9d, 0x10, 0x7, 0x4b,
    0x44, 0x0, 0x38, 0xaf, 0xfd, 0x44, 0x1, 0x16,
    0x8e, 0x58, 0xe1, 0x0, 0x25, 0x68, 0xd2, 0xd6,
    0x0, 0x92, 0x0, 0x34, 0x28, 0x30, 0x90, 0x6,
    0x30, 0x30, 0xf, 0xf3, 0x9, 0x0, 0x63, 0x3,
    0x24, 0xb0, 0xd, 0x8, 0x0, 0x86, 0xa3, 0x35,
    0xac, 0x80, 0xf, 0x7, 0x30, 0x18, 0x40,

    /* U+1ED3 "ồ" */
    0x0, 0xcd, 0x60, 0x1e, 0x66, 0x10, 0x4, 0x3b,
    0x7e, 0x60, 0x15, 0xc1, 0xa8, 0x80, 0x54, 0xb0,
    0xe0, 0x1a, 0xbf, 0xa0, 0x2, 0xa6, 0xdd, 0x33,
    0x80, 0xaf, 0x11, 0xdc, 0x81, 0x1, 0x0, 0x1c,
    0x40, 0x80, 0x80, 0xe, 0x20, 0x2b, 0xc4, 0x77,
    0x20, 0xa, 0x6d, 0xd3, 0x38, 0x0,

    /* U+1ED4 "Ổ" */
    0x0, 0xe2, 0xba, 0x0, 0xfd, 0x2c, 0x20, 0x1c,
    0xc8, 0x88, 0x10, 0xc, 0xff, 0x86, 0x80, 0x1c,
    0xd3, 0x48, 0x1, 0xc5, 0x5f, 0xeb, 0x20, 0x8,
    0xb4, 0x72, 0xc7, 0x8, 0x1, 0x2b, 0x46, 0x96,
    0xb0, 0x4, 0x90, 0x1, 0xa1, 0x41, 0x84, 0x80,
    0x31, 0x81, 0x80, 0x7f, 0x98, 0x48, 0x3, 0x18,
    0x19, 0x25, 0x80, 0x68, 0x40, 0x4, 0x35, 0x19,
    0xad, 0x64, 0x0, 0x78, 0x39, 0x80, 0xc2, 0x0,

    /* U+1ED5 "ổ" */
    0x0, 0xc5, 0x72, 0x1, 0xcd, 0x2a, 0x20, 0x19,
    0x15, 0x84, 0x2, 0xdb, 0x4a, 0x0, 0xaa, 0xc9,
    0x0, 0x35, 0x34, 0xb8, 0x6, 0xaf, 0xe8, 0x0,
    0xa9, 0xb7, 0x4c, 0xe0, 0x2b, 0xc4, 0x77, 0x20,
    0x40, 0x40, 0x7, 0x10, 0x20, 0x20, 0x3, 0x88,
    0xa, 0xf1, 0x1d, 0xc8, 0x2, 0x9b, 0x74, 0xce,
    0x0,

    /* U+1ED6 "Ỗ" */
    0x0, 0xa3, 0xa, 0xc0, 0x3c, 0x7d, 0xf8, 0x1,
    0xeb, 0x5b, 0x70, 0xf, 0x3f, 0xe2, 0x80, 0x79,
    0xa2, 0x90, 0x3, 0x8a, 0xbf, 0xd6, 0x40, 0x11,
    0x68, 0xe5, 0x8e, 0x10, 0x2, 0x56, 0x8d, 0x2d,
    0x60, 0x9, 0x20, 0x3, 0x42, 0x83, 0x9, 0x0,
    0x63, 0x3, 0x0, 0xff, 0x30, 0x90, 0x6, 0x30,
    0x32, 0x4b, 0x0, 0xd0, 0x80, 0x8, 0x6a, 0x33,
    0x5a, 0xc8, 0x0, 0xf0, 0x73, 0x1, 0x84, 0x0,

    /* U+1ED7 "ỗ" */
    0x0, 0x4e, 0x15, 0x0, 0x62, 0xff, 0x60, 0x6,
    0xae, 0x66, 0x0, 0x6b, 0xb1, 0x30, 0x6, 0xa6,
    0x96, 0x0, 0xd5, 0xfd, 0x0, 0x15, 0x36, 0xe9,
    0x9c, 0x5, 0x78, 0x8e, 0xe4, 0x8, 0x8, 0x0,
    0xe2, 0x4, 0x4, 0x0, 0x71, 0x1, 0x5e, 0x23,
    0xb9, 0x0, 0x53, 0x6e, 0x99, 0xc0,

    /* U+1ED8 "Ộ" */
    0x0, 0xcc, 0xa0, 0x1f, 0x3f, 0x63, 0x0, 0x79,
    0xe2, 0x58, 0x3, 0x8a, 0xff, 0xd4, 0x40, 0x11,
    0x68, 0xe5, 0x8e, 0x10, 0x2, 0x56, 0x8d, 0x2d,
    0x60, 0x9, 0x20, 0x3, 0x42, 0x83, 0x9, 0x0,
    0x63, 0x3, 0x0, 0xff, 0x30, 0x90, 0x6, 0x30,
    0x32, 0x4b, 0x0, 0xd0, 0x80, 0x8, 0x6a, 0x33,
    0x5a, 0xc8, 0x0, 0xf0, 0x73, 0x1, 0x84, 0x1,
    0x1d, 0xff, 0xac, 0x80, 0x3d, 0x50, 0x1, 0xfb,
    0x34, 0x3, 0x0,

    /* U+1ED9 "ộ" */
    0x0, 0xb6, 0xc0, 0x3a, 0x6c, 0x98, 0x3, 0x5b,
    0x4b, 0x80, 0x68, 0xfe, 0x90, 0xa, 0x9b, 0x74,
    0xce, 0x2, 0xbc, 0x47, 0x72, 0x4, 0x4, 0x0,
    0x71, 0x2, 0x2, 0x0, 0x38, 0x80, 0xaf, 0x11,
    0xdc, 0x80, 0x29, 0xb7, 0x4c, 0xe0, 0x15, 0x7f,
    0x40, 0x7, 0x53, 0x80, 0x7b, 0xc, 0x2,

    /* U+1EDA "Ớ" */
    0x0, 0xeb, 0x60, 0xf, 0x8d, 0x98, 0x22, 0x0,
    0xe2, 0xc0, 0x98, 0x0, 0x8a, 0xfb, 0x9e, 0xf8,
    0x0, 0x2d, 0x1c, 0xb4, 0x24, 0x0, 0x4a, 0xd1,
    0xa5, 0xb5, 0x81, 0x24, 0x0, 0x68, 0x50, 0x61,
    0x20, 0xc, 0x60, 0x60, 0x1f, 0xe6, 0x12, 0x0,
    0xc6, 0x6, 0x49, 0x60, 0x1a, 0x10, 0x1, 0xd,
    0x46, 0x6b, 0x59, 0x0, 0x1e, 0xe, 0x60, 0x30,
    0x80,

    /* U+1EDB "ớ" */
    0x0, 0xca, 0x80, 0x1e, 0xb6, 0x0, 0xe4, 0x52,
    0x10, 0xc, 0xd4, 0x1c, 0x1, 0x56, 0xf7, 0xa0,
    0x2, 0x9b, 0x70, 0x7c, 0x5, 0x78, 0x8e, 0xe4,
    0x8, 0x8, 0x0, 0xe4, 0x4, 0x4, 0x0, 0x71,
    0x1, 0x5e, 0x23, 0xb6, 0x0, 0x53, 0x6e, 0x9a,
    0x0,

    /* U+1EDC "Ờ" */
    0x0, 0x9a, 0xc0, 0x3f, 0x33, 0x8, 0x4, 0x40,
    0x1d, 0x86, 0x13, 0x0, 0x11, 0x5f, 0x73, 0xdf,
    0x0, 0x5, 0xa3, 0x96, 0x84, 0x80, 0x9, 0x5a,
    0x34, 0xb6, 0xb0, 0x24, 0x80, 0xd, 0xa, 0xc,
    0x24, 0x1, 0x8c, 0xc, 0x3, 0xfc, 0xc2, 0x40,
    0x18, 0xc0, 0xc9, 0x2c, 0x3, 0x42, 0x0, 0x21,
    0xa8, 0xcd, 0x6b, 0x20, 0x3, 0xc1, 0xcc, 0x6,
    0x10, 0x0,

    /* U+1EDD "ờ" */
    0x0, 0x2a, 0x0, 0x78, 0x60, 0x3, 0xc8, 0x24,
    0x2, 0x1, 0xbc, 0xc3, 0x80, 0x2a, 0xde, 0xf4,
    0x0, 0x53, 0x6e, 0xf, 0x80, 0xaf, 0x11, 0xdc,
    0x81, 0x1, 0x0, 0x1c, 0x80, 0x80, 0x80, 0xe,
    0x20, 0x2b, 0xc4, 0x76, 0xc0, 0xa, 0x6d, 0xd3,
    0x40, 0x0,

    /* U+1EDE "Ở" */
    0x0, 0xd5, 0x62, 0x1, 0xe2, 0xe2, 0x50, 0xf,
    0x10, 0x2a, 0x8, 0x80, 0x39, 0x74, 0x26, 0x0,
    0x22, 0xbe, 0xe7, 0xbe, 0x0, 0xb, 0x47, 0x2d,
    0x9, 0x0, 0x12, 0xb4, 0x69, 0x6d, 0x60, 0x49,
    0x0, 0x1a, 0x14, 0x18, 0x48, 0x3, 0x18, 0x18,
    0x7, 0xf9, 0x84, 0x80, 0x31, 0x81, 0x92, 0x58,
    0x6, 0x84, 0x0, 0x43, 0x51, 0x9a, 0xd6, 0x40,
    0x7, 0x83, 0x98, 0xc, 0x20,

    /* U+1EDF "ở" */
    0x0, 0xae, 0xc0, 0x1c, 0x5e, 0x46, 0x1, 0x88,
    0x8, 0xc4, 0x3, 0x35, 0x7, 0x0, 0x55, 0xbd,
    0xe8, 0x0, 0xa6, 0xdc, 0x1f, 0x1, 0x5e, 0x23,
    0xb9, 0x2, 0x2, 0x0, 0x39, 0x1, 0x1, 0x0,
    0x1c, 0x40, 0x57, 0x88, 0xed, 0x80, 0x14, 0xdb,
    0xa6, 0x80,

    /* U+1EE0 "Ỡ" */
    0x0, 0xa3, 0x4a, 0xc0, 0x3c, 0x7f, 0xec, 0x11,
    0x0, 0x6b, 0x2d, 0x79, 0x80, 0x8, 0xaf, 0xfe,
    0x7c, 0x0, 0x16, 0x8e, 0x5a, 0x12, 0x0, 0x25,
    0x68, 0xd2, 0xda, 0xc0, 0x92, 0x0, 0x34, 0x28,
    0x30, 0x90, 0x6, 0x30, 0x30, 0xf, 0xf3, 0x9,
    0x0, 0x63, 0x3, 0x24, 0xb0, 0xd, 0x8, 0x0,
    0x86, 0xa3, 0x35, 0xac, 0x80, 0xf, 0x7, 0x30,
    0x18, 0x40,

    /* U+1EE1 "ỡ" */
    0x0, 0x4e, 0x15, 0x80, 0x63, 0xef, 0xe1, 0x0,
    0xa8, 0xb5, 0x78, 0x2, 0xaf, 0xf9, 0x0, 0x14,
    0xdb, 0x83, 0xe0, 0x2b, 0xc4, 0x77, 0x20, 0x40,
    0x40, 0x7, 0x20, 0x20, 0x20, 0x3, 0x88, 0xa,
    0xf1, 0x1d, 0xb0, 0x2, 0x9b, 0x74, 0xd0, 0x0,

    /* U+1EE2 "Ợ" */
    0x0, 0xf8, 0x44, 0x1, 0xfa, 0x60, 0x2, 0x2b,
    0xff, 0x9f, 0x0, 0x5, 0xa3, 0x96, 0x84, 0x80,
    0x9, 0x5a, 0x34, 0xb6, 0xb0, 0x24, 0x80, 0xd,
    0xa, 0xc, 0x24, 0x1, 0x8c, 0xc, 0x3, 0xfc,
    0xc2, 0x40, 0x18, 0xc0, 0xc9, 0x2c, 0x3, 0x42,
    0x0, 0x21, 0xa8, 0xcd, 0x6b, 0x20, 0x3, 0xc1,
    0xcc, 0x6, 0x10, 0x4, 0x77, 0xfe, 0xb2, 0x0,
    0xf5, 0x40, 0x7, 0xec, 0xd0, 0xc,

    /* U+1EE3 "ợ" */
    0x0, 0xf0, 0x80, 0x7d, 0xc0, 0x15, 0x7f, 0xc8,
    0x0, 0xa6, 0xdc, 0x1f, 0x1, 0x5e, 0x23, 0xb9,
    0x2, 0x2, 0x0, 0x39, 0x1, 0x1, 0x0, 0x1c,
    0x40, 0x57, 0x88, 0xed, 0x80, 0x14, 0xdb, 0xa6,
    0x80, 0xa, 0xbf, 0xa0, 0x3, 0xa9, 0xc0, 0x3d,
    0x86, 0x1, 0x0,

    /* U+1EE4 "Ụ" */
    0xe4, 0x0, 0x97, 0x40, 0x3f, 0xfb, 0xc4, 0x60,
    0x16, 0xb4, 0xc3, 0x9b, 0xbb, 0xd6, 0x6b, 0x2a,
    0x88, 0xd, 0xbf, 0xaa, 0x1, 0x1f, 0x8, 0x6,
    0x27, 0x10, 0x0,

    /* U+1EE5 "ụ" */
    0xf2, 0x0, 0x79, 0x0, 0x7f, 0xf2, 0x48, 0x0,
    0x54, 0x30, 0x0, 0x96, 0xfc, 0x0, 0x27, 0x71,
    0xbc, 0x80, 0x78, 0x80, 0x21, 0x73, 0x0, 0x0,

    /* U+1EE6 "Ủ" */
    0x0, 0x36, 0x30, 0x6, 0x3e, 0xd0, 0xc, 0xbd,
    0x20, 0x1d, 0x84, 0x0, 0xe4, 0x0, 0x97, 0x40,
    0x3f, 0xfb, 0xc4, 0x60, 0x16, 0xb4, 0xc3, 0x9b,
    0xbb, 0xd6, 0x6b, 0x2a, 0x88,

    /* U+1EE7 "ủ" */
    0x4, 0xc7, 0x0, 0xdb, 0x40, 0x12, 0x54, 0x80,
    0x6b, 0x40, 0x7, 0x90, 0x3, 0xc8, 0x3, 0xff,
    0x92, 0x40, 0x2, 0xa1, 0x80, 0x4, 0xb7, 0xe0,
    0x0,

    /* U+1EE8 "Ứ" */
    0x0, 0x8b, 0x84, 0x3, 0xd1, 0x1, 0x0, 0xf5,
    0x30, 0x3, 0x53, 0x90, 0x2, 0x5f, 0x64, 0x0,
    0xf1, 0x58, 0x7, 0xff, 0x88, 0x8c, 0x2, 0xd6,
    0x0, 0x4c, 0x39, 0xbb, 0xbc, 0x0, 0xb3, 0x59,
    0x54, 0x40, 0x0,

    /* U+1EE9 "ứ" */
    0x0, 0x9c, 0x3, 0x9b, 0x40, 0x3a, 0xe4, 0x10,
    0xc0, 0x1a, 0x61, 0xcb, 0xe4, 0x0, 0xf1, 0x70,
    0xe, 0x91, 0x0, 0xff, 0xe2, 0x90, 0x4, 0x54,
    0x30, 0x1, 0x4b, 0x7e, 0x0, 0x40,

    /* U+1EEA "Ừ" */
    0x0, 0x62, 0x80, 0x7d, 0xd0, 0x1, 0xf1, 0x68,
    0x5, 0xa9, 0xc8, 0x1, 0x2f, 0xb2, 0x0, 0x78,
    0xac, 0x3, 0xff, 0xc4, 0x46, 0x1, 0x6b, 0x0,
    0x26, 0x1c, 0xdd, 0xde, 0x0, 0x59, 0xac, 0xaa,
    0x20, 0x0,

    /* U+1EEB "ừ" */
    0x7, 0x0, 0xf6, 0x30, 0x7, 0x45, 0x0, 0x10,
    0xc0, 0xf0, 0x1, 0xcb, 0xe4, 0x0, 0xf1, 0x70,
    0xe, 0x91, 0x0, 0xff, 0xe2, 0x90, 0x4, 0x54,
    0x30, 0x1, 0x4b, 0x7e, 0x0, 0x40,

    /* U+1EEC "Ử" */
    0x0, 0x26, 0x40, 0x7, 0xda, 0xa0, 0x1e, 0x4a,
    0x90, 0x2, 0x8, 0x5, 0x68, 0x0, 0x95, 0xe4,
    0x0, 0x97, 0xd9, 0x0, 0x3c, 0x56, 0x1, 0xff,
    0xe2, 0x23, 0x0, 0xb5, 0x80, 0x13, 0xe, 0x6e,
    0xef, 0x0, 0x2c, 0xd6, 0x55, 0x10, 0x0,

    /* U+1EED "ử" */
    0x5, 0xc6, 0x0, 0xed, 0xa0, 0xc, 0xbb, 0xe0,
    0x64, 0x0, 0xc3, 0x9, 0x4f, 0x20, 0x7, 0x8b,
    0x80, 0x74, 0x88, 0x7, 0xff, 0x14, 0x80, 0x22,
    0xa1, 0x80, 0xa, 0x5b, 0xf0, 0x2,

    /* U+1EEE "Ữ" */
    0x0, 0x6c, 0xab, 0x0, 0x63, 0x5e, 0xb4, 0x3,
    0x10, 0x38, 0x7e, 0x20, 0xe5, 0xe4, 0x0, 0x97,
    0xd9, 0x0, 0x3c, 0x56, 0x1, 0xff, 0xe2, 0x23,
    0x0, 0xb5, 0x80, 0x13, 0xe, 0x6e, 0xef, 0x0,
    0x2c, 0xd6, 0x55, 0x10, 0x0,

    /* U+1EEF "ữ" */
    0x1e, 0x87, 0x40, 0x2, 0x40, 0x52, 0x10, 0xab,
    0x46, 0x85, 0xbf, 0x90, 0x3, 0xd5, 0xc0, 0x3b,
    0x84, 0x3, 0xff, 0x8a, 0x40, 0x11, 0x50, 0xc0,
    0x5, 0x2d, 0xf8, 0x1, 0x0,

    /* U+1EF0 "Ự" */
    0x0, 0xfb, 0x53, 0x90, 0x2, 0x5f, 0x64, 0x0,
    0xf1, 0x58, 0x7, 0xff, 0x88, 0x8c, 0x2, 0xd6,
    0x0, 0x4c, 0x39, 0xbb, 0xbc, 0x0, 0xb3, 0x59,
    0x54, 0x40, 0x9, 0xb7, 0xf5, 0x40, 0x38, 0x78,
    0xc0, 0x3c, 0x2e, 0x40, 0x18,

    /* U+1EF1 "ự" */
    0x0, 0xe4, 0x30, 0xe, 0xe5, 0xf2, 0x0, 0x78,
    0xb8, 0x7, 0x48, 0x80, 0x7f, 0xf1, 0x48, 0x2,
    0x2a, 0x18, 0x0, 0xa5, 0xbf, 0x0, 0x24, 0xee,
    0x37, 0x90, 0x0, 0xb8, 0x40, 0x31, 0xb8, 0x80,
    0x40,

    /* U+1EF2 "Ỳ" */
    0x0, 0x36, 0x0, 0x79, 0x88, 0x80, 0x1e, 0xa1,
    0x0, 0x9f, 0x1, 0xc, 0x35, 0xdc, 0x48, 0x0,
    0x53, 0x70, 0x68, 0x0, 0x4c, 0x80, 0x12, 0x66,
    0x43, 0x70, 0x0, 0xbc, 0x7b, 0x80, 0x69, 0x44,
    0x48, 0x6, 0x15, 0x50, 0x80, 0x71, 0x98, 0x3,
    0xff, 0x8e,

    /* U+1EF3 "ỳ" */
    0x1, 0xe2, 0x0, 0xc2, 0xd4, 0x1, 0xd3, 0xc0,
    0x12, 0xe8, 0xb0, 0x63, 0x29, 0x10, 0x4, 0xdc,
    0x15, 0x40, 0xe8, 0x21, 0xf6, 0x15, 0xa0, 0x5,
    0x33, 0x9c, 0x2, 0x4e, 0x41, 0x0, 0xb8, 0xb4,
    0x3, 0x38, 0x38, 0x4, 0x52, 0xe2, 0x0, 0x8c,
    0x28, 0x0, 0x80,

    /* U+1EF4 "Ỵ" */
    0x7c, 0x0, 0xda, 0xee, 0x24, 0x0, 0x29, 0xb8,
    0x34, 0x0, 0x26, 0x40, 0x9, 0x33, 0x21, 0xb8,
    0x0, 0x5e, 0x3d, 0xc0, 0x34, 0xa2, 0x24, 0x3,
    0xa, 0xa8, 0x40, 0x38, 0xcc, 0x1, 0xff, 0xca,
    0x99, 0x0, 0x79, 0x54, 0x1, 0xed, 0xc0, 0x8,

    /* U+1EF5 "ỵ" */
    0x5d, 0x0, 0xb1, 0x94, 0x88, 0x2, 0x6e, 0x8,
    0xa0, 0xe8, 0x21, 0xb6, 0x1b, 0xa0, 0x3, 0x99,
    0x23, 0x80, 0x5, 0x25, 0x4, 0x2, 0xd4, 0xd0,
    0xc, 0x80, 0xe0, 0x11, 0x43, 0x88, 0x2, 0x30,
    0xe1, 0xec, 0x23, 0xa4, 0xf, 0x0,

    /* U+1EF6 "Ỷ" */
    0x0, 0xab, 0x8, 0x3, 0xa5, 0x84, 0x3, 0x86,
    0xc, 0x0, 0xf8, 0x4, 0x40, 0xd7, 0x71, 0x20,
    0x1, 0x4d, 0xc1, 0xa0, 0x1, 0x32, 0x0, 0x49,
    0x99, 0xd, 0xc0, 0x2, 0xf1, 0xee, 0x1, 0xa5,
    0x11, 0x20, 0x18, 0x55, 0x42, 0x1, 0xc6, 0x60,
    0xf, 0xfe, 0x38,

    /* U+1EF7 "ỷ" */
    0x0, 0x3e, 0x38, 0x6, 0x4a, 0xf0, 0xc, 0x65,
    0x0, 0x5, 0xd0, 0x40, 0xc6, 0x52, 0x20, 0x9,
    0xb8, 0x2a, 0x81, 0xd0, 0x43, 0xec, 0x2b, 0x40,
    0xa, 0x67, 0x38, 0x4, 0x9c, 0x82, 0x1, 0x71,
    0x68, 0x6, 0x70, 0x70, 0x8, 0xa5, 0xc4, 0x1,
    0x18, 0x50, 0x1, 0x0,

    /* U+1EF8 "Ỹ" */
    0x0, 0x47, 0x72, 0x40, 0x34, 0x77, 0x24, 0x0,
    0xf8, 0x1, 0xb5, 0xdc, 0x48, 0x0, 0x53, 0x70,
    0x68, 0x0, 0x4c, 0x80, 0x12, 0x66, 0x43, 0x70,
    0x0, 0xbc, 0x7b, 0x80, 0x69, 0x44, 0x48, 0x6,
    0x15, 0x50, 0x80, 0x71, 0x98, 0x3, 0xff, 0x8e,

    /* U+1EF9 "ỹ" */
    0x1, 0xe3, 0x74, 0x0, 0x24, 0x4f, 0x30, 0x0,
    0xcb, 0xd4, 0x81, 0x6d, 0x17, 0x30, 0xca, 0x44,
    0x1, 0x37, 0x5, 0x50, 0x3a, 0x8, 0x7d, 0x85,
    0x68, 0x1, 0x4c, 0xe7, 0x0, 0x93, 0x90, 0x40,
    0x2e, 0x2d, 0x0, 0xce, 0xe, 0x1, 0x14, 0xb8,
    0x80, 0x23, 0xa, 0x0, 0x20,

    /* U+2013 "–" */
    0x8f, 0xfd, 0x73, 0xdd, 0xa8,

    /* U+2014 "—" */
    0x8f, 0xff, 0xa7, 0xbb, 0xe0,

    /* U+2018 "‘" */
    0x6, 0x31, 0xa3, 0x31, 0x10,

    /* U+2019 "’" */
    0x1e, 0x31, 0x21, 0x2b, 0x20,

    /* U+201A "‚" */
    0xb, 0x80, 0x3f, 0x1, 0x70,

    /* U+201C "“" */
    0x7, 0x25, 0x41, 0xb2, 0x85, 0x32, 0x33, 0x28,

    /* U+201D "”" */
    0xc, 0x6a, 0x80, 0x53, 0xdf, 0x0, 0x2f, 0x38,

    /* U+2022 "•" */
    0xc, 0xf7, 0x7, 0x30, 0x81, 0x0, 0xe6, 0x20,
    0x61, 0x16, 0xf4, 0x80,

    /* U+2026 "…" */
    0x8, 0x11, 0x40, 0xc, 0x0, 0xb1, 0x1b, 0x9,
    0x30, 0x80,

    /* U+20AB "₫" */
    0x0, 0xc2, 0x80, 0x1c, 0xb0, 0x1, 0x9e, 0x4d,
    0xc1, 0x7a, 0x50, 0xdc, 0x2a, 0x9c, 0x40, 0x3,
    0x14, 0xe, 0x0, 0x18, 0xa0, 0x70, 0x5, 0x75,
    0xc4, 0xe0, 0x4, 0xee, 0x4d, 0x83, 0x6e, 0xf3,
    0x0
};


/*---------------------
 *  GLYPH DESCRIPTION
 *--------------------*/

static const lv_font_fmt_txt_glyph_dsc_t glyph_dsc[] = {
    {.bitmap_index = 0, .adv_w = 0, .box_w = 0, .box_h = 0, .ofs_x = 0, .ofs_y = 0} /* id = 0 reserved */,
    {.bitmap_index = 0, .adv_w = 44, .box_w = 0, .box_h = 0, .ofs_x = 0, .ofs_y = 0},
    {.bitmap_index = 0, .adv_w = 54, .box_w = 3, .box_h = 10, .ofs_x = 0, .ofs_y = 0},
    {.bitmap_index = 11, .adv_w = 61, .box_w = 4, .box_h = 3, .ofs_x = 0, .ofs_y = 7},
    {.bitmap_index = 17, .adv_w = 155, .box_w = 10, .box_h = 10, .ofs_x = 0, .ofs_y = 0},
    {.bitmap_index = 65, .adv_w = 124, .box_w = 8, .box_h = 12, .ofs_x = 0, .ofs_y = -1},
    {.bitmap_index = 113, .adv_w = 163, .box_w = 10, .box_h = 10, .ofs_x = 0, .ofs_y = 0},
    {.bitmap_index = 158, .adv_w = 142, .box_w = 9, .box_h = 10, .ofs_x = 0, .ofs_y = 0},
    {.bitmap_index = 200, .adv_w = 34, .box_w = 2, .box_h = 3, .ofs_x = 0, .ofs_y = 7},
    {.bitmap_index = 203, .adv_w = 84, .box_w = 5, .box_h = 14, .ofs_x = 0, .ofs_y = -3},
    {.bitmap_index = 237, .adv_w = 84, .box_w = 5, .box_h = 14, .ofs_x = 0, .ofs_y = -3},
    {.bitmap_index = 271, .adv_w = 95, .box_w = 6, .box_h = 6, .ofs_x = 0, .ofs_y = 4},
    {.bitmap_index = 290, .adv_w = 117, .box_w = 5, .box_h = 5, .ofs_x = 1, .ofs_y = 2},
    {.bitmap_index = 303, .adv_w = 58, .box_w = 3, .box_h = 3, .ofs_x = 0, .ofs_y = -2},
    {.bitmap_index = 308, .adv_w = 117, .box_w = 5, .box_h = 2, .ofs_x = 1, .ofs_y = 3},
    {.bitmap_index = 313, .adv_w = 55, .box_w = 3, .box_h = 2, .ofs_x = 0, .ofs_y = 0},
    {.bitmap_index = 316, .adv_w = 97, .box_w = 6, .box_h = 13, .ofs_x = 0, .ofs_y = -2},
    {.bitmap_index = 350, .adv_w = 130, .box_w = 8, .box_h = 10, .ofs_x = 0, .ofs_y = 0},
    {.bitmap_index = 388, .adv_w = 74, .box_w = 4, .box_h = 10, .ofs_x = 0, .ofs_y = 0},
    {.bitmap_index = 399, .adv_w = 125, .box_w = 8, .box_h = 10, .ofs_x = 0, .ofs_y = 0},
    {.bitmap_index = 437, .adv_w = 127, .box_w = 7, .box_h = 10, .ofs_x = 0, .ofs_y = 0},
    {.bitmap_index = 473, .adv_w = 136, .box_w = 8, .box_h = 10, .ofs_x = 0, .ofs_y = 0},
    {.bitmap_index = 505, .adv_w = 127, .box_w = 8, .box_h = 10, .ofs_x = 0, .ofs_y = 0},
    {.bitmap_index = 545, .adv_w = 131, .box_w = 8, .box_h = 10, .ofs_x = 0, .ofs_y = 0},
    {.bitmap_index = 583, .adv_w = 114, .box_w = 7, .box_h = 10, .ofs_x = 0, .ofs_y = 0},
    {.bitmap_index = 611, .adv_w = 122, .box_w = 7, .box_h = 10, .ofs_x = 0, .ofs_y = 0},
    {.bitmap_index = 646, .adv_w = 131, .box_w = 8, .box_h = 10, .ofs_x = 0, .ofs_y = 0},
    {.bitmap_index = 687, .adv_w = 55, .box_w = 3, .box_h = 7, .ofs_x = 0, .ofs_y = 0},
    {.bitmap_index = 696, .adv_w = 58, .box_w = 3, .box_h = 9, .ofs_x = 0, .ofs_y = -2},
    {.bitmap_index = 708, .adv_w = 107, .box_w = 6, .box_h = 7, .ofs_x = 0, .ofs_y = 1},
    {.bitmap_index = 727, .adv_w = 139, .box_w = 7, .box_h = 5, .ofs_x = 1, .ofs_y = 1},
    {.bitmap_index = 740, .adv_w = 107, .box_w = 6, .box_h = 7, .ofs_x = 0, .ofs_y = 1},
    {.bitmap_index = 760, .adv_w = 110, .box_w = 7, .box_h = 10, .ofs_x = 0, .ofs_y = 0},
    {.bitmap_index = 792, .adv_w = 193, .box_w = 12, .box_h = 12, .ofs_x = 0, .ofs_y = -2},
    {.bitmap_index = 861, .adv_w = 141, .box_w = 9, .box_h = 10, .ofs_x = 0, .ofs_y = 0},
    {.bitmap_index = 902, .adv_w = 129, .box_w = 8, .box_h = 10, .ofs_x = 0, .ofs_y = 0},
    {.bitmap_index = 937, .adv_w = 149, .box_w = 9, .box_h = 10, .ofs_x = 0, .ofs_y = 0},
    {.bitmap_index = 978, .adv_w = 140, .box_w = 9, .box_h = 10, .ofs_x = 0, .ofs_y = 0},
    {.bitmap_index = 1012, .adv_w = 119, .box_w = 7, .box_h = 10, .ofs_x = 0, .ofs_y = 0},
    {.bitmap_index = 1039, .adv_w = 122, .box_w = 7, .box_h = 10, .ofs_x = 0, .ofs_y = 0},
    {.bitmap_index = 1063, .adv_w = 150, .box_w = 9, .box_h = 10, .ofs_x = 0, .ofs_y = 0},
    {.bitmap_index = 1108, .adv_w = 136, .box_w = 8, .box_h = 10, .ofs_x = 0, .ofs_y = 0},
    {.bitmap_index = 1127, .adv_w = 50, .box_w = 3, .box_h = 10, .ofs_x = 0, .ofs_y = 0},
    {.bitmap_index = 1132, .adv_w = 89, .box_w = 5, .box_h = 10, .ofs_x = 0, .ofs_y = 0},
    {.bitmap_index = 1146, .adv_w = 130, .box_w = 8, .box_h = 10, .ofs_x = 0, .ofs_y = 0},
    {.bitmap_index = 1180, .adv_w = 120, .box_w = 7, .box_h = 10, .ofs_x = 0, .ofs_y = 0},
    {.bitmap_index = 1190, .adv_w = 164, .box_w = 10, .box_h = 10, .ofs_x = 0, .ofs_y = 0},
    {.bitmap_index = 1229, .adv_w = 141, .box_w = 8, .box_h = 10, .ofs_x = 0, .ofs_y = 0},
    {.bitmap_index = 1259, .adv_w = 159, .box_w = 10, .box_h = 10, .ofs_x = 0, .ofs_y = 0},
    {.bitmap_index = 1305, .adv_w = 124, .box_w = 8, .box_h = 10, .ofs_x = 0, .ofs_y = 0},
    {.bitmap_index = 1337, .adv_w = 158, .box_w = 10, .box_h = 10, .ofs_x = 0, .ofs_y = 0},
    {.bitmap_index = 1384, .adv_w = 128, .box_w = 8, .box_h = 10, .ofs_x = 0, .ofs_y = 0},
    {.bitmap_index = 1417, .adv_w = 122, .box_w = 8, .box_h = 10, .ofs_x = 0, .ofs_y = 0},
    {.bitmap_index = 1457, .adv_w = 125, .box_w = 8, .box_h = 10, .ofs_x = 0, .ofs_y = 0},
    {.bitmap_index = 1471, .adv_w = 139, .box_w = 8, .box_h = 10, .ofs_x = 0, .ofs_y = 0},
    {.bitmap_index = 1490, .adv_w = 136, .box_w = 9, .box_h = 10, .ofs_x = 0, .ofs_y = 0},
    {.bitmap_index = 1531, .adv_w = 193, .box_w = 12, .box_h = 10, .ofs_x = 0, .ofs_y = 0},
    {.bitmap_index = 1590, .adv_w = 138, .box_w = 8, .box_h = 10, .ofs_x = 0, .ofs_y = 0},
    {.bitmap_index = 1628, .adv_w = 128, .box_w = 8, .box_h = 10, .ofs_x = 0, .ofs_y = 0},
    {.bitmap_index = 1660, .adv_w = 127, .box_w = 8, .box_h = 10, .ofs_x = 0, .ofs_y = 0},
    {.bitmap_index = 1692, .adv_w = 88, .box_w = 5, .box_h = 13, .ofs_x = 0, .ofs_y = -3},
    {.bitmap_index = 1707, .adv_w = 93, .box_w = 6, .box_h = 13, .ofs_x = 0, .ofs_y = -2},
    {.bitmap_index = 1739, .adv_w = 88, .box_w = 5, .box_h = 13, .ofs_x = 0, .ofs_y = -3},
    {.bitmap_index = 1755, .adv_w = 107, .box_w = 5, .box_h = 2, .ofs_x = 1, .ofs_y = 7},
    {.bitmap_index = 1760, .adv_w = 135, .box_w = 7, .box_h = 2, .ofs_x = 1, .ofs_y = -2},
    {.bitmap_index = 1765, .adv_w = 39, .box_w = 3, .box_h = 3, .ofs_x = 0, .ofs_y = 8},
    {.bitmap_index = 1770, .adv_w = 123, .box_w = 7, .box_h = 7, .ofs_x = 0, .ofs_y = 0},
    {.bitmap_index = 1795, .adv_w = 125, .box_w = 8, .box_h = 10, .ofs_x = 0, .ofs_y = 0},
    {.bitmap_index = 1826, .adv_w = 118, .box_w = 7, .box_h = 7, .ofs_x = 0, .ofs_y = 0},
    {.bitmap_index = 1852, .adv_w = 125, .box_w = 7, .box_h = 10, .ofs_x = 0, .ofs_y = 0},
    {.bitmap_index = 1882, .adv_w = 115, .box_w = 7, .box_h = 7, .ofs_x = 0, .ofs_y = 0},
    {.bitmap_index = 1907, .adv_w = 74, .box_w = 5, .box_h = 10, .ofs_x = 0, .ofs_y = 0},
    {.bitmap_index = 1923, .adv_w = 123, .box_w = 7, .box_h = 10, .ofs_x = 0, .ofs_y = -3},
    {.bitmap_index = 1959, .adv_w = 112, .box_w = 7, .box_h = 10, .ofs_x = 0, .ofs_y = 0},
    {.bitmap_index = 1978, .adv_w = 51, .box_w = 3, .box_h = 10, .ofs_x = 0, .ofs_y = 0},
    {.bitmap_index = 1988, .adv_w = 53, .box_w = 4, .box_h = 13, .ofs_x = -1, .ofs_y = -3},
    {.bitmap_index = 2004, .adv_w = 107, .box_w = 7, .box_h = 10, .ofs_x = 0, .ofs_y = 0},
    {.bitmap_index = 2028, .adv_w = 49, .box_w = 3, .box_h = 10, .ofs_x = 0, .ofs_y = 0},
    {.bitmap_index = 2033, .adv_w = 171, .box_w = 10, .box_h = 7, .ofs_x = 0, .ofs_y = 0},
    {.bitmap_index = 2056, .adv_w = 110, .box_w = 7, .box_h = 7, .ofs_x = 0, .ofs_y = 0},
    {.bitmap_index = 2071, .adv_w = 123, .box_w = 7, .box_h = 7, .ofs_x = 0, .ofs_y = 0},
    {.bitmap_index = 2097, .adv_w = 125, .box_w = 8, .box_h = 10, .ofs_x = 0, .ofs_y = -3},
    {.bitmap_index = 2131, .adv_w = 125, .box_w = 7, .box_h = 10, .ofs_x = 0, .ofs_y = -3},
    {.bitmap_index = 2162, .adv_w = 75, .box_w = 5, .box_h = 7, .ofs_x = 0, .ofs_y = 0},
    {.bitmap_index = 2174, .adv_w = 98, .box_w = 6, .box_h = 7, .ofs_x = 0, .ofs_y = 0},
    {.bitmap_index = 2195, .adv_w = 82, .box_w = 5, .box_h = 9, .ofs_x = 0, .ofs_y = 0},
    {.bitmap_index = 2214, .adv_w = 109, .box_w = 6, .box_h = 7, .ofs_x = 0, .ofs_y = 0},
    {.bitmap_index = 2228, .adv_w = 111, .box_w = 7, .box_h = 7, .ofs_x = 0, .ofs_y = 0},
    {.bitmap_index = 2252, .adv_w = 167, .box_w = 11, .box_h = 7, .ofs_x = 0, .ofs_y = 0},
    {.bitmap_index = 2291, .adv_w = 107, .box_w = 7, .box_h = 7, .ofs_x = 0, .ofs_y = 0},
    {.bitmap_index = 2316, .adv_w = 112, .box_w = 7, .box_h = 10, .ofs_x = 0, .ofs_y = -3},
    {.bitmap_index = 2350, .adv_w = 96, .box_w = 6, .box_h = 7, .ofs_x = 0, .ofs_y = 0},
    {.bitmap_index = 2371, .adv_w = 82, .box_w = 5, .box_h = 13, .ofs_x = 0, .ofs_y = -3},
    {.bitmap_index = 2398, .adv_w = 78, .box_w = 2, .box_h = 15, .ofs_x = 1, .ofs_y = -3},
    {.bitmap_index = 2403, .adv_w = 82, .box_w = 5, .box_h = 13, .ofs_x = 0, .ofs_y = -3},
    {.bitmap_index = 2429, .adv_w = 90, .box_w = 5, .box_h = 2, .ofs_x = 0, .ofs_y = 4},
    {.bitmap_index = 2435, .adv_w = 44, .box_w = 0, .box_h = 0, .ofs_x = 0, .ofs_y = 0},
    {.bitmap_index = 2435, .adv_w = 54, .box_w = 3, .box_h = 10, .ofs_x = 0, .ofs_y = -3},
    {.bitmap_index = 2447, .adv_w = 118, .box_w = 7, .box_h = 10, .ofs_x = 0, .ofs_y = -1},
    {.bitmap_index = 2481, .adv_w = 116, .box_w = 7, .box_h = 10, .ofs_x = 0, .ofs_y = 0},
    {.bitmap_index = 2514, .adv_w = 114, .box_w = 7, .box_h = 8, .ofs_x = 0, .ofs_y = 1},
    {.bitmap_index = 2541, .adv_w = 128, .box_w = 8, .box_h = 10, .ofs_x = 0, .ofs_y = 0},
    {.bitmap_index = 2580, .adv_w = 78, .box_w = 2, .box_h = 15, .ofs_x = 1, .ofs_y = -3},
    {.bitmap_index = 2589, .adv_w = 133, .box_w = 8, .box_h = 15, .ofs_x = 0, .ofs_y = -4},
    {.bitmap_index = 2650, .adv_w = 51, .box_w = 5, .box_h = 2, .ofs_x = 0, .ofs_y = 8},
    {.bitmap_index = 2655, .adv_w = 159, .box_w = 10, .box_h = 9, .ofs_x = 0, .ofs_y = 0},
    {.bitmap_index = 2700, .adv_w = 81, .box_w = 5, .box_h = 4, .ofs_x = 0, .ofs_y = 5},
    {.bitmap_index = 2711, .adv_w = 124, .box_w = 8, .box_h = 6, .ofs_x = 0, .ofs_y = 1},
    {.bitmap_index = 2735, .adv_w = 126, .box_w = 7, .box_h = 4, .ofs_x = 0, .ofs_y = 3},
    {.bitmap_index = 2744, .adv_w = 115, .box_w = 5, .box_h = 2, .ofs_x = 1, .ofs_y = 3},
    {.bitmap_index = 2749, .adv_w = 83, .box_w = 5, .box_h = 5, .ofs_x = 0, .ofs_y = 5},
    {.bitmap_index = 2762, .adv_w = 65, .box_w = 4, .box_h = 1, .ofs_x = 0, .ofs_y = 8},
    {.bitmap_index = 2765, .adv_w = 91, .box_w = 5, .box_h = 5, .ofs_x = 0, .ofs_y = 5},
    {.bitmap_index = 2778, .adv_w = 124, .box_w = 6, .box_h = 7, .ofs_x = 1, .ofs_y = 0},
    {.bitmap_index = 2797, .adv_w = 84, .box_w = 5, .box_h = 5, .ofs_x = 0, .ofs_y = 5},
    {.bitmap_index = 2810, .adv_w = 85, .box_w = 5, .box_h = 5, .ofs_x = 0, .ofs_y = 5},
    {.bitmap_index = 2823, .adv_w = 39, .box_w = 4, .box_h = 3, .ofs_x = -1, .ofs_y = 8},
    {.bitmap_index = 2830, .adv_w = 116, .box_w = 8, .box_h = 10, .ofs_x = 0, .ofs_y = -3},
    {.bitmap_index = 2855, .adv_w = 97, .box_w = 6, .box_h = 9, .ofs_x = 0, .ofs_y = 0},
    {.bitmap_index = 2874, .adv_w = 49, .box_w = 2, .box_h = 2, .ofs_x = 1, .ofs_y = 4},
    {.bitmap_index = 2876, .adv_w = 45, .box_w = 3, .box_h = 4, .ofs_x = 0, .ofs_y = -3},
    {.bitmap_index = 2883, .adv_w = 60, .box_w = 3, .box_h = 5, .ofs_x = 0, .ofs_y = 5},
    {.bitmap_index = 2889, .adv_w = 88, .box_w = 5, .box_h = 4, .ofs_x = 0, .ofs_y = 5},
    {.bitmap_index = 2900, .adv_w = 124, .box_w = 8, .box_h = 6, .ofs_x = 0, .ofs_y = 1},
    {.bitmap_index = 2925, .adv_w = 150, .box_w = 10, .box_h = 10, .ofs_x = 0, .ofs_y = 0},
    {.bitmap_index = 2969, .adv_w = 154, .box_w = 11, .box_h = 10, .ofs_x = 0, .ofs_y = 0},
    {.bitmap_index = 3018, .adv_w = 153, .box_w = 11, .box_h = 9, .ofs_x = 0, .ofs_y = 0},
    {.bitmap_index = 3067, .adv_w = 110, .box_w = 7, .box_h = 11, .ofs_x = 0, .ofs_y = -4},
    {.bitmap_index = 3101, .adv_w = 141, .box_w = 9, .box_h = 13, .ofs_x = 0, .ofs_y = 0},
    {.bitmap_index = 3151, .adv_w = 141, .box_w = 9, .box_h = 13, .ofs_x = 0, .ofs_y = 0},
    {.bitmap_index = 3200, .adv_w = 141, .box_w = 9, .box_h = 13, .ofs_x = 0, .ofs_y = 0},
    {.bitmap_index = 3252, .adv_w = 141, .box_w = 9, .box_h = 13, .ofs_x = 0, .ofs_y = 0},
    {.bitmap_index = 3304, .adv_w = 141, .box_w = 9, .box_h = 12, .ofs_x = 0, .ofs_y = 0},
    {.bitmap_index = 3353, .adv_w = 141, .box_w = 9, .box_h = 14, .ofs_x = 0, .ofs_y = 0},
    {.bitmap_index = 3404, .adv_w = 196, .box_w = 12, .box_h = 10, .ofs_x = 0, .ofs_y = 0},
    {.bitmap_index = 3453, .adv_w = 149, .box_w = 9, .box_h = 13, .ofs_x = 0, .ofs_y = -3},
    {.bitmap_index = 3506, .adv_w = 121, .box_w = 6, .box_h = 13, .ofs_x = 1, .ofs_y = 0},
    {.bitmap_index = 3539, .adv_w = 121, .box_w = 6, .box_h = 13, .ofs_x = 1, .ofs_y = 0},
    {.bitmap_index = 3572, .adv_w = 121, .box_w = 6, .box_h = 13, .ofs_x = 1, .ofs_y = 0},
    {.bitmap_index = 3606, .adv_w = 121, .box_w = 6, .box_h = 12, .ofs_x = 1, .ofs_y = 0},
    {.bitmap_index = 3637, .adv_w = 53, .box_w = 3, .box_h = 13, .ofs_x = 0, .ofs_y = 0},
    {.bitmap_index = 3647, .adv_w = 53, .box_w = 3, .box_h = 13, .ofs_x = 1, .ofs_y = 0},
    {.bitmap_index = 3656, .adv_w = 53, .box_w = 5, .box_h = 13, .ofs_x = -1, .ofs_y = 0},
    {.bitmap_index = 3670, .adv_w = 53, .box_w = 5, .box_h = 12, .ofs_x = -1, .ofs_y = 0},
    {.bitmap_index = 3681, .adv_w = 151, .box_w = 9, .box_h = 10, .ofs_x = 0, .ofs_y = 0},
    {.bitmap_index = 3722, .adv_w = 144, .box_w = 7, .box_h = 13, .ofs_x = 1, .ofs_y = 0},
    {.bitmap_index = 3760, .adv_w = 159, .box_w = 10, .box_h = 13, .ofs_x = 0, .ofs_y = 0},
    {.bitmap_index = 3815, .adv_w = 159, .box_w = 10, .box_h = 13, .ofs_x = 0, .ofs_y = 0},
    {.bitmap_index = 3870, .adv_w = 159, .box_w = 10, .box_h = 13, .ofs_x = 0, .ofs_y = 0},
    {.bitmap_index = 3926, .adv_w = 159, .box_w = 10, .box_h = 13, .ofs_x = 0, .ofs_y = 0},
    {.bitmap_index = 3983, .adv_w = 159, .box_w = 10, .box_h = 13, .ofs_x = 0, .ofs_y = 0},
    {.bitmap_index = 4040, .adv_w = 111, .box_w = 5, .box_h = 6, .ofs_x = 1, .ofs_y = 1},
    {.bitmap_index = 4055, .adv_w = 159, .box_w = 10, .box_h = 10, .ofs_x = 0, .ofs_y = 0},
    {.bitmap_index = 4105, .adv_w = 143, .box_w = 7, .box_h = 13, .ofs_x = 1, .ofs_y = 0},
    {.bitmap_index = 4131, .adv_w = 143, .box_w = 7, .box_h = 13, .ofs_x = 1, .ofs_y = 0},
    {.bitmap_index = 4157, .adv_w = 143, .box_w = 7, .box_h = 13, .ofs_x = 1, .ofs_y = 0},
    {.bitmap_index = 4184, .adv_w = 143, .box_w = 7, .box_h = 13, .ofs_x = 1, .ofs_y = 0},
    {.bitmap_index = 4212, .adv_w = 128, .box_w = 8, .box_h = 13, .ofs_x = 0, .ofs_y = 0},
    {.bitmap_index = 4255, .adv_w = 124, .box_w = 8, .box_h = 10, .ofs_x = 0, .ofs_y = 0},
    {.bitmap_index = 4288, .adv_w = 130, .box_w = 8, .box_h = 10, .ofs_x = 0, .ofs_y = 0},
    {.bitmap_index = 4326, .adv_w = 125, .box_w = 7, .box_h = 11, .ofs_x = 0, .ofs_y = 0},
    {.bitmap_index = 4362, .adv_w = 125, .box_w = 7, .box_h = 11, .ofs_x = 0, .ofs_y = 0},
    {.bitmap_index = 4398, .adv_w = 125, .box_w = 7, .box_h = 10, .ofs_x = 0, .ofs_y = 0},
    {.bitmap_index = 4433, .adv_w = 125, .box_w = 7, .box_h = 10, .ofs_x = 0, .ofs_y = 0},
    {.bitmap_index = 4469, .adv_w = 125, .box_w = 7, .box_h = 10, .ofs_x = 0, .ofs_y = 0},
    {.bitmap_index = 4505, .adv_w = 125, .box_w = 7, .box_h = 11, .ofs_x = 0, .ofs_y = 0},
    {.bitmap_index = 4544, .adv_w = 185, .box_w = 11, .box_h = 7, .ofs_x = 0, .ofs_y = 0},
    {.bitmap_index = 4584, .adv_w = 120, .box_w = 7, .box_h = 11, .ofs_x = 0, .ofs_y = -4},
    {.bitmap_index = 4621, .adv_w = 117, .box_w = 7, .box_h = 11, .ofs_x = 0, .ofs_y = 0},
    {.bitmap_index = 4657, .adv_w = 117, .box_w = 7, .box_h = 11, .ofs_x = 0, .ofs_y = 0},
    {.bitmap_index = 4694, .adv_w = 117, .box_w = 7, .box_h = 10, .ofs_x = 0, .ofs_y = 0},
    {.bitmap_index = 4730, .adv_w = 117, .box_w = 7, .box_h = 10, .ofs_x = 0, .ofs_y = 0},
    {.bitmap_index = 4766, .adv_w = 53, .box_w = 4, .box_h = 11, .ofs_x = -1, .ofs_y = 0},
    {.bitmap_index = 4780, .adv_w = 53, .box_w = 3, .box_h = 11, .ofs_x = 1, .ofs_y = 0},
    {.bitmap_index = 4791, .adv_w = 53, .box_w = 5, .box_h = 10, .ofs_x = -1, .ofs_y = 0},
    {.bitmap_index = 4804, .adv_w = 53, .box_w = 5, .box_h = 10, .ofs_x = -1, .ofs_y = 0},
    {.bitmap_index = 4817, .adv_w = 123, .box_w = 7, .box_h = 11, .ofs_x = 0, .ofs_y = 0},
    {.bitmap_index = 4856, .adv_w = 115, .box_w = 6, .box_h = 10, .ofs_x = 1, .ofs_y = 0},
    {.bitmap_index = 4881, .adv_w = 125, .box_w = 8, .box_h = 11, .ofs_x = 0, .ofs_y = 0},
    {.bitmap_index = 4921, .adv_w = 125, .box_w = 8, .box_h = 11, .ofs_x = 0, .ofs_y = 0},
    {.bitmap_index = 4961, .adv_w = 125, .box_w = 8, .box_h = 10, .ofs_x = 0, .ofs_y = 0},
    {.bitmap_index = 4999, .adv_w = 125, .box_w = 8, .box_h = 10, .ofs_x = 0, .ofs_y = 0},
    {.bitmap_index = 5038, .adv_w = 125, .box_w = 8, .box_h = 10, .ofs_x = 0, .ofs_y = 0},
    {.bitmap_index = 5077, .adv_w = 127, .box_w = 6, .box_h = 6, .ofs_x = 1, .ofs_y = 1},
    {.bitmap_index = 5094, .adv_w = 123, .box_w = 7, .box_h = 9, .ofs_x = 0, .ofs_y = -1},
    {.bitmap_index = 5125, .adv_w = 113, .box_w = 6, .box_h = 11, .ofs_x = 1, .ofs_y = 0},
    {.bitmap_index = 5149, .adv_w = 113, .box_w = 6, .box_h = 11, .ofs_x = 1, .ofs_y = 0},
    {.bitmap_index = 5174, .adv_w = 113, .box_w = 6, .box_h = 10, .ofs_x = 1, .ofs_y = 0},
    {.bitmap_index = 5198, .adv_w = 113, .box_w = 6, .box_h = 10, .ofs_x = 1, .ofs_y = 0},
    {.bitmap_index = 5222, .adv_w = 112, .box_w = 7, .box_h = 13, .ofs_x = 0, .ofs_y = -3},
    {.bitmap_index = 5264, .adv_w = 125, .box_w = 8, .box_h = 13, .ofs_x = 0, .ofs_y = -3},
    {.bitmap_index = 5301, .adv_w = 112, .box_w = 7, .box_h = 13, .ofs_x = 0, .ofs_y = -3},
    {.bitmap_index = 5346, .adv_w = 141, .box_w = 9, .box_h = 12, .ofs_x = 0, .ofs_y = 0},
    {.bitmap_index = 5394, .adv_w = 125, .box_w = 7, .box_h = 9, .ofs_x = 0, .ofs_y = 0},
    {.bitmap_index = 5427, .adv_w = 141, .box_w = 9, .box_h = 13, .ofs_x = 0, .ofs_y = 0},
    {.bitmap_index = 5480, .adv_w = 125, .box_w = 7, .box_h = 10, .ofs_x = 0, .ofs_y = 0},
    {.bitmap_index = 5516, .adv_w = 141, .box_w = 9, .box_h = 12, .ofs_x = 0, .ofs_y = -2},
    {.bitmap_index = 5563, .adv_w = 125, .box_w = 8, .box_h = 9, .ofs_x = 0, .ofs_y = -2},
    {.bitmap_index = 5598, .adv_w = 149, .box_w = 9, .box_h = 13, .ofs_x = 0, .ofs_y = 0},
    {.bitmap_index = 5648, .adv_w = 120, .box_w = 7, .box_h = 11, .ofs_x = 0, .ofs_y = 0},
    {.bitmap_index = 5684, .adv_w = 149, .box_w = 9, .box_h = 13, .ofs_x = 0, .ofs_y = 0},
    {.bitmap_index = 5734, .adv_w = 120, .box_w = 7, .box_h = 10, .ofs_x = 0, .ofs_y = 0},
    {.bitmap_index = 5767, .adv_w = 149, .box_w = 9, .box_h = 13, .ofs_x = 0, .ofs_y = 0},
    {.bitmap_index = 5819, .adv_w = 120, .box_w = 7, .box_h = 10, .ofs_x = 0, .ofs_y = 0},
    {.bitmap_index = 5854, .adv_w = 142, .box_w = 8, .box_h = 13, .ofs_x = 1, .ofs_y = 0},
    {.bitmap_index = 5898, .adv_w = 135, .box_w = 9, .box_h = 10, .ofs_x = 0, .ofs_y = 0},
    {.bitmap_index = 5937, .adv_w = 151, .box_w = 9, .box_h = 10, .ofs_x = 0, .ofs_y = 0},
    {.bitmap_index = 5978, .adv_w = 127, .box_w = 8, .box_h = 10, .ofs_x = 0, .ofs_y = 0},
    {.bitmap_index = 6016, .adv_w = 121, .box_w = 6, .box_h = 12, .ofs_x = 1, .ofs_y = 0},
    {.bitmap_index = 6046, .adv_w = 117, .box_w = 7, .box_h = 9, .ofs_x = 0, .ofs_y = 0},
    {.bitmap_index = 6078, .adv_w = 121, .box_w = 6, .box_h = 13, .ofs_x = 1, .ofs_y = 0},
    {.bitmap_index = 6110, .adv_w = 117, .box_w = 7, .box_h = 10, .ofs_x = 0, .ofs_y = 0},
    {.bitmap_index = 6144, .adv_w = 121, .box_w = 7, .box_h = 12, .ofs_x = 1, .ofs_y = -2},
    {.bitmap_index = 6178, .adv_w = 117, .box_w = 7, .box_h = 10, .ofs_x = 0, .ofs_y = -3},
    {.bitmap_index = 6214, .adv_w = 121, .box_w = 6, .box_h = 13, .ofs_x = 1, .ofs_y = 0},
    {.bitmap_index = 6248, .adv_w = 117, .box_w = 7, .box_h = 10, .ofs_x = 0, .ofs_y = 0},
    {.bitmap_index = 6284, .adv_w = 150, .box_w = 9, .box_h = 13, .ofs_x = 0, .ofs_y = 0},
    {.bitmap_index = 6339, .adv_w = 126, .box_w = 7, .box_h = 13, .ofs_x = 0, .ofs_y = -3},
    {.bitmap_index = 6386, .adv_w = 150, .box_w = 9, .box_h = 13, .ofs_x = 0, .ofs_y = 0},
    {.bitmap_index = 6439, .adv_w = 126, .box_w = 7, .box_h = 13, .ofs_x = 0, .ofs_y = -3},
    {.bitmap_index = 6483, .adv_w = 149, .box_w = 9, .box_h = 10, .ofs_x = 0, .ofs_y = 0},
    {.bitmap_index = 6514, .adv_w = 119, .box_w = 7, .box_h = 10, .ofs_x = 0, .ofs_y = 0},
    {.bitmap_index = 6539, .adv_w = 53, .box_w = 5, .box_h = 13, .ofs_x = -1, .ofs_y = 0},
    {.bitmap_index = 6552, .adv_w = 53, .box_w = 5, .box_h = 10, .ofs_x = -1, .ofs_y = 0},
    {.bitmap_index = 6565, .adv_w = 53, .box_w = 5, .box_h = 12, .ofs_x = -1, .ofs_y = 0},
    {.bitmap_index = 6575, .adv_w = 53, .box_w = 5, .box_h = 9, .ofs_x = -1, .ofs_y = 0},
    {.bitmap_index = 6585, .adv_w = 53, .box_w = 3, .box_h = 12, .ofs_x = 0, .ofs_y = -2},
    {.bitmap_index = 6593, .adv_w = 53, .box_w = 3, .box_h = 12, .ofs_x = 0, .ofs_y = -2},
    {.bitmap_index = 6606, .adv_w = 53, .box_w = 3, .box_h = 13, .ofs_x = 0, .ofs_y = 0},
    {.bitmap_index = 6616, .adv_w = 53, .box_w = 2, .box_h = 7, .ofs_x = 1, .ofs_y = 0},
    {.bitmap_index = 6621, .adv_w = 122, .box_w = 6, .box_h = 13, .ofs_x = 1, .ofs_y = 0},
    {.bitmap_index = 6637, .adv_w = 53, .box_w = 3, .box_h = 14, .ofs_x = 1, .ofs_y = 0},
    {.bitmap_index = 6648, .adv_w = 122, .box_w = 8, .box_h = 13, .ofs_x = -1, .ofs_y = 0},
    {.bitmap_index = 6668, .adv_w = 61, .box_w = 5, .box_h = 10, .ofs_x = 0, .ofs_y = 0},
    {.bitmap_index = 6680, .adv_w = 125, .box_w = 8, .box_h = 10, .ofs_x = 0, .ofs_y = 0},
    {.bitmap_index = 6705, .adv_w = 81, .box_w = 5, .box_h = 10, .ofs_x = 0, .ofs_y = 0},
    {.bitmap_index = 6721, .adv_w = 144, .box_w = 7, .box_h = 13, .ofs_x = 1, .ofs_y = 0},
    {.bitmap_index = 6757, .adv_w = 115, .box_w = 6, .box_h = 11, .ofs_x = 1, .ofs_y = 0},
    {.bitmap_index = 6783, .adv_w = 144, .box_w = 7, .box_h = 13, .ofs_x = 1, .ofs_y = 0},
    {.bitmap_index = 6821, .adv_w = 115, .box_w = 6, .box_h = 10, .ofs_x = 1, .ofs_y = 0},
    {.bitmap_index = 6846, .adv_w = 159, .box_w = 10, .box_h = 12, .ofs_x = 0, .ofs_y = 0},
    {.bitmap_index = 6899, .adv_w = 125, .box_w = 8, .box_h = 9, .ofs_x = 0, .ofs_y = 0},
    {.bitmap_index = 6935, .adv_w = 159, .box_w = 10, .box_h = 14, .ofs_x = 0, .ofs_y = 0},
    {.bitmap_index = 6995, .adv_w = 125, .box_w = 8, .box_h = 11, .ofs_x = 0, .ofs_y = 0},
    {.bitmap_index = 7037, .adv_w = 192, .box_w = 12, .box_h = 10, .ofs_x = 0, .ofs_y = 0},
    {.bitmap_index = 7086, .adv_w = 197, .box_w = 12, .box_h = 7, .ofs_x = 0, .ofs_y = 0},
    {.bitmap_index = 7129, .adv_w = 130, .box_w = 7, .box_h = 13, .ofs_x = 1, .ofs_y = 0},
    {.bitmap_index = 7169, .adv_w = 81, .box_w = 4, .box_h = 11, .ofs_x = 1, .ofs_y = 0},
    {.bitmap_index = 7188, .adv_w = 130, .box_w = 7, .box_h = 13, .ofs_x = 1, .ofs_y = 0},
    {.bitmap_index = 7230, .adv_w = 81, .box_w = 5, .box_h = 10, .ofs_x = 0, .ofs_y = 0},
    {.bitmap_index = 7250, .adv_w = 122, .box_w = 8, .box_h = 13, .ofs_x = 0, .ofs_y = 0},
    {.bitmap_index = 7299, .adv_w = 100, .box_w = 6, .box_h = 11, .ofs_x = 0, .ofs_y = 0},
    {.bitmap_index = 7330, .adv_w = 122, .box_w = 8, .box_h = 13, .ofs_x = 0, .ofs_y = -3},
    {.bitmap_index = 7382, .adv_w = 100, .box_w = 6, .box_h = 10, .ofs_x = 0, .ofs_y = -3},
    {.bitmap_index = 7413, .adv_w = 122, .box_w = 8, .box_h = 13, .ofs_x = 0, .ofs_y = 0},
    {.bitmap_index = 7464, .adv_w = 100, .box_w = 6, .box_h = 10, .ofs_x = 0, .ofs_y = 0},
    {.bitmap_index = 7494, .adv_w = 125, .box_w = 8, .box_h = 13, .ofs_x = 0, .ofs_y = -3},
    {.bitmap_index = 7517, .adv_w = 82, .box_w = 5, .box_h = 12, .ofs_x = 0, .ofs_y = -3},
    {.bitmap_index = 7544, .adv_w = 125, .box_w = 8, .box_h = 13, .ofs_x = 0, .ofs_y = 0},
    {.bitmap_index = 7571, .adv_w = 75, .box_w = 5, .box_h = 11, .ofs_x = 0, .ofs_y = 0},
    {.bitmap_index = 7595, .adv_w = 125, .box_w = 8, .box_h = 10, .ofs_x = 0, .ofs_y = 0},
    {.bitmap_index = 7624, .adv_w = 82, .box_w = 5, .box_h = 9, .ofs_x = 0, .ofs_y = 0},
    {.bitmap_index = 7647, .adv_w = 143, .box_w = 7, .box_h = 13, .ofs_x = 1, .ofs_y = 0},
    {.bitmap_index = 7675, .adv_w = 113, .box_w = 6, .box_h = 10, .ofs_x = 1, .ofs_y = 0},
    {.bitmap_index = 7699, .adv_w = 143, .box_w = 7, .box_h = 12, .ofs_x = 1, .ofs_y = 0},
    {.bitmap_index = 7723, .adv_w = 113, .box_w = 6, .box_h = 9, .ofs_x = 1, .ofs_y = 0},
    {.bitmap_index = 7743, .adv_w = 143, .box_w = 7, .box_h = 14, .ofs_x = 1, .ofs_y = 0},
    {.bitmap_index = 7773, .adv_w = 113, .box_w = 6, .box_h = 11, .ofs_x = 1, .ofs_y = 0},
    {.bitmap_index = 7799, .adv_w = 143, .box_w = 7, .box_h = 13, .ofs_x = 1, .ofs_y = 0},
    {.bitmap_index = 7827, .adv_w = 113, .box_w = 6, .box_h = 11, .ofs_x = 1, .ofs_y = 0},
    {.bitmap_index = 7854, .adv_w = 143, .box_w = 7, .box_h = 13, .ofs_x = 1, .ofs_y = -3},
    {.bitmap_index = 7881, .adv_w = 113, .box_w = 6, .box_h = 9, .ofs_x = 1, .ofs_y = -2},
    {.bitmap_index = 7901, .adv_w = 187, .box_w = 12, .box_h = 13, .ofs_x = 0, .ofs_y = 0},
    {.bitmap_index = 7974, .adv_w = 167, .box_w = 11, .box_h = 10, .ofs_x = 0, .ofs_y = 0},
    {.bitmap_index = 8025, .adv_w = 128, .box_w = 8, .box_h = 13, .ofs_x = 0, .ofs_y = 0},
    {.bitmap_index = 8069, .adv_w = 112, .box_w = 7, .box_h = 13, .ofs_x = 0, .ofs_y = -3},
    {.bitmap_index = 8113, .adv_w = 128, .box_w = 8, .box_h = 12, .ofs_x = 0, .ofs_y = 0},
    {.bitmap_index = 8154, .adv_w = 127, .box_w = 8, .box_h = 13, .ofs_x = 0, .ofs_y = 0},
    {.bitmap_index = 8197, .adv_w = 96, .box_w = 6, .box_h = 10, .ofs_x = 0, .ofs_y = 0},
    {.bitmap_index = 8227, .adv_w = 127, .box_w = 8, .box_h = 13, .ofs_x = 0, .ofs_y = 0},
    {.bitmap_index = 8268, .adv_w = 96, .box_w = 6, .box_h = 10, .ofs_x = 0, .ofs_y = 0},
    {.bitmap_index = 8298, .adv_w = 127, .box_w = 8, .box_h = 13, .ofs_x = 0, .ofs_y = 0},
    {.bitmap_index = 8343, .adv_w = 96, .box_w = 6, .box_h = 10, .ofs_x = 0, .ofs_y = 0},
    {.bitmap_index = 8375, .adv_w = 159, .box_w = 10, .box_h = 12, .ofs_x = 0, .ofs_y = 0},
    {.bitmap_index = 8427, .adv_w = 123, .box_w = 7, .box_h = 9, .ofs_x = 0, .ofs_y = 0},
    {.bitmap_index = 8458, .adv_w = 143, .box_w = 9, .box_h = 11, .ofs_x = 1, .ofs_y = 0},
    {.bitmap_index = 8485, .adv_w = 111, .box_w = 8, .box_h = 9, .ofs_x = 0, .ofs_y = 0},
    {.bitmap_index = 8509, .adv_w = 150, .box_w = 9, .box_h = 13, .ofs_x = 0, .ofs_y = 0},
    {.bitmap_index = 8564, .adv_w = 126, .box_w = 7, .box_h = 13, .ofs_x = 0, .ofs_y = -3},
    {.bitmap_index = 8610, .adv_w = 150, .box_w = 9, .box_h = 12, .ofs_x = 0, .ofs_y = 0},
    {.bitmap_index = 8662, .adv_w = 126, .box_w = 7, .box_h = 12, .ofs_x = 0, .ofs_y = -3},
    {.bitmap_index = 8705, .adv_w = 187, .box_w = 12, .box_h = 13, .ofs_x = 0, .ofs_y = 0},
    {.bitmap_index = 8776, .adv_w = 167, .box_w = 11, .box_h = 11, .ofs_x = 0, .ofs_y = 0},
    {.bitmap_index = 8829, .adv_w = 187, .box_w = 12, .box_h = 13, .ofs_x = 0, .ofs_y = 0},
    {.bitmap_index = 8900, .adv_w = 167, .box_w = 11, .box_h = 11, .ofs_x = 0, .ofs_y = 0},
    {.bitmap_index = 8953, .adv_w = 187, .box_w = 12, .box_h = 12, .ofs_x = 0, .ofs_y = 0},
    {.bitmap_index = 9023, .adv_w = 167, .box_w = 11, .box_h = 10, .ofs_x = 0, .ofs_y = 0},
    {.bitmap_index = 9075, .adv_w = 129, .box_w = 8, .box_h = 10, .ofs_x = 0, .ofs_y = 0},
    {.bitmap_index = 9110, .adv_w = 141, .box_w = 9, .box_h = 13, .ofs_x = 0, .ofs_y = -3},
    {.bitmap_index = 9161, .adv_w = 125, .box_w = 7, .box_h = 10, .ofs_x = 0, .ofs_y = -3},
    {.bitmap_index = 9196, .adv_w = 141, .box_w = 9, .box_h = 14, .ofs_x = 0, .ofs_y = 0},
    {.bitmap_index = 9249, .adv_w = 125, .box_w = 7, .box_h = 11, .ofs_x = 0, .ofs_y = 0},
    {.bitmap_index = 9287, .adv_w = 141, .box_w = 9, .box_h = 15, .ofs_x = 0, .ofs_y = 0},
    {.bitmap_index = 9346, .adv_w = 125, .box_w = 8, .box_h = 12, .ofs_x = 0, .ofs_y = 0},
    {.bitmap_index = 9392, .adv_w = 141, .box_w = 9, .box_h = 15, .ofs_x = 0, .ofs_y = 0},
    {.bitmap_index = 9450, .adv_w = 125, .box_w = 7, .box_h = 12, .ofs_x = 0, .ofs_y = 0},
    {.bitmap_index = 9492, .adv_w = 141, .box_w = 9, .box_h = 15, .ofs_x = 0, .ofs_y = 0},
    {.bitmap_index = 9550, .adv_w = 125, .box_w = 8, .box_h = 12, .ofs_x = 0, .ofs_y = 0},
    {.bitmap_index = 9596, .adv_w = 141, .box_w = 9, .box_h = 15, .ofs_x = 0, .ofs_y = 0},
    {.bitmap_index = 9655, .adv_w = 125, .box_w = 7, .box_h = 12, .ofs_x = 0, .ofs_y = 0},
    {.bitmap_index = 9697, .adv_w = 141, .box_w = 9, .box_h = 16, .ofs_x = 0, .ofs_y = -3},
    {.bitmap_index = 9759, .adv_w = 125, .box_w = 7, .box_h = 13, .ofs_x = 0, .ofs_y = -3},
    {.bitmap_index = 9803, .adv_w = 141, .box_w = 9, .box_h = 15, .ofs_x = 0, .ofs_y = 0},
    {.bitmap_index = 9861, .adv_w = 125, .box_w = 7, .box_h = 13, .ofs_x = 0, .ofs_y = 0},
    {.bitmap_index = 9905, .adv_w = 141, .box_w = 9, .box_h = 15, .ofs_x = 0, .ofs_y = 0},
    {.bitmap_index = 9964, .adv_w = 125, .box_w = 7, .box_h = 13, .ofs_x = 0, .ofs_y = 0},
    {.bitmap_index = 10008, .adv_w = 141, .box_w = 9, .box_h = 16, .ofs_x = 0, .ofs_y = 0},
    {.bitmap_index = 10070, .adv_w = 125, .box_w = 7, .box_h = 13, .ofs_x = 0, .ofs_y = 0},
    {.bitmap_index = 10116, .adv_w = 141, .box_w = 9, .box_h = 15, .ofs_x = 0, .ofs_y = 0},
    {.bitmap_index = 10176, .adv_w = 125, .box_w = 7, .box_h = 12, .ofs_x = 0, .ofs_y = 0},
    {.bitmap_index = 10218, .adv_w = 141, .box_w = 9, .box_h = 16, .ofs_x = 0, .ofs_y = -3},
    {.bitmap_index = 10281, .adv_w = 125, .box_w = 7, .box_h = 13, .ofs_x = 0, .ofs_y = -3},
    {.bitmap_index = 10326, .adv_w = 121, .box_w = 6, .box_h = 13, .ofs_x = 1, .ofs_y = -3},
    {.bitmap_index = 10358, .adv_w = 117, .box_w = 7, .box_h = 10, .ofs_x = 0, .ofs_y = -3},
    {.bitmap_index = 10393, .adv_w = 121, .box_w = 6, .box_h = 14, .ofs_x = 1, .ofs_y = 0},
    {.bitmap_index = 10429, .adv_w = 117, .box_w = 7, .box_h = 11, .ofs_x = 0, .ofs_y = 0},
    {.bitmap_index = 10467, .adv_w = 121, .box_w = 6, .box_h = 13, .ofs_x = 1, .ofs_y = 0},
    {.bitmap_index = 10500, .adv_w = 117, .box_w = 7, .box_h = 10, .ofs_x = 0, .ofs_y = 0},
    {.bitmap_index = 10537, .adv_w = 121, .box_w = 7, .box_h = 15, .ofs_x = 1, .ofs_y = 0},
    {.bitmap_index = 10582, .adv_w = 117, .box_w = 8, .box_h = 12, .ofs_x = 0, .ofs_y = 0},
    {.bitmap_index = 10628, .adv_w = 121, .box_w = 6, .box_h = 15, .ofs_x = 1, .ofs_y = 0},
    {.bitmap_index = 10666, .adv_w = 117, .box_w = 7, .box_h = 12, .ofs_x = 0, .ofs_y = 0},
    {.bitmap_index = 10708, .adv_w = 121, .box_w = 7, .box_h = 15, .ofs_x = 1, .ofs_y = 0},
    {.bitmap_index = 10754, .adv_w = 117, .box_w = 7, .box_h = 13, .ofs_x = 0, .ofs_y = 0},
    {.bitmap_index = 10799, .adv_w = 121, .box_w = 6, .box_h = 15, .ofs_x = 1, .ofs_y = 0},
    {.bitmap_index = 10840, .adv_w = 117, .box_w = 7, .box_h = 12, .ofs_x = 0, .ofs_y = 0},
    {.bitmap_index = 10883, .adv_w = 121, .box_w = 6, .box_h = 16, .ofs_x = 1, .ofs_y = -3},
    {.bitmap_index = 10925, .adv_w = 117, .box_w = 7, .box_h = 13, .ofs_x = 0, .ofs_y = -3},
    {.bitmap_index = 10970, .adv_w = 53, .box_w = 4, .box_h = 14, .ofs_x = 0, .ofs_y = 0},
    {.bitmap_index = 10984, .adv_w = 53, .box_w = 4, .box_h = 11, .ofs_x = 0, .ofs_y = 0},
    {.bitmap_index = 10997, .adv_w = 53, .box_w = 3, .box_h = 13, .ofs_x = 0, .ofs_y = -3},
    {.bitmap_index = 11006, .adv_w = 53, .box_w = 3, .box_h = 13, .ofs_x = 0, .ofs_y = -3},
    {.bitmap_index = 11020, .adv_w = 159, .box_w = 10, .box_h = 13, .ofs_x = 0, .ofs_y = -3},
    {.bitmap_index = 11076, .adv_w = 125, .box_w = 8, .box_h = 10, .ofs_x = 0, .ofs_y = -3},
    {.bitmap_index = 11114, .adv_w = 159, .box_w = 10, .box_h = 14, .ofs_x = 0, .ofs_y = 0},
    {.bitmap_index = 11173, .adv_w = 125, .box_w = 8, .box_h = 11, .ofs_x = 0, .ofs_y = 0},
    {.bitmap_index = 11214, .adv_w = 159, .box_w = 10, .box_h = 15, .ofs_x = 0, .ofs_y = 0},
    {.bitmap_index = 11277, .adv_w = 125, .box_w = 8, .box_h = 12, .ofs_x = 0, .ofs_y = 0},
    {.bitmap_index = 11322, .adv_w = 159, .box_w = 10, .box_h = 15, .ofs_x = 0, .ofs_y = 0},
    {.bitmap_index = 11385, .adv_w = 125, .box_w = 8, .box_h = 12, .ofs_x = 0, .ofs_y = 0},
    {.bitmap_index = 11431, .adv_w = 159, .box_w = 10, .box_h = 15, .ofs_x = 0, .ofs_y = 0},
    {.bitmap_index = 11495, .adv_w = 125, .box_w = 8, .box_h = 13, .ofs_x = 0, .ofs_y = 0},
    {.bitmap_index = 11544, .adv_w = 159, .box_w = 10, .box_h = 15, .ofs_x = 0, .ofs_y = 0},
    {.bitmap_index = 11608, .adv_w = 125, .box_w = 8, .box_h = 12, .ofs_x = 0, .ofs_y = 0},
    {.bitmap_index = 11654, .adv_w = 159, .box_w = 10, .box_h = 16, .ofs_x = 0, .ofs_y = -3},
    {.bitmap_index = 11721, .adv_w = 125, .box_w = 8, .box_h = 13, .ofs_x = 0, .ofs_y = -3},
    {.bitmap_index = 11768, .adv_w = 159, .box_w = 10, .box_h = 13, .ofs_x = 0, .ofs_y = 0},
    {.bitmap_index = 11825, .adv_w = 125, .box_w = 8, .box_h = 11, .ofs_x = 0, .ofs_y = 0},
    {.bitmap_index = 11866, .adv_w = 159, .box_w = 10, .box_h = 13, .ofs_x = 0, .ofs_y = 0},
    {.bitmap_index = 11924, .adv_w = 125, .box_w = 8, .box_h = 11, .ofs_x = 0, .ofs_y = 0},
    {.bitmap_index = 11966, .adv_w = 159, .box_w = 10, .box_h = 14, .ofs_x = 0, .ofs_y = 0},
    {.bitmap_index = 12027, .adv_w = 125, .box_w = 8, .box_h = 11, .ofs_x = 0, .ofs_y = 0},
    {.bitmap_index = 12069, .adv_w = 159, .box_w = 10, .box_h = 13, .ofs_x = 0, .ofs_y = 0},
    {.bitmap_index = 12127, .adv_w = 125, .box_w = 8, .box_h = 10, .ofs_x = 0, .ofs_y = 0},
    {.bitmap_index = 12167, .adv_w = 159, .box_w = 10, .box_h = 15, .ofs_x = 0, .ofs_y = -3},
    {.bitmap_index = 12229, .adv_w = 125, .box_w = 8, .box_h = 12, .ofs_x = 0, .ofs_y = -3},
    {.bitmap_index = 12272, .adv_w = 143, .box_w = 7, .box_h = 13, .ofs_x = 1, .ofs_y = -3},
    {.bitmap_index = 12299, .adv_w = 113, .box_w = 6, .box_h = 10, .ofs_x = 1, .ofs_y = -3},
    {.bitmap_index = 12323, .adv_w = 143, .box_w = 7, .box_h = 14, .ofs_x = 1, .ofs_y = 0},
    {.bitmap_index = 12352, .adv_w = 113, .box_w = 6, .box_h = 11, .ofs_x = 1, .ofs_y = 0},
    {.bitmap_index = 12377, .adv_w = 143, .box_w = 9, .box_h = 13, .ofs_x = 1, .ofs_y = 0},
    {.bitmap_index = 12412, .adv_w = 113, .box_w = 7, .box_h = 11, .ofs_x = 1, .ofs_y = 0},
    {.bitmap_index = 12442, .adv_w = 143, .box_w = 9, .box_h = 13, .ofs_x = 1, .ofs_y = 0},
    {.bitmap_index = 12476, .adv_w = 113, .box_w = 7, .box_h = 11, .ofs_x = 1, .ofs_y = 0},
    {.bitmap_index = 12506, .adv_w = 143, .box_w = 9, .box_h = 14, .ofs_x = 1, .ofs_y = 0},
    {.bitmap_index = 12545, .adv_w = 113, .box_w = 7, .box_h = 11, .ofs_x = 1, .ofs_y = 0},
    {.bitmap_index = 12575, .adv_w = 143, .box_w = 9, .box_h = 13, .ofs_x = 1, .ofs_y = 0},
    {.bitmap_index = 12612, .adv_w = 113, .box_w = 7, .box_h = 10, .ofs_x = 1, .ofs_y = 0},
    {.bitmap_index = 12641, .adv_w = 143, .box_w = 9, .box_h = 14, .ofs_x = 1, .ofs_y = -3},
    {.bitmap_index = 12678, .adv_w = 113, .box_w = 7, .box_h = 12, .ofs_x = 1, .ofs_y = -3},
    {.bitmap_index = 12711, .adv_w = 128, .box_w = 8, .box_h = 13, .ofs_x = 0, .ofs_y = 0},
    {.bitmap_index = 12753, .adv_w = 112, .box_w = 7, .box_h = 13, .ofs_x = 0, .ofs_y = -3},
    {.bitmap_index = 12796, .adv_w = 128, .box_w = 8, .box_h = 13, .ofs_x = 0, .ofs_y = -3},
    {.bitmap_index = 12836, .adv_w = 112, .box_w = 7, .box_h = 11, .ofs_x = 0, .ofs_y = -4},
    {.bitmap_index = 12874, .adv_w = 128, .box_w = 8, .box_h = 13, .ofs_x = 0, .ofs_y = 0},
    {.bitmap_index = 12917, .adv_w = 112, .box_w = 7, .box_h = 13, .ofs_x = 0, .ofs_y = -3},
    {.bitmap_index = 12961, .adv_w = 128, .box_w = 8, .box_h = 12, .ofs_x = 0, .ofs_y = 0},
    {.bitmap_index = 13001, .adv_w = 112, .box_w = 7, .box_h = 13, .ofs_x = 0, .ofs_y = -3},
    {.bitmap_index = 13046, .adv_w = 131, .box_w = 6, .box_h = 2, .ofs_x = 1, .ofs_y = 3},
    {.bitmap_index = 13051, .adv_w = 167, .box_w = 8, .box_h = 2, .ofs_x = 1, .ofs_y = 3},
    {.bitmap_index = 13056, .adv_w = 55, .box_w = 3, .box_h = 3, .ofs_x = 0, .ofs_y = 7},
    {.bitmap_index = 13061, .adv_w = 42, .box_w = 3, .box_h = 3, .ofs_x = 0, .ofs_y = 7},
    {.bitmap_index = 13066, .adv_w = 56, .box_w = 3, .box_h = 3, .ofs_x = 0, .ofs_y = -2},
    {.bitmap_index = 13071, .adv_w = 71, .box_w = 5, .box_h = 3, .ofs_x = -1, .ofs_y = 7},
    {.bitmap_index = 13079, .adv_w = 78, .box_w = 5, .box_h = 3, .ofs_x = 0, .ofs_y = 7},
    {.bitmap_index = 13087, .adv_w = 106, .box_w = 5, .box_h = 5, .ofs_x = 1, .ofs_y = 2},
    {.bitmap_index = 13099, .adv_w = 139, .box_w = 9, .box_h = 2, .ofs_x = 0, .ofs_y = 0},
    {.bitmap_index = 13109, .adv_w = 113, .box_w = 7, .box_h = 10, .ofs_x = 0, .ofs_y = 0}
};

/*---------------------
 *  CHARACTER MAPPING
 *--------------------*/

static const uint8_t glyph_id_ofs_list_2[] = {
    0, 1, 2, 3, 4, 5, 6, 7,
    8, 9, 0, 0, 10, 11, 12, 13,
    14, 15, 0, 0, 16, 17, 18, 19,
    0, 0, 0, 0, 20, 21, 22, 23,
    24, 25, 0, 0, 26, 27, 28, 29,
    0, 0, 0, 0, 0, 0, 0, 30,
    31, 0, 0, 32, 33, 0, 0, 34,
    35, 36, 37, 0, 0, 38, 39, 0,
    0, 0, 40, 41, 0, 0, 42, 43,
    44, 45, 46, 47, 0, 0, 48, 49,
    50, 51, 0, 0, 52, 53, 54, 55,
    56, 57, 58, 59, 60, 61, 62, 63,
    64, 65
};

static const uint16_t unicode_list_4[] = {
    0x0, 0x1, 0xf, 0x10, 0x46, 0x47, 0x1c80, 0x1c81,
    0x1ce0, 0x1ce1, 0x1ce2, 0x1ce3, 0x1ce4, 0x1ce5, 0x1cfe
};

static const uint16_t unicode_list_6[] = {
    0x0, 0x1, 0x5, 0x6, 0x7, 0x9, 0xa, 0xf,
    0x13, 0x98
};

/*Collect the unicode lists and glyph_id offsets*/
static const lv_font_fmt_txt_cmap_t cmaps[] =
{
    {
        .range_start = 32, .range_length = 95, .glyph_id_start = 1,
        .unicode_list = NULL, .glyph_id_ofs_list = NULL, .list_length = 0, .type = LV_FONT_FMT_TXT_CMAP_FORMAT0_TINY
    },
    {
        .range_start = 160, .range_length = 104, .glyph_id_start = 96,
        .unicode_list = NULL, .glyph_id_ofs_list = NULL, .list_length = 0, .type = LV_FONT_FMT_TXT_CMAP_FORMAT0_TINY
    },
    {
        .range_start = 266, .range_length = 98, .glyph_id_start = 200,
        .unicode_list = NULL, .glyph_id_ofs_list = glyph_id_ofs_list_2, .list_length = 98, .type = LV_FONT_FMT_TXT_CMAP_FORMAT0_FULL
    },
    {
        .range_start = 366, .range_length = 17, .glyph_id_start = 266,
        .unicode_list = NULL, .glyph_id_ofs_list = NULL, .list_length = 0, .type = LV_FONT_FMT_TXT_CMAP_FORMAT0_TINY
    },
    {
        .range_start = 416, .range_length = 7423, .glyph_id_start = 283,
        .unicode_list = unicode_list_4, .glyph_id_ofs_list = NULL, .list_length = 15, .type = LV_FONT_FMT_TXT_CMAP_SPARSE_TINY
    },
    {
        .range_start = 7840, .range_length = 90, .glyph_id_start = 298,
        .unicode_list = NULL, .glyph_id_ofs_list = NULL, .list_length = 0, .type = LV_FONT_FMT_TXT_CMAP_FORMAT0_TINY
    },
    {
        .range_start = 8211, .range_length = 153, .glyph_id_start = 388,
        .unicode_list = unicode_list_6, .glyph_id_ofs_list = NULL, .list_length = 10, .type = LV_FONT_FMT_TXT_CMAP_SPARSE_TINY
    }
};

/*-----------------
 *    KERNING
 *----------------*/


/*Map glyph_ids to kern left classes*/
static const uint8_t kern_left_class_mapping[] =
{
    0, 0, 0, 1, 2, 3, 4, 0,
    1, 0, 4, 0, 0, 5, 0, 5,
    6, 4, 0, 7, 8, 9, 10, 11,
    12, 13, 14, 0, 0, 0, 0, 15,
    0, 0, 16, 8, 17, 4, 18, 19,
    0, 20, 20, 21, 22, 23, 20, 20,
    4, 24, 0, 25, 3, 26, 21, 27,
    27, 28, 29, 30, 0, 31, 0, 0,
    0, 0, 32, 33, 34, 20, 33, 35,
    36, 37, 0, 38, 39, 20, 37, 37,
    33, 33, 40, 41, 42, 43, 44, 45,
    45, 46, 47, 48, 0, 0, 0, 0,
    0, 0, 0, 3, 0, 29, 0, 3,
    0, 0, 0, 0, 0, 0, 0, 0,
    0, 0, 0, 0, 0, 49, 0, 0,
    0, 0, 0, 0, 0, 0, 0, 0,
    16, 16, 16, 16, 16, 16, 18, 4,
    18, 18, 18, 18, 20, 20, 20, 20,
    4, 20, 4, 4, 4, 4, 4, 0,
    4, 21, 21, 21, 21, 29, 0, 8,
    32, 32, 32, 32, 32, 32, 33, 50,
    33, 33, 33, 33, 0, 0, 0, 0,
    51, 37, 33, 33, 33, 33, 33, 0,
    0, 44, 44, 44, 44, 47, 33, 47,
    16, 32, 16, 32, 16, 32, 4, 50,
    4, 50, 4, 50, 4, 0, 4, 51,
    18, 33, 18, 33, 18, 33, 18, 33,
    0, 36, 0, 36, 0, 37, 20, 0,
    20, 0, 20, 0, 20, 0, 23, 20,
    23, 0, 23, 0, 20, 37, 20, 37,
    4, 0, 4, 0, 18, 33, 25, 41,
    25, 41, 3, 42, 3, 42, 3, 42,
    26, 49, 26, 49, 26, 49, 21, 44,
    21, 44, 21, 44, 21, 44, 21, 44,
    27, 45, 29, 47, 29, 30, 48, 30,
    48, 30, 48, 4, 0, 52, 53, 0,
    36, 0, 36, 27, 45, 27, 45, 27,
    45, 8, 16, 32, 16, 32, 16, 32,
    16, 32, 16, 32, 16, 32, 16, 32,
    16, 32, 16, 32, 16, 32, 16, 32,
    16, 32, 18, 33, 18, 33, 18, 33,
    18, 33, 18, 33, 18, 33, 18, 33,
    18, 33, 20, 0, 20, 0, 4, 33,
    4, 33, 4, 33, 4, 33, 4, 33,
    4, 33, 4, 33, 4, 0, 4, 0,
    4, 0, 4, 0, 4, 0, 21, 44,
    21, 44, 52, 53, 52, 53, 52, 53,
    52, 53, 52, 53, 29, 47, 29, 47,
    29, 47, 29, 47, 0, 0, 0, 54,
    0, 0, 0, 0, 0, 0
};

/*Map glyph_ids to kern right classes*/
static const uint8_t kern_right_class_mapping[] =
{
    0, 0, 1, 2, 3, 4, 5, 0,
    6, 5, 7, 8, 0, 9, 0, 9,
    10, 5, 11, 12, 13, 14, 15, 16,
    17, 18, 19, 0, 0, 0, 0, 20,
    21, 0, 22, 23, 5, 24, 23, 23,
    5, 23, 23, 25, 23, 23, 23, 23,
    5, 23, 5, 23, 4, 26, 27, 28,
    28, 29, 30, 31, 0, 32, 0, 0,
    0, 0, 16, 23, 16, 16, 16, 33,
    16, 23, 34, 35, 23, 23, 36, 36,
    16, 36, 16, 37, 38, 39, 40, 41,
    41, 42, 43, 44, 0, 0, 45, 0,
    0, 0, 0, 4, 0, 30, 0, 4,
    0, 0, 0, 0, 0, 0, 0, 0,
    0, 0, 0, 0, 0, 40, 0, 0,
    0, 0, 0, 0, 0, 0, 0, 0,
    22, 22, 22, 22, 22, 22, 22, 5,
    23, 23, 23, 23, 23, 23, 23, 23,
    0, 23, 5, 5, 5, 5, 5, 0,
    5, 27, 27, 27, 27, 30, 23, 23,
    16, 16, 16, 16, 16, 16, 46, 16,
    16, 16, 16, 16, 47, 34, 34, 34,
    16, 34, 16, 16, 16, 16, 16, 0,
    0, 40, 40, 40, 40, 43, 23, 43,
    22, 16, 22, 16, 22, 16, 5, 16,
    5, 16, 5, 16, 24, 16, 0, 16,
    23, 16, 23, 16, 23, 16, 23, 16,
    5, 16, 5, 16, 0, 0, 23, 48,
    23, 34, 23, 34, 23, 34, 23, 23,
    23, 23, 0, 0, 23, 34, 23, 34,
    5, 0, 5, 0, 5, 16, 23, 37,
    23, 37, 4, 38, 4, 38, 4, 38,
    26, 39, 26, 39, 26, 39, 27, 40,
    27, 40, 27, 40, 27, 40, 27, 40,
    28, 41, 30, 43, 30, 49, 44, 49,
    44, 49, 44, 5, 16, 27, 40, 5,
    16, 5, 16, 28, 41, 28, 41, 28,
    41, 23, 22, 16, 22, 16, 22, 16,
    22, 16, 22, 16, 22, 16, 22, 16,
    22, 16, 22, 16, 22, 16, 22, 16,
    22, 16, 23, 16, 23, 16, 23, 16,
    23, 16, 23, 16, 23, 16, 23, 16,
    23, 16, 23, 34, 23, 34, 5, 16,
    5, 16, 5, 16, 5, 16, 5, 16,
    5, 16, 5, 16, 5, 16, 5, 16,
    5, 16, 5, 16, 5, 16, 27, 40,
    27, 40, 27, 40, 27, 40, 27, 40,
    27, 40, 27, 40, 30, 43, 30, 43,
    30, 43, 30, 43, 0, 0, 0, 0,
    0, 0, 0, 0, 0, 0
};

/*Kern values between classes*/
static const int8_t kern_class_values[] =
{
    0, 0, 0, 0, 0, 0, 0, 0,
    0, 0, 0, 0, 0, 0, 0, 0,
    6, 0, 0, 0, 0, -8, 0, 0,
    0, 0, 0, 0, 0, 10, 0, 0,
    0, 0, 0, 0, 0, 0, 0, 0,
    0, 0, 0, 0, 0, 0, 0, 0,
    0, 0, 0, 0, 0, 0, 0, 0,
    0, 0, 0, 0, 0, 0, 0, 0,
    0, 0, 0, 0, 0, 0, -12, 0,
    0, 0, 0, 0, 0, 0, 0, 0,
    0, 0, 0, 0, 0, 0, 0, 0,
    0, 0, 0, 0, 0, 0, 0, 0,
    0, 0, 0, 0, 0, 0, 3, 0,
    0, 0, 0, 0, 0, 0, 0, 0,
    0, 0, 0, 0, 0, 0, 0, -4,
    0, 0, 0, -4, 0, -2, 0, -4,
    0, 0, 0, 0, 0, 0, 0, 0,
    0, 0, 0, -1, -1, 0, 0, 0,
    0, 0, 0, 0, 0, 0, 0, 0,
    0, 0, 0, 0, 0, 0, 0, 0,
    0, 0, 0, -2, 0, 0, 0, 0,
    -8, 0, 0, -8, -13, 0, -4, -6,
    -10, 0, 0, 0, 0, -9, 0, 0,
    0, 0, 0, 0, 0, 0, 0, 0,
    0, 0, 0, 0, 0, 0, 0, 0,
    0, 0, 0, 0, -4, 0, 0, 0,
    0, 0, 0, 0, 0, 0, 0, 6,
    0, 0, 0, 0, 0, -17, 0, 0,
    0, 0, 0, 0, 0, 0, 0, 0,
    0, 0, 0, 0, 0, 0, 0, 0,
    0, 0, 0, 0, 0, 0, 0, 0,
    0, 0, 0, 0, 0, 0, -25, 0,
    -10, -10, -12, 0, -12, 15, -8, 0,
    0, 0, 0, 0, 0, 0, 8, 0,
    10, 0, 12, 0, 0, 0, 0, 0,
    0, 0, 0, 0, 0, 0, 0, 0,
    0, 0, 0, 0, 0, 0, 0, 0,
    0, 0, 0, 0, 0, 0, 0, 0,
    0, 0, 0, -6, 0, 0, -2, 0,
    0, 0, 0, 0, 0, 0, 0, 0,
    0, 0, 0, 0, 0, 0, 0, 0,
    0, 0, 0, 0, 0, 0, 0, 0,
    0, 0, 0, 0, 0, 0, 0, 0,
    0, 0, 0, -2, 0, 0, 0, 0,
    -2, 0, 0, 0, 0, 0, 0, 0,
    0, 0, 0, 0, 0, 0, 0, 0,
    -8, 0, -6, -4, -8, 0, 0, 0,
    0, -12, 0, 0, 0, 0, 0, 0,
    -3, -2, 0, 0, 0, 0, 0, 0,
    0, 0, 0, 0, 0, 0, 0, 0,
    0, 0, 0, -4, 0, 0, 0, 0,
    -8, 4, 0, 0, 0, -4, 4, 0,
    0, -15, 0, -10, -8, -10, 0, 0,
    0, 0, 0, 0, 0, 0, 0, 0,
    0, 0, 0, 0, 0, 0, 0, 0,
    0, 0, 0, 0, 0, 0, 0, 0,
    0, 0, 0, 0, 0, 0, 0, 0,
    0, 0, 0, -4, 0, 0, 0, 0,
    0, 0, 0, 0, 0, 0, 0, 0,
    0, 0, 0, 0, 0, 0, 0, 0,
    0, 0, 0, 0, 0, 0, 0, 0,
    0, 0, 0, 0, 0, 0, 0, 0,
    0, 0, 0, 0, 0, 0, 0, 0,
    0, 0, -6, 0, -4, 0, 0, 0,
    0, 0, 0, 0, 0, 0, 0, 0,
    0, 0, 0, 0, 0, 0, 0, 0,
    0, 0, 0, 0, 0, 0, 0, 0,
    0, 0, 0, 0, 0, 0, 0, -10,
    0, 0, 0, 0, -8, 4, -4, -6,
    -15, 0, -10, 2, 0, 2, 0, 0,
    -13, 0, 5, -19, 4, 0, 0, 0,
    6, 0, 0, 0, -10, 0, 0, -10,
    -10, 0, -10, -10, -10, -10, -10, 0,
    -10, -10, -10, 0, 0, 0, 0, 0,
    0, 0, 0, 0, 0, 0, 0, 0,
    0, 0, 0, 0, -2, 0, 0, 0,
    0, 0, 0, 0, 0, 0, 0, 0,
    0, 0, 0, 0, 0, 0, 0, 0,
    0, 0, 0, 0, 0, 0, 0, 0,
    0, 0, 0, 0, 0, 0, 0, 0,
    0, 0, 0, 0, 0, 0, 0, 0,
    0, 0, 0, 0, 0, 4, 0, 0,
    0, 0, -10, 0, 4, 0, 0, 0,
    0, 0, 0, 0, 0, 0, 0, 0,
    0, 0, 0, 0, 0, 0, 0, 0,
    0, 0, 0, 0, 0, 0, 0, 0,
    0, 0, 0, 0, 0, 0, -8, 0,
    0, 0, 0, 0, 0, 0, 0, 0,
    0, 0, 0, 0, 0, 0, -17, 0,
    0, 0, 0, 0, 0, 0, 0, 0,
    0, 0, 0, 0, 0, 0, 0, 0,
    0, 0, 0, 0, 0, 0, 0, 0,
    -8, -4, -4, -8, -8, 0, 0, 0,
    0, 0, 0, 0, 0, 0, -4, 0,
    0, 0, 0, 0, 0, 0, 0, 0,
    -17, 0, -17, 0, -15, 0, 0, -8,
    0, 0, 0, 0, 0, -2, -4, -12,
    0, -12, 0, 0, -2, 0, 0, 0,
    0, 0, 0, 0, 0, 0, 0, 0,
    0, 0, 0, 0, 0, 0, 0, 0,
    -2, 0, 0, 0, 0, -8, 0, 0,
    -8, -13, 0, 0, -6, -10, 0, 0,
    0, 0, -9, 0, 0, 0, 0, 0,
    0, 0, 0, 0, 0, 0, 0, 0,
    0, 0, 0, 0, -2, 0, 0, 0,
    0, 0, 0, 0, 0, 0, 0, 0,
    -2, 0, 0, 0, 0, 0, 0, 0,
    0, 0, 0, 0, 0, 0, 0, 0,
    0, 0, 0, 0, 0, 0, 0, 0,
    0, 0, 0, 0, 0, 0, 0, 0,
    0, 0, 0, 0, 0, 0, -4, 0,
    0, 0, 0, 0, 0, -8, 0, -12,
    0, -10, 0, 0, 0, 0, 0, -15,
    0, 0, -21, 0, 0, 0, 0, 0,
    0, 0, 0, 0, 0, 0, -10, 0,
    0, 0, 0, 0, 0, -10, 0, -10,
    0, 0, 0, 0, 0, 0, 0, 0,
    0, 0, 0, 0, 0, 0, 2, 8,
    8, 0, 0, 0, 4, 6, 0, 0,
    0, 0, 0, 0, 0, 0, 0, 0,
    0, 0, 0, 0, 0, -4, 0, 0,
    0, 0, 0, 0, 0, 0, 0, 0,
    0, 0, 0, 0, 0, 0, 0, 0,
    0, 0, 0, 0, 0, 0, 0, 0,
    0, 0, 0, 0, 0, 0, 0, 0,
    0, -3, 0, 0, 0, 0, 0, 4,
    0, 6, 0, 0, 0, 0, 0, 0,
    0, 0, 0, 0, 0, 0, 0, 0,
    0, 0, 0, 0, 0, 0, 0, 0,
    -6, -12, 0, 0, 0, 0, 0, 0,
    0, 0, -12, 0, -10, 0, 0, 0,
    0, 0, 0, 0, 0, 0, 0, 0,
    0, 0, 0, 0, 0, 0, 0, 0,
    0, 0, 0, -8, -10, -13, 0, -13,
    0, 0, -8, 0, 0, 0, 0, 0,
    0, 0, -13, 0, 0, 0, 0, 0,
    0, 0, 0, -17, 0, -8, 0, 0,
    0, 0, 0, 0, 0, 0, 0, -31,
    0, -23, 0, -29, 0, 0, 0, 0,
    0, 0, 0, 0, 0, -6, -13, 0,
    -12, 0, 0, 0, 0, 0, 0, 0,
    0, 0, 0, 0, 0, 0, 0, 0,
    0, 0, 0, 0, 0, 0, -4, 0,
    0, 0, 0, 0, -13, 0, 0, -17,
    -6, 0, 0, 0, 0, 0, 0, 0,
    0, -2, 0, 0, 0, 0, 0, 0,
    0, 0, 0, 0, 0, 0, 0, 0,
    0, 0, 0, -2, -4, 0, 0, 0,
    0, 0, 0, 0, 0, -10, 0, -10,
    -6, 0, 0, 0, 0, 0, 0, 0,
    0, -6, -6, -6, 0, -8, 0, 0,
    0, 0, 0, 0, 0, 0, 0, -10,
    -6, 0, -6, 0, 0, 0, 0, 0,
    0, 0, 0, 0, -4, -13, 0, 0,
    0, -17, -10, 0, 0, 0, -21, 0,
    -17, 4, 0, 0, 0, 0, -15, 0,
    -2, -25, 0, 0, 0, 0, 2, 0,
    0, 0, 0, 0, -12, -13, 0, 0,
    -19, -21, -15, -17, -15, 0, -17, 0,
    6, 0, 0, 0, 0, 0, -4, 0,
    0, 0, 0, -21, 0, 0, 0, -13,
    0, -9, 0, 0, 0, 0, 0, -17,
    0, 0, -21, 0, 0, 4, 0, 4,
    0, 0, 0, 0, 0, -6, 0, -10,
    0, -8, 0, 0, -4, 0, 0, -12,
    10, 0, 0, 0, 0, 0, 0, -6,
    0, 0, 0, 0, 0, 0, 0, 0,
    -8, 0, -8, 0, 0, 0, 0, 0,
    0, 0, 0, 0, 0, 0, 0, 0,
    0, 0, 0, 0, 0, 0, 0, 0,
    0, 0, -6, 0, 0, -12, 0, 0,
    0, 0, 0, 0, 0, 0, 0, -4,
    -10, 0, 0, 0, 0, -17, 0, 0,
    0, -19, 0, -19, 0, 0, -8, 0,
    0, -15, 0, 0, -21, 2, 0, 4,
    0, 0, 0, 0, 0, 0, -2, -13,
    0, 0, 0, -15, -10, 0, 0, 0,
    0, -17, 0, 0, 0, 0, 0, 0,
    0, 0, 0, 0, 0, 0, 0, 0,
    0, 0, 0, 0, 0, 0, 0, 0,
    0, 0, 0, 0, 0, 0, 0, 0,
    0, 0, 0, 0, 0, 0, 0, 0,
    0, 0, 0, 0, -6, 0, 0, 0,
    0, 0, 0, 0, 0, 0, 0, 0,
    0, 0, 0, 0, 0, 0, 0, 0,
    0, 0, 0, 0, 0, 0, 0, 0,
    0, 0, 0, 0, 0, 0, 0, 0,
    0, 0, 0, 0, 0, -25, 0, 0,
    0, 0, 0, 0, 0, 0, 0, 0,
    0, 0, 0, 0, 0, 0, 0, 0,
    0, 0, 0, 0, 0, 0, 0, 0,
    0, 0, 0, 0, 0, 0, 0, 0,
    0, 0, 0, 0, 0, 0, 0, 0,
    -15, 0, -6, 0, -8, 0, 0, -2,
    0, 0, 0, 0, 0, -4, 0, -4,
    0, -3, 0, 0, 0, 0, 0, 0,
    0, 0, 0, 0, 0, 0, 0, 0,
    0, 0, 0, 0, 0, 0, 0, -1,
    -8, 0, 0, 0, 0, -4, 0, 0,
    0, -17, 0, -7, -8, -15, 0, 0,
    0, 0, -4, 0, 0, 0, -2, 0,
    -4, -6, -7, 0, 0, -2, 0, 0,
    0, 0, 0, 0, 0, 0, 0, 0,
    0, 0, 0, 0, 0, 0, 0, 0,
    0, 0, 0, 0, 0, 0, 0, 0,
    0, 0, -17, 0, 0, 0, -17, 0,
    0, 0, 0, -12, 0, 0, 0, 0,
    0, -4, 0, -6, 0, 0, -4, 0,
    0, 0, 0, 0, 0, 0, 0, 0,
    0, 0, 0, 0, 0, 0, 0, 0,
    0, -6, 0, 0, 0, 0, 0, 0,
    0, 0, 0, 0, 0, 0, 0, 0,
    0, 0, 0, 0, 0, 0, 0, 0,
    0, 0, 0, 0, 0, 0, 0, -8,
    0, 0, 0, 0, 0, 0, 0, 0,
    0, 0, 0, 0, 0, 0, 0, 0,
    0, 0, -4, 0, 0, 0, 0, 0,
    0, 0, 0, 0, 0, 0, 0, 0,
    -13, 0, 0, 0, 0, 6, 0, 0,
    0, 0, 0, 0, 0, 0, 0, 0,
    0, 0, 0, 0, 0, 0, 0, 0,
    0, 0, 0, 0, 0, 0, 0, 0,
    0, 0, 0, 0, -12, 0, 0, 0,
    0, 0, 0, 0, 0, -17, 0, 0,
    0, -13, 0, 0, 0, 0, -2, 0,
    0, 0, -4, 0, -4, 0, -6, 0,
    0, 0, 0, 0, 0, 0, 0, 0,
    0, 0, 0, 0, 0, 0, 0, 0,
    0, 0, 0, 0, -4, 0, 0, 0,
    0, 0, 0, 0, 0, 0, 0, 0,
    0, 0, -6, 0, 0, 0, 0, 6,
    0, 0, 0, 0, 0, 0, 0, 0,
    0, 0, 0, 0, 0, 0, 0, 0,
    0, 0, 0, 0, 0, 0, 0, 0,
    0, 0, 0, 0, 0, -9, 0, 0,
    0, 0, 0, -2, 0, 0, 0, -6,
    0, -4, 0, -13, 0, 0, 0, 0,
    0, 0, 0, -4, 0, 0, 0, 0,
    0, 0, 0, -5, 0, 0, 0, 0,
    0, 0, 0, 0, 0, 0, 0, 0,
    0, 0, 0, 0, 0, 0, 0, 0,
    0, 0, 0, 0, 0, 0, 0, 0,
    0, 0, 0, 0, -13, 0, 0, 0,
    0, 0, 0, 0, 0, 0, 0, 0,
    0, 0, 0, 0, 0, 0, 0, 0,
    0, 0, 0, 0, 0, 0, 0, 0,
    0, 0, 0, 0, 0, 0, 0, -8,
    0, 0, 0, 0, 0, 0, 0, 0,
    -12, -8, 0, 0, 0, -4, 0, 0,
    2, 4, 0, 0, 0, 0, 0, 0,
    0, 8, 0, 0, 0, -6, 4, 4,
    0, 0, 0, 0, 0, 0, 0, 0,
    0, 0, 0, 0, 0, 0, 0, 0,
    -2, 0, 0, 0, 0, 0, 0, 0,
    0, 0, 0, 0, 0, 0, -15, 0,
    0, 0, 0, 0, 0, 0, 0, -2,
    0, -4, 0, -4, 0, 0, 0, 0,
    0, 0, 0, 0, 0, 0, -2, 0,
    0, 0, 0, 0, 0, 0, 0, 0,
    0, -4, 0, 0, 0, 0, 0, 0,
    0, 2, 0, 0, 0, 0, 0, -15,
    0, 0, -8, 0, 0, 0, 0, 0,
    -2, 0, 0, 0, -2, 0, 0, 0,
    0, 0, 0, 0, 0, 0, 0, 0,
    0, 0, 0, 0, 0, 0, 0, 0,
    0, 0, 0, 0, 0, 0, 0, 0,
    0, 0, 0, 0, 0, 0, 0, 0,
    -10, 0, 0, 0, 0, 0, 0, 0,
    0, 0, 0, 2, 0, 0, 0, 0,
    0, 0, 0, 0, 0, 0, 0, 0,
    0, 0, 0, 0, 0, 0, 0, 0,
    0, 0, 0, -4, 0, 0, 0, 0,
    0, 0, 0, 0, -10, 0, 0, 0,
    0, -12, 0, 0, 0, 0, 0, 0,
    0, -2, 2, 0, 6, 4, 0, -6,
    0, -5, 0, 0, 0, 0, 0, 0,
    0, 0, 0, 0, 0, 0, 0, 0,
    0, 0, 0, 0, -6, 0, 0, 0,
    0, 0, 0, 0, 0, 0, -15, 0,
    0, 0, -8, 0, 0, 0, 0, 0,
    0, 0, 0, 0, 0, 0, 0, 0,
    0, 0, -4, 0, 0, 0, 0, 0,
    0, 0, 0, 0, 0, 0, 0, 0,
    0, 0, 0, 0, 0, -7, 0, 0,
    0, 0, 0, 0, 0, 0, 0, 0,
    0, 0, 0, 0, 0, 0, 0, 0,
    0, 0, 0, -2, 4, 0, 0, 0,
    0, 0, 0, 0, 0, 0, 0, 0,
    0, 0, 0, 0, 0, 0, 0, 0,
    0, 0, 0, 0, 0, 0, -2, 0,
    0, 0, 0, 0, 0, 0, 0, 0,
    0, 0, 0, 0, -10, 0, 0, 0,
    0, 6, 0, 0, 0, 0, 0, 6,
    0, 0, 0, 0, 0, 0, 0, 0,
    0, 0, 0, 0, -2, 0, 0, 0,
    0, 0, 0, 0, 0, 0, 0, -4,
    0, 0, 0, 0, 0, 0, 0, 0,
    0, 0, 0, 0, 0, -15, 0, 0,
    -8, 0, 0, 0, 0, 0, -2, 0,
    0, 0, -6, 0, 0, 0, 0, 0,
    0, 0, 0, 0, 0, 0, 0, 0,
    0, 0, 0, 0, 0, 0, 0, 0,
    0, 0, 0, 0, 0, 0, 0, 0,
    0, 0, -17, 0, 0, 0, -17, 0,
    0, 0, 0, -12, 0, 0, 0, 0,
    0, -4, 0, 0, 0, 0, -4, 0,
    0, 0, 0, 0, 0, 0, 0, 0,
    0, 4, 0, 0, 0, 0, 0, 0,
    0, 4, 0, 0, 0, 0, 0, 0,
    8, 0, 0, 0, 0, 6, 0, 0,
    0, 0, 2, 8, 0, 0, 0, 0,
    0, 0, 0, 0, 0, 0, 0, 0,
    4, 8, 0, 0, 13, 0, 0, 0,
    13, 6, 0, 0, 0, 0, 0, 0,
    0, 0, 0, 8, 0, 0, 0, 0,
    0, 8, 6, 0, 12, 6, 15, 12,
    13, 12, 0, 0, 10, 12, 0, 0,
    0, 10, 0, 0, 0, 0, 0, 8,
    0, 10, 10, 0, 15, 15, 0, 12,
    12, 17, 15, 12, 0, 0, 0, 0,
    0, 0, 8, 3, 0, 0, 0, 0,
    19, 0, 12, 8, 0, 12, 6, 10,
    0, 0, 10, 0, 10, 12, 0, 8,
    0, 4, 10, 6, 12, 14, 12, 15,
    0, 6, 12, 12, 10, 0, 0, 0,
    0, 0, 0, 0, 0, 0, 0, 0,
    0, 0, 0, 0, -6, 0, 0, 0,
    0, 0, 0, 0, 0, 0, 0, 0,
    0, 0, 0, 0, 0, 0, 0, 0,
    0, 0, -4, 0, 0, 0, 0, 0,
    0, 0, 0, 0, 0, 0
};


/*Collect the kern class' data in one place*/
static const lv_font_fmt_txt_kern_classes_t kern_classes =
{
    .class_pair_values   = kern_class_values,
    .left_class_mapping  = kern_left_class_mapping,
    .right_class_mapping = kern_right_class_mapping,
    .left_class_cnt      = 54,
    .right_class_cnt     = 49,
};

/*--------------------
 *  ALL CUSTOM DATA
 *--------------------*/

#if LVGL_VERSION_MAJOR == 8
/*Store all the custom data of the font*/
static  lv_font_fmt_txt_glyph_cache_t cache;
#endif

#if LVGL_VERSION_MAJOR >= 8
static const lv_font_fmt_txt_dsc_t font_dsc = {
#else
static lv_font_fmt_txt_dsc_t font_dsc = {
#endif
    .glyph_bitmap = glyph_bitmap,
    .glyph_dsc = glyph_dsc,
    .cmaps = cmaps,
    .kern_dsc = &kern_classes,
    .kern_scale = 16,
    .cmap_num = 7,
    .bpp = 4,
    .kern_classes = 1,
    .bitmap_format = 1,
#if LVGL_VERSION_MAJOR == 8
    .cache = &cache
#endif
};



/*-----------------
 *  PUBLIC FONT
 *----------------*/

/*Initialize a public general font descriptor*/
#if LVGL_VERSION_MAJOR >= 8
const lv_font_t ne_font_12 = {
#else
lv_font_t ne_font_12 = {
#endif
    .get_glyph_dsc = lv_font_get_glyph_dsc_fmt_txt,    /*Function pointer to get glyph's data*/
    .get_glyph_bitmap = lv_font_get_bitmap_fmt_txt,    /*Function pointer to get glyph's bitmap*/
    .line_height = 20,          /*The maximum line height required by the font*/
    .base_line = 4,             /*Baseline measured from the bottom of the line*/
#if !(LVGL_VERSION_MAJOR == 6 && LVGL_VERSION_MINOR == 0)
    .subpx = LV_FONT_SUBPX_NONE,
#endif
#if LV_VERSION_CHECK(7, 4, 0) || LVGL_VERSION_MAJOR >= 8
    .underline_position = -1,
    .underline_thickness = 1,
#endif
    .dsc = &font_dsc,          /*The custom font data. Will be accessed by `get_glyph_bitmap/dsc` */
#if LV_VERSION_CHECK(8, 2, 0) || LVGL_VERSION_MAJOR >= 9
    .fallback = NULL,
#endif
    .user_data = NULL,
};



#endif /*#if NE_FONT_12*/

